timestamp,lat,lon,dist,Name,MMSI,SOG
2025-11-22 09:00:00+00:00,55.426577,10.961105,8893.205729619529,ARC ENDEAVOR,366663000,11.1
2025-11-22 09:00:00+00:00,55.426577,10.961105,8893.205729619529,ARC ENDEAVOR,366663000,11.1
2025-11-22 09:00:00+00:00,55.426577,10.961105,8893.205729619529,ARC ENDEAVOR,366663000,11.1
2025-11-22 09:00:00+00:00,55.426577,10.961105,8893.205729619529,ARC ENDEAVOR,366663000,11.1
2025-11-22 09:00:00+00:00,55.426577,10.961105,8893.205729619529,ARC ENDEAVOR,366663000,11.1
2025-11-22 09:00:00+00:00,55.426577,10.961105,8893.205729619529,ARC ENDEAVOR,366663000,11.1
2025-11-22 09:00:01+00:00,55.385305,11.010622,4239.966797202178,STAVFJORD,259888000,11.4
2025-11-22 09:00:01+00:00,55.385305,11.010622,4239.966797202178,STAVFJORD,259888000,11.4
2025-11-22 09:00:01+00:00,55.385305,11.010622,4239.966797202178,STAVFJORD,259888000,11.4
2025-11-22 09:00:03+00:00,55.371042,11.030282,2495.3793275554995,TERN SEA,219814000,11.9
2025-11-22 09:00:03+00:00,55.371042,11.030282,2495.3793275554995,TERN SEA,219814000,11.9
2025-11-22 09:00:06+00:00,55.370888,11.03039,2477.1488142134144,TERN SEA,219814000,11.8
2025-11-22 09:00:06+00:00,55.370888,11.03039,2477.1488142134144,TERN SEA,219814000,11.8
2025-11-22 09:00:06+00:00,55.370888,11.03039,2477.1488142134144,TERN SEA,219814000,11.8
2025-11-22 09:00:06+00:00,55.370888,11.03039,2477.1488142134144,TERN SEA,219814000,11.8
2025-11-22 09:00:06+00:00,55.370888,11.03039,2477.1488142134144,TERN SEA,219814000,11.8
2025-11-22 09:00:06+00:00,55.252627,11.086347,11119.485213985034,RESOLUTE BAY,232005179,12.7
2025-11-22 09:00:06+00:00,55.252627,11.086347,11119.485213985034,RESOLUTE BAY,232005179,12.7
2025-11-22 09:00:06+00:00,55.252627,11.086347,11119.485213985034,RESOLUTE BAY,232005179,12.7
2025-11-22 09:00:06+00:00,55.252627,11.086347,11119.485213985034,RESOLUTE BAY,232005179,12.7
2025-11-22 09:00:06+00:00,55.252627,11.086347,11119.485213985034,RESOLUTE BAY,232005179,12.7
2025-11-22 09:00:09+00:00,55.384895,11.011062,4196.2468207161555,STAVFJORD,259888000,11.4
2025-11-22 09:00:09+00:00,55.384895,11.011062,4196.2468207161555,STAVFJORD,259888000,11.4
2025-11-22 09:00:09+00:00,55.384895,11.011062,4196.2468207161555,STAVFJORD,259888000,11.4
2025-11-22 09:00:09+00:00,55.384895,11.011062,4196.2468207161555,STAVFJORD,259888000,11.4
2025-11-22 09:00:09+00:00,55.384895,11.011062,4196.2468207161555,STAVFJORD,259888000,11.4
2025-11-22 09:00:09+00:00,55.370737,11.030492,2459.2792105326266,TERN SEA,219814000,11.8
2025-11-22 09:00:09+00:00,55.370737,11.030492,2459.2792105326266,TERN SEA,219814000,11.8
2025-11-22 09:00:09+00:00,55.370737,11.030492,2459.2792105326266,TERN SEA,219814000,11.8
2025-11-22 09:00:09+00:00,55.370737,11.030492,2459.2792105326266,TERN SEA,219814000,11.8
2025-11-22 09:00:09+00:00,55.370737,11.030492,2459.2792105326266,TERN SEA,219814000,11.8
2025-11-22 09:00:11+00:00,55.426063,10.96172,8834.187099799272,ARC ENDEAVOR,366663000,11.1
2025-11-22 09:00:11+00:00,55.426063,10.96172,8834.187099799272,ARC ENDEAVOR,366663000,11.1
2025-11-22 09:00:11+00:00,55.426063,10.96172,8834.187099799272,ARC ENDEAVOR,366663000,11.1
2025-11-22 09:00:11+00:00,55.426063,10.96172,8834.187099799272,ARC ENDEAVOR,366663000,11.1
2025-11-22 09:00:12+00:00,55.370583,11.030585,2441.223044071975,TERN SEA,219814000,11.7
2025-11-22 09:00:12+00:00,55.370583,11.030585,2441.223044071975,TERN SEA,219814000,11.7
2025-11-22 09:00:12+00:00,55.370583,11.030585,2441.223044071975,TERN SEA,219814000,11.7
2025-11-22 09:00:12+00:00,55.370583,11.030585,2441.223044071975,TERN SEA,219814000,11.7
2025-11-22 09:00:12+00:00,55.370583,11.030585,2441.223044071975,TERN SEA,219814000,11.7
2025-11-22 09:00:15+00:00,55.253113,11.085973,11061.852822745988,RESOLUTE BAY,232005179,12.7
2025-11-22 09:00:15+00:00,55.253113,11.085973,11061.852822745988,RESOLUTE BAY,232005179,12.7
2025-11-22 09:00:16+00:00,55.370378,11.030702,2417.2912184221914,TERN SEA,219814000,11.7
2025-11-22 09:00:16+00:00,55.370378,11.030702,2417.2912184221914,TERN SEA,219814000,11.7
2025-11-22 09:00:16+00:00,55.370378,11.030702,2417.2912184221914,TERN SEA,219814000,11.7
2025-11-22 09:00:18+00:00,55.370275,11.03076,2405.279230397261,TERN SEA,219814000,11.6
2025-11-22 09:00:18+00:00,55.370275,11.03076,2405.279230397261,TERN SEA,219814000,11.6
2025-11-22 09:00:18+00:00,55.370275,11.03076,2405.279230397261,TERN SEA,219814000,11.6
2025-11-22 09:00:18+00:00,55.370275,11.03076,2405.279230397261,TERN SEA,219814000,11.6
2025-11-22 09:00:18+00:00,55.370275,11.03076,2405.279230397261,TERN SEA,219814000,11.6
2025-11-22 09:00:20+00:00,55.384395,11.0116,4143.079819937822,STAVFJORD,259888000,11.4
2025-11-22 09:00:20+00:00,55.384395,11.0116,4143.079819937822,STAVFJORD,259888000,11.4
2025-11-22 09:00:20+00:00,55.384395,11.0116,4143.079819937822,STAVFJORD,259888000,11.4
2025-11-22 09:00:20+00:00,55.384395,11.0116,4143.079819937822,STAVFJORD,259888000,11.4
2025-11-22 09:00:20+00:00,55.384395,11.0116,4143.079819937822,STAVFJORD,259888000,11.4
2025-11-22 09:00:21+00:00,55.425638,10.962227,8785.504339045468,ARC ENDEAVOR,366663000,11.1
2025-11-22 09:00:21+00:00,55.425638,10.962227,8785.504339045468,ARC ENDEAVOR,366663000,11.1
2025-11-22 09:00:21+00:00,55.425638,10.962227,8785.504339045468,ARC ENDEAVOR,366663000,11.1
2025-11-22 09:00:21+00:00,55.425638,10.962227,8785.504339045468,ARC ENDEAVOR,366663000,11.1
2025-11-22 09:00:21+00:00,55.425638,10.962227,8785.504339045468,ARC ENDEAVOR,366663000,11.1
2025-11-22 09:00:21+00:00,55.425638,10.962227,8785.504339045468,ARC ENDEAVOR,366663000,11.1
2025-11-22 09:00:22+00:00,55.370068,11.030858,2381.417901183111,TERN SEA,219814000,11.5
2025-11-22 09:00:22+00:00,55.370068,11.030858,2381.417901183111,TERN SEA,219814000,11.5
2025-11-22 09:00:22+00:00,55.370068,11.030858,2381.417901183111,TERN SEA,219814000,11.5
2025-11-22 09:00:22+00:00,55.370068,11.030858,2381.417901183111,TERN SEA,219814000,11.5
2025-11-22 09:00:22+00:00,55.370068,11.030858,2381.417901183111,TERN SEA,219814000,11.5
2025-11-22 09:00:25+00:00,55.253652,11.085558,10997.951082176394,RESOLUTE BAY,232005179,12.7
2025-11-22 09:00:25+00:00,55.253652,11.085558,10997.951082176394,RESOLUTE BAY,232005179,12.7
2025-11-22 09:00:25+00:00,55.253652,11.085558,10997.951082176394,RESOLUTE BAY,232005179,12.7
2025-11-22 09:00:25+00:00,55.253652,11.085558,10997.951082176394,RESOLUTE BAY,232005179,12.7
2025-11-22 09:00:25+00:00,55.253652,11.085558,10997.951082176394,RESOLUTE BAY,232005179,12.7
2025-11-22 09:00:25+00:00,55.369915,11.030917,2363.9829968636386,TERN SEA,219814000,11.4
2025-11-22 09:00:25+00:00,55.369915,11.030917,2363.9829968636386,TERN SEA,219814000,11.4
2025-11-22 09:00:25+00:00,55.369915,11.030917,2363.9829968636386,TERN SEA,219814000,11.4
2025-11-22 09:00:29+00:00,55.383987,11.012045,4099.893034132227,STAVFJORD,259888000,11.5
2025-11-22 09:00:29+00:00,55.369712,11.030983,2341.035264782521,TERN SEA,219814000,11.3
2025-11-22 09:00:29+00:00,55.383987,11.012045,4099.893034132227,STAVFJORD,259888000,11.5
2025-11-22 09:00:29+00:00,55.369712,11.030983,2341.035264782521,TERN SEA,219814000,11.3
2025-11-22 09:00:29+00:00,55.369712,11.030983,2341.035264782521,TERN SEA,219814000,11.3
2025-11-22 09:00:29+00:00,55.369712,11.030983,2341.035264782521,TERN SEA,219814000,11.3
2025-11-22 09:00:31+00:00,55.425208,10.962732,8735.856033694947,ARC ENDEAVOR,366663000,11.1
2025-11-22 09:00:31+00:00,55.425208,10.962732,8735.856033694947,ARC ENDEAVOR,366663000,11.1
2025-11-22 09:00:31+00:00,55.425208,10.962732,8735.856033694947,ARC ENDEAVOR,366663000,11.1
2025-11-22 09:00:31+00:00,55.425208,10.962732,8735.856033694947,ARC ENDEAVOR,366663000,11.1
2025-11-22 09:00:31+00:00,55.425208,10.962732,8735.856033694947,ARC ENDEAVOR,366663000,11.1
2025-11-22 09:00:31+00:00,55.425208,10.962732,8735.856033694947,ARC ENDEAVOR,366663000,11.1
2025-11-22 09:00:33+00:00,55.369508,11.031042,2318.08578126021,TERN SEA,219814000,11.2
2025-11-22 09:00:33+00:00,55.369508,11.031042,2318.08578126021,TERN SEA,219814000,11.2
2025-11-22 09:00:33+00:00,55.369508,11.031042,2318.08578126021,TERN SEA,219814000,11.2
2025-11-22 09:00:33+00:00,55.369508,11.031042,2318.08578126021,TERN SEA,219814000,11.2
2025-11-22 09:00:35+00:00,55.369405,11.031068,2306.556375824849,TERN SEA,219814000,11.2
2025-11-22 09:00:35+00:00,55.369405,11.031068,2306.556375824849,TERN SEA,219814000,11.2
2025-11-22 09:00:35+00:00,55.369405,11.031068,2306.556375824849,TERN SEA,219814000,11.2
2025-11-22 09:00:35+00:00,55.369405,11.031068,2306.556375824849,TERN SEA,219814000,11.2
2025-11-22 09:00:35+00:00,55.254193,11.085145,10933.873803190729,RESOLUTE BAY,232005179,12.7
2025-11-22 09:00:35+00:00,55.254193,11.085145,10933.873803190729,RESOLUTE BAY,232005179,12.7
2025-11-22 09:00:35+00:00,55.254193,11.085145,10933.873803190729,RESOLUTE BAY,232005179,12.7
2025-11-22 09:00:35+00:00,55.369405,11.031068,2306.556375824849,TERN SEA,219814000,11.2
2025-11-22 09:00:35+00:00,55.254193,11.085145,10933.873803190729,RESOLUTE BAY,232005179,12.7
2025-11-22 09:00:38+00:00,55.369252,11.031103,2289.486172619705,TERN SEA,219814000,11.1
2025-11-22 09:00:38+00:00,55.369252,11.031103,2289.486172619705,TERN SEA,219814000,11.1
2025-11-22 09:00:38+00:00,55.369252,11.031103,2289.486172619705,TERN SEA,219814000,11.1
2025-11-22 09:00:38+00:00,55.369252,11.031103,2289.486172619705,TERN SEA,219814000,11.1
2025-11-22 09:00:38+00:00,55.369252,11.031103,2289.486172619705,TERN SEA,219814000,11.1
2025-11-22 09:00:40+00:00,55.424868,10.963135,8696.640071613094,ARC ENDEAVOR,366663000,11.0
2025-11-22 09:00:40+00:00,55.383532,11.012543,4051.960363543574,STAVFJORD,259888000,11.5
2025-11-22 09:00:40+00:00,55.383532,11.012543,4051.960363543574,STAVFJORD,259888000,11.5
2025-11-22 09:00:40+00:00,55.383532,11.012543,4051.960363543574,STAVFJORD,259888000,11.5
2025-11-22 09:00:40+00:00,55.383532,11.012543,4051.960363543574,STAVFJORD,259888000,11.5
2025-11-22 09:00:40+00:00,55.424868,10.963135,8696.640071613094,ARC ENDEAVOR,366663000,11.0
2025-11-22 09:00:40+00:00,55.424868,10.963135,8696.640071613094,ARC ENDEAVOR,366663000,11.0
2025-11-22 09:00:40+00:00,55.424868,10.963135,8696.640071613094,ARC ENDEAVOR,366663000,11.0
2025-11-22 09:00:40+00:00,55.424868,10.963135,8696.640071613094,ARC ENDEAVOR,366663000,11.0
2025-11-22 09:00:40+00:00,55.383532,11.012543,4051.960363543574,STAVFJORD,259888000,11.5
2025-11-22 09:00:41+00:00,55.369097,11.031137,2272.216682617599,TERN SEA,219814000,11.1
2025-11-22 09:00:41+00:00,55.369097,11.031137,2272.216682617599,TERN SEA,219814000,11.1
2025-11-22 09:00:41+00:00,55.369097,11.031137,2272.216682617599,TERN SEA,219814000,11.1
2025-11-22 09:00:41+00:00,55.369097,11.031137,2272.216682617599,TERN SEA,219814000,11.1
2025-11-22 09:00:41+00:00,55.369097,11.031137,2272.216682617599,TERN SEA,219814000,11.1
2025-11-22 09:00:45+00:00,55.368893,11.031175,2249.594004402063,TERN SEA,219814000,11.1
2025-11-22 09:00:45+00:00,55.368893,11.031175,2249.594004402063,TERN SEA,219814000,11.1
2025-11-22 09:00:45+00:00,55.368893,11.031175,2249.594004402063,TERN SEA,219814000,11.1
2025-11-22 09:00:45+00:00,55.368893,11.031175,2249.594004402063,TERN SEA,219814000,11.1
2025-11-22 09:00:45+00:00,55.368893,11.031175,2249.594004402063,TERN SEA,219814000,11.1
2025-11-22 09:00:46+00:00,55.25479,11.084698,10863.289201485499,RESOLUTE BAY,232005179,12.7
2025-11-22 09:00:46+00:00,55.25479,11.084698,10863.289201485499,RESOLUTE BAY,232005179,12.7
2025-11-22 09:00:46+00:00,55.25479,11.084698,10863.289201485499,RESOLUTE BAY,232005179,12.7
2025-11-22 09:00:46+00:00,55.25479,11.084698,10863.289201485499,RESOLUTE BAY,232005179,12.7
2025-11-22 09:00:46+00:00,55.25479,11.084698,10863.289201485499,RESOLUTE BAY,232005179,12.7
2025-11-22 09:00:49+00:00,55.383077,11.013038,4004.32396106978,STAVFJORD,259888000,11.5
2025-11-22 09:00:49+00:00,55.383077,11.013038,4004.32396106978,STAVFJORD,259888000,11.5
2025-11-22 09:00:49+00:00,55.383077,11.013038,4004.32396106978,STAVFJORD,259888000,11.5
2025-11-22 09:00:49+00:00,55.383077,11.013038,4004.32396106978,STAVFJORD,259888000,11.5
2025-11-22 09:00:49+00:00,55.383077,11.013038,4004.32396106978,STAVFJORD,259888000,11.5
2025-11-22 09:00:49+00:00,55.36869,11.031207,2227.157669324213,TERN SEA,219814000,11.0
2025-11-22 09:00:49+00:00,55.36869,11.031207,2227.157669324213,TERN SEA,219814000,11.0
2025-11-22 09:00:49+00:00,55.36869,11.031207,2227.157669324213,TERN SEA,219814000,11.0
2025-11-22 09:00:49+00:00,55.36869,11.031207,2227.157669324213,TERN SEA,219814000,11.0
2025-11-22 09:00:51+00:00,55.424402,10.96369,8642.985461849388,ARC ENDEAVOR,366663000,11.1
2025-11-22 09:00:51+00:00,55.424402,10.96369,8642.985461849388,ARC ENDEAVOR,366663000,11.1
2025-11-22 09:00:51+00:00,55.424402,10.96369,8642.985461849388,ARC ENDEAVOR,366663000,11.1
2025-11-22 09:00:51+00:00,55.424402,10.96369,8642.985461849388,ARC ENDEAVOR,366663000,11.1
2025-11-22 09:00:51+00:00,55.424402,10.96369,8642.985461849388,ARC ENDEAVOR,366663000,11.1
2025-11-22 09:00:51+00:00,55.424402,10.96369,8642.985461849388,ARC ENDEAVOR,366663000,11.1
2025-11-22 09:00:53+00:00,55.368537,11.031225,2210.21735339311,TERN SEA,219814000,11.0
2025-11-22 09:00:53+00:00,55.368537,11.031225,2210.21735339311,TERN SEA,219814000,11.0
2025-11-22 09:00:56+00:00,55.25533,11.084297,10799.50199065323,RESOLUTE BAY,232005179,12.7
2025-11-22 09:00:56+00:00,55.25533,11.084297,10799.50199065323,RESOLUTE BAY,232005179,12.7
2025-11-22 09:00:56+00:00,55.25533,11.084297,10799.50199065323,RESOLUTE BAY,232005179,12.7
2025-11-22 09:00:56+00:00,55.25533,11.084297,10799.50199065323,RESOLUTE BAY,232005179,12.7
2025-11-22 09:00:56+00:00,55.25533,11.084297,10799.50199065323,RESOLUTE BAY,232005179,12.7
2025-11-22 09:01:00+00:00,55.424018,10.964153,8598.846933784462,ARC ENDEAVOR,366663000,11.1
2025-11-22 09:01:00+00:00,55.424018,10.964153,8598.846933784462,ARC ENDEAVOR,366663000,11.1
2025-11-22 09:01:00+00:00,55.424018,10.964153,8598.846933784462,ARC ENDEAVOR,366663000,11.1
2025-11-22 09:01:00+00:00,55.424018,10.964153,8598.846933784462,ARC ENDEAVOR,366663000,11.1
2025-11-22 09:01:01+00:00,55.382578,11.013578,3952.43506196008,STAVFJORD,259888000,11.5
2025-11-22 09:01:01+00:00,55.382578,11.013578,3952.43506196008,STAVFJORD,259888000,11.5
2025-11-22 09:01:01+00:00,55.382578,11.013578,3952.43506196008,STAVFJORD,259888000,11.5
2025-11-22 09:01:01+00:00,55.382578,11.013578,3952.43506196008,STAVFJORD,259888000,11.5
2025-11-22 09:01:01+00:00,55.382578,11.013578,3952.43506196008,STAVFJORD,259888000,11.5
2025-11-22 09:01:03+00:00,55.36798,11.031277,2148.7086350854183,TERN SEA,219814000,10.9
2025-11-22 09:01:03+00:00,55.36798,11.031277,2148.7086350854183,TERN SEA,219814000,10.9
2025-11-22 09:01:03+00:00,55.36798,11.031277,2148.7086350854183,TERN SEA,219814000,10.9
2025-11-22 09:01:03+00:00,55.36798,11.031277,2148.7086350854183,TERN SEA,219814000,10.9
2025-11-22 09:01:03+00:00,55.36798,11.031277,2148.7086350854183,TERN SEA,219814000,10.9
2025-11-22 09:01:05+00:00,55.382578,11.013578,3952.43506196008,STAVFJORD,259888000,11.5
2025-11-22 09:01:05+00:00,55.382578,11.013578,3952.43506196008,STAVFJORD,259888000,11.5
2025-11-22 09:01:05+00:00,55.382578,11.013578,3952.43506196008,STAVFJORD,259888000,11.5
2025-11-22 09:01:06+00:00,55.255872,11.083897,10735.52564140093,RESOLUTE BAY,232005179,12.7
2025-11-22 09:01:06+00:00,55.255872,11.083897,10735.52564140093,RESOLUTE BAY,232005179,12.7
2025-11-22 09:01:06+00:00,55.255872,11.083897,10735.52564140093,RESOLUTE BAY,232005179,12.7
2025-11-22 09:01:06+00:00,55.255872,11.083897,10735.52564140093,RESOLUTE BAY,232005179,12.7
2025-11-22 09:01:06+00:00,55.255872,11.083897,10735.52564140093,RESOLUTE BAY,232005179,12.7
2025-11-22 09:01:09+00:00,55.382172,11.014013,3908.182082452185,STAVFJORD,259888000,11.5
2025-11-22 09:01:09+00:00,55.382172,11.014013,3908.182082452185,STAVFJORD,259888000,11.5
2025-11-22 09:01:09+00:00,55.382172,11.014013,3908.182082452185,STAVFJORD,259888000,11.5
2025-11-22 09:01:09+00:00,55.382172,11.014013,3908.182082452185,STAVFJORD,259888000,11.5
2025-11-22 09:01:09+00:00,55.382172,11.014013,3908.182082452185,STAVFJORD,259888000,11.5
2025-11-22 09:01:11+00:00,55.42351,10.964773,8540.568026756491,ARC ENDEAVOR,366663000,11.1
2025-11-22 09:01:11+00:00,55.42351,10.964773,8540.568026756491,ARC ENDEAVOR,366663000,11.1
2025-11-22 09:01:11+00:00,55.42351,10.964773,8540.568026756491,ARC ENDEAVOR,366663000,11.1
2025-11-22 09:01:11+00:00,55.42351,10.964773,8540.568026756491,ARC ENDEAVOR,366663000,11.1
2025-11-22 09:01:12+00:00,55.367527,11.0313,2098.9017378744093,TERN SEA,219814000,10.9
2025-11-22 09:01:12+00:00,55.367527,11.0313,2098.9017378744093,TERN SEA,219814000,10.9
2025-11-22 09:01:12+00:00,55.367527,11.0313,2098.9017378744093,TERN SEA,219814000,10.9
2025-11-22 09:01:12+00:00,55.367527,11.0313,2098.9017378744093,TERN SEA,219814000,10.9
2025-11-22 09:01:12+00:00,55.367527,11.0313,2098.9017378744093,TERN SEA,219814000,10.9
2025-11-22 09:01:15+00:00,55.256362,11.083535,10677.698592675155,RESOLUTE BAY,232005179,12.7
2025-11-22 09:01:15+00:00,55.256362,11.083535,10677.698592675155,RESOLUTE BAY,232005179,12.7
2025-11-22 09:01:20+00:00,55.381667,11.014543,3853.083125440593,STAVFJORD,259888000,11.5
2025-11-22 09:01:20+00:00,55.381667,11.014543,3853.083125440593,STAVFJORD,259888000,11.5
2025-11-22 09:01:20+00:00,55.381667,11.014543,3853.083125440593,STAVFJORD,259888000,11.5
2025-11-22 09:01:20+00:00,55.381667,11.014543,3853.083125440593,STAVFJORD,259888000,11.5
2025-11-22 09:01:20+00:00,55.381667,11.014543,3853.083125440593,STAVFJORD,259888000,11.5
2025-11-22 09:01:21+00:00,55.42313,10.96523,8497.094304520266,ARC ENDEAVOR,366663000,11.1
2025-11-22 09:01:21+00:00,55.42313,10.96523,8497.094304520266,ARC ENDEAVOR,366663000,11.1
2025-11-22 09:01:21+00:00,55.42313,10.96523,8497.094304520266,ARC ENDEAVOR,366663000,11.1
2025-11-22 09:01:21+00:00,55.42313,10.96523,8497.094304520266,ARC ENDEAVOR,366663000,11.1
2025-11-22 09:01:21+00:00,55.42313,10.96523,8497.094304520266,ARC ENDEAVOR,366663000,11.1
2025-11-22 09:01:21+00:00,55.42313,10.96523,8497.094304520266,ARC ENDEAVOR,366663000,11.1
2025-11-22 09:01:22+00:00,55.367023,11.031318,2043.4918112850676,TERN SEA,219814000,10.9
2025-11-22 09:01:22+00:00,55.367023,11.031318,2043.4918112850676,TERN SEA,219814000,10.9
2025-11-22 09:01:22+00:00,55.367023,11.031318,2043.4918112850676,TERN SEA,219814000,10.9
2025-11-22 09:01:22+00:00,55.367023,11.031318,2043.4918112850676,TERN SEA,219814000,10.9
2025-11-22 09:01:22+00:00,55.367023,11.031318,2043.4918112850676,TERN SEA,219814000,10.9
2025-11-22 09:01:25+00:00,55.256903,11.083132,10613.832461697108,RESOLUTE BAY,232005179,12.7
2025-11-22 09:01:25+00:00,55.256903,11.083132,10613.832461697108,RESOLUTE BAY,232005179,12.7
2025-11-22 09:01:25+00:00,55.256903,11.083132,10613.832461697108,RESOLUTE BAY,232005179,12.7
2025-11-22 09:01:25+00:00,55.256903,11.083132,10613.832461697108,RESOLUTE BAY,232005179,12.7
2025-11-22 09:01:25+00:00,55.256903,11.083132,10613.832461697108,RESOLUTE BAY,232005179,12.7
2025-11-22 09:01:29+00:00,55.381257,11.014978,3803.934630033504,STAVFJORD,259888000,11.5
2025-11-22 09:01:29+00:00,55.381257,11.014978,3803.934630033504,STAVFJORD,259888000,11.5
2025-11-22 09:01:29+00:00,55.381257,11.014978,3803.934630033504,STAVFJORD,259888000,11.5
2025-11-22 09:01:29+00:00,55.381257,11.014978,3803.934630033504,STAVFJORD,259888000,11.5
2025-11-22 09:01:31+00:00,55.422662,10.965797,8443.663678980334,ARC ENDEAVOR,366663000,11.1
2025-11-22 09:01:31+00:00,55.422662,10.965797,8443.663678980334,ARC ENDEAVOR,366663000,11.1
2025-11-22 09:01:31+00:00,55.422662,10.965797,8443.663678980334,ARC ENDEAVOR,366663000,11.1
2025-11-22 09:01:31+00:00,55.422662,10.965797,8443.663678980334,ARC ENDEAVOR,366663000,11.1
2025-11-22 09:01:33+00:00,55.366468,11.031338,1982.4655590279312,TERN SEA,219814000,10.9
2025-11-22 09:01:33+00:00,55.366468,11.031338,1982.4655590279312,TERN SEA,219814000,10.9
2025-11-22 09:01:33+00:00,55.366468,11.031338,1982.4655590279312,TERN SEA,219814000,10.9
2025-11-22 09:01:35+00:00,55.257445,11.082728,10549.86486223629,RESOLUTE BAY,232005179,12.7
2025-11-22 09:01:35+00:00,55.257445,11.082728,10549.86486223629,RESOLUTE BAY,232005179,12.7
2025-11-22 09:01:35+00:00,55.257445,11.082728,10549.86486223629,RESOLUTE BAY,232005179,12.7
2025-11-22 09:01:38+00:00,55.422662,10.965797,8443.663678980334,ARC ENDEAVOR,366663000,11.1
2025-11-22 09:01:38+00:00,55.422662,10.965797,8443.663678980334,ARC ENDEAVOR,366663000,11.1
2025-11-22 09:01:38+00:00,55.422662,10.965797,8443.663678980334,ARC ENDEAVOR,366663000,11.1
2025-11-22 09:01:38+00:00,55.422662,10.965797,8443.663678980334,ARC ENDEAVOR,366663000,11.1
2025-11-22 09:01:38+00:00,55.422662,10.965797,8443.663678980334,ARC ENDEAVOR,366663000,11.1
2025-11-22 09:01:40+00:00,55.380757,11.015512,3742.2967876966454,STAVFJORD,259888000,11.5
2025-11-22 09:01:40+00:00,55.380757,11.015512,3742.2967876966454,STAVFJORD,259888000,11.5
2025-11-22 09:01:40+00:00,55.380757,11.015512,3742.2967876966454,STAVFJORD,259888000,11.5
2025-11-22 09:01:40+00:00,55.380757,11.015512,3742.2967876966454,STAVFJORD,259888000,11.5
2025-11-22 09:01:40+00:00,55.380757,11.015512,3742.2967876966454,STAVFJORD,259888000,11.5
2025-11-22 09:01:40+00:00,55.422322,10.966212,8404.92600745434,ARC ENDEAVOR,366663000,11.1
2025-11-22 09:01:40+00:00,55.422322,10.966212,8404.92600745434,ARC ENDEAVOR,366663000,11.1
2025-11-22 09:01:40+00:00,55.422322,10.966212,8404.92600745434,ARC ENDEAVOR,366663000,11.1
2025-11-22 09:01:40+00:00,55.422322,10.966212,8404.92600745434,ARC ENDEAVOR,366663000,11.1
2025-11-22 09:01:42+00:00,55.366013,11.031348,1932.5451155895498,TERN SEA,219814000,10.9
2025-11-22 09:01:42+00:00,55.366013,11.031348,1932.5451155895498,TERN SEA,219814000,10.9
2025-11-22 09:01:42+00:00,55.366013,11.031348,1932.5451155895498,TERN SEA,219814000,10.9
2025-11-22 09:01:42+00:00,55.366013,11.031348,1932.5451155895498,TERN SEA,219814000,10.9
2025-11-22 09:01:42+00:00,55.366013,11.031348,1932.5451155895498,TERN SEA,219814000,10.9
2025-11-22 09:01:46+00:00,55.258047,11.082277,10478.813679999357,RESOLUTE BAY,232005179,12.7
2025-11-22 09:01:46+00:00,55.258047,11.082277,10478.813679999357,RESOLUTE BAY,232005179,12.7
2025-11-22 09:01:46+00:00,55.258047,11.082277,10478.813679999357,RESOLUTE BAY,232005179,12.7
2025-11-22 09:01:46+00:00,55.258047,11.082277,10478.813679999357,RESOLUTE BAY,232005179,12.7
2025-11-22 09:01:46+00:00,55.366013,11.031348,1932.5451155895498,TERN SEA,219814000,10.9
2025-11-22 09:01:46+00:00,55.366013,11.031348,1932.5451155895498,TERN SEA,219814000,10.9
2025-11-22 09:01:49+00:00,55.380343,11.015945,3691.472356594841,STAVFJORD,259888000,11.5
2025-11-22 09:01:49+00:00,55.380343,11.015945,3691.472356594841,STAVFJORD,259888000,11.5
2025-11-22 09:01:49+00:00,55.380343,11.015945,3691.472356594841,STAVFJORD,259888000,11.5
2025-11-22 09:01:49+00:00,55.380343,11.015945,3691.472356594841,STAVFJORD,259888000,11.5
2025-11-22 09:01:49+00:00,55.380343,11.015945,3691.472356594841,STAVFJORD,259888000,11.5
2025-11-22 09:01:51+00:00,55.421855,10.966772,8351.858828896971,ARC ENDEAVOR,366663000,11.1
2025-11-22 09:01:51+00:00,55.421855,10.966772,8351.858828896971,ARC ENDEAVOR,366663000,11.1
2025-11-22 09:01:51+00:00,55.421855,10.966772,8351.858828896971,ARC ENDEAVOR,366663000,11.1
2025-11-22 09:01:51+00:00,55.421855,10.966772,8351.858828896971,ARC ENDEAVOR,366663000,11.1
2025-11-22 09:01:51+00:00,55.421855,10.966772,8351.858828896971,ARC ENDEAVOR,366663000,11.1
2025-11-22 09:01:51+00:00,55.421855,10.966772,8351.858828896971,ARC ENDEAVOR,366663000,11.1
2025-11-22 09:01:53+00:00,55.365457,11.031362,1871.5651391951665,TERN SEA,219814000,10.9
2025-11-22 09:01:53+00:00,55.365457,11.031362,1871.5651391951665,TERN SEA,219814000,10.9
2025-11-22 09:01:53+00:00,55.365457,11.031362,1871.5651391951665,TERN SEA,219814000,10.9
2025-11-22 09:01:53+00:00,55.365457,11.031362,1871.5651391951665,TERN SEA,219814000,10.9
2025-11-22 09:01:53+00:00,55.365457,11.031362,1871.5651391951665,TERN SEA,219814000,10.9
2025-11-22 09:01:56+00:00,55.258593,11.081857,10414.271602351224,RESOLUTE BAY,232005179,12.7
2025-11-22 09:01:56+00:00,55.258593,11.081857,10414.271602351224,RESOLUTE BAY,232005179,12.7
2025-11-22 09:01:56+00:00,55.258593,11.081857,10414.271602351224,RESOLUTE BAY,232005179,12.7
2025-11-22 09:02:00+00:00,55.421475,10.96723,8308.775879105518,ARC ENDEAVOR,366663000,11.0
2025-11-22 09:02:00+00:00,55.421475,10.96723,8308.775879105518,ARC ENDEAVOR,366663000,11.0
2025-11-22 09:02:00+00:00,55.421475,10.96723,8308.775879105518,ARC ENDEAVOR,366663000,11.0
2025-11-22 09:02:00+00:00,55.421475,10.96723,8308.775879105518,ARC ENDEAVOR,366663000,11.0
2025-11-22 09:02:00+00:00,55.421475,10.96723,8308.775879105518,ARC ENDEAVOR,366663000,11.0
2025-11-22 09:02:01+00:00,55.379842,11.01648,3629.935176871506,STAVFJORD,259888000,11.5
2025-11-22 09:02:01+00:00,55.379842,11.01648,3629.935176871506,STAVFJORD,259888000,11.5
2025-11-22 09:02:01+00:00,55.379842,11.01648,3629.935176871506,STAVFJORD,259888000,11.5
2025-11-22 09:02:01+00:00,55.379842,11.01648,3629.935176871506,STAVFJORD,259888000,11.5
2025-11-22 09:02:03+00:00,55.36495,11.031378,1815.9260512504593,TERN SEA,219814000,10.9
2025-11-22 09:02:03+00:00,55.36495,11.031378,1815.9260512504593,TERN SEA,219814000,10.9
2025-11-22 09:02:03+00:00,55.36495,11.031378,1815.9260512504593,TERN SEA,219814000,10.9
2025-11-22 09:02:03+00:00,55.36495,11.031378,1815.9260512504593,TERN SEA,219814000,10.9
2025-11-22 09:02:03+00:00,55.36495,11.031378,1815.9260512504593,TERN SEA,219814000,10.9
2025-11-22 09:02:06+00:00,55.259143,11.081422,10349.148339392106,RESOLUTE BAY,232005179,12.7
2025-11-22 09:02:06+00:00,55.259143,11.081422,10349.148339392106,RESOLUTE BAY,232005179,12.7
2025-11-22 09:02:06+00:00,55.259143,11.081422,10349.148339392106,RESOLUTE BAY,232005179,12.7
2025-11-22 09:02:06+00:00,55.259143,11.081422,10349.148339392106,RESOLUTE BAY,232005179,12.7
2025-11-22 09:02:06+00:00,55.259143,11.081422,10349.148339392106,RESOLUTE BAY,232005179,12.7
2025-11-22 09:02:07+00:00,55.259143,11.081422,10349.148339392106,RESOLUTE BAY,232005179,12.7
2025-11-22 09:02:07+00:00,55.259143,11.081422,10349.148339392106,RESOLUTE BAY,232005179,12.7
2025-11-22 09:02:07+00:00,55.259143,11.081422,10349.148339392106,RESOLUTE BAY,232005179,12.7
2025-11-22 09:02:07+00:00,55.259143,11.081422,10349.148339392106,RESOLUTE BAY,232005179,12.7
2025-11-22 09:02:07+00:00,55.259143,11.081422,10349.148339392106,RESOLUTE BAY,232005179,12.7
2025-11-22 09:02:09+00:00,55.379427,11.016923,3579.063719756111,STAVFJORD,259888000,11.5
2025-11-22 09:02:09+00:00,55.379427,11.016923,3579.063719756111,STAVFJORD,259888000,11.5
2025-11-22 09:02:09+00:00,55.379427,11.016923,3579.063719756111,STAVFJORD,259888000,11.5
2025-11-22 09:02:09+00:00,55.379427,11.016923,3579.063719756111,STAVFJORD,259888000,11.5
2025-11-22 09:02:09+00:00,55.379427,11.016923,3579.063719756111,STAVFJORD,259888000,11.5
2025-11-22 09:02:11+00:00,55.42097,10.967843,8251.660665106037,ARC ENDEAVOR,366663000,11.0
2025-11-22 09:02:11+00:00,55.42097,10.967843,8251.660665106037,ARC ENDEAVOR,366663000,11.0
2025-11-22 09:02:11+00:00,55.42097,10.967843,8251.660665106037,ARC ENDEAVOR,366663000,11.0
2025-11-22 09:02:12+00:00,55.364495,11.031393,1765.9957714290751,TERN SEA,219814000,10.9
2025-11-22 09:02:12+00:00,55.364495,11.031393,1765.9957714290751,TERN SEA,219814000,10.9
2025-11-22 09:02:12+00:00,55.364495,11.031393,1765.9957714290751,TERN SEA,219814000,10.9
2025-11-22 09:02:12+00:00,55.364495,11.031393,1765.9957714290751,TERN SEA,219814000,10.9
2025-11-22 09:02:12+00:00,55.364495,11.031393,1765.9957714290751,TERN SEA,219814000,10.9
2025-11-22 09:02:15+00:00,55.25963,11.081048,10291.629445411829,RESOLUTE BAY,232005179,12.7
2025-11-22 09:02:20+00:00,55.420592,10.968298,8209.025642775914,ARC ENDEAVOR,366663000,11.0
2025-11-22 09:02:20+00:00,55.420592,10.968298,8209.025642775914,ARC ENDEAVOR,366663000,11.0
2025-11-22 09:02:20+00:00,55.420592,10.968298,8209.025642775914,ARC ENDEAVOR,366663000,11.0
2025-11-22 09:02:20+00:00,55.420592,10.968298,8209.025642775914,ARC ENDEAVOR,366663000,11.0
2025-11-22 09:02:20+00:00,55.420592,10.968298,8209.025642775914,ARC ENDEAVOR,366663000,11.0
2025-11-22 09:02:20+00:00,55.420592,10.968298,8209.025642775914,ARC ENDEAVOR,366663000,11.0
2025-11-22 09:02:20+00:00,55.378927,11.017463,3517.823823152304,STAVFJORD,259888000,11.5
2025-11-22 09:02:20+00:00,55.378927,11.017463,3517.823823152304,STAVFJORD,259888000,11.5
2025-11-22 09:02:20+00:00,55.378927,11.017463,3517.823823152304,STAVFJORD,259888000,11.5
2025-11-22 09:02:20+00:00,55.378927,11.017463,3517.823823152304,STAVFJORD,259888000,11.5
2025-11-22 09:02:20+00:00,55.378927,11.017463,3517.823823152304,STAVFJORD,259888000,11.5
2025-11-22 09:02:22+00:00,55.36399,11.031412,1710.5908758781488,TERN SEA,219814000,10.9
2025-11-22 09:02:22+00:00,55.36399,11.031412,1710.5908758781488,TERN SEA,219814000,10.9
2025-11-22 09:02:22+00:00,55.36399,11.031412,1710.5908758781488,TERN SEA,219814000,10.9
2025-11-22 09:02:22+00:00,55.36399,11.031412,1710.5908758781488,TERN SEA,219814000,10.9
2025-11-22 09:02:25+00:00,55.26017,11.080633,10227.869979686826,RESOLUTE BAY,232005179,12.7
2025-11-22 09:02:25+00:00,55.26017,11.080633,10227.869979686826,RESOLUTE BAY,232005179,12.7
2025-11-22 09:02:25+00:00,55.26017,11.080633,10227.869979686826,RESOLUTE BAY,232005179,12.7
2025-11-22 09:02:25+00:00,55.26017,11.080633,10227.869979686826,RESOLUTE BAY,232005179,12.7
2025-11-22 09:02:25+00:00,55.26017,11.080633,10227.869979686826,RESOLUTE BAY,232005179,12.7
2025-11-22 09:02:29+00:00,55.378513,11.017903,3467.253063285756,STAVFJORD,259888000,11.6
2025-11-22 09:02:29+00:00,55.378513,11.017903,3467.253063285756,STAVFJORD,259888000,11.6
2025-11-22 09:02:29+00:00,55.378513,11.017903,3467.253063285756,STAVFJORD,259888000,11.6
2025-11-22 09:02:29+00:00,55.378513,11.017903,3467.253063285756,STAVFJORD,259888000,11.6
2025-11-22 09:02:30+00:00,55.42017,10.968805,8160.778957438059,ARC ENDEAVOR,366663000,11.0
2025-11-22 09:02:30+00:00,55.42017,10.968805,8160.778957438059,ARC ENDEAVOR,366663000,11.0
2025-11-22 09:02:30+00:00,55.42017,10.968805,8160.778957438059,ARC ENDEAVOR,366663000,11.0
2025-11-22 09:02:30+00:00,55.42017,10.968805,8160.778957438059,ARC ENDEAVOR,366663000,11.0
2025-11-22 09:02:30+00:00,55.42017,10.968805,8160.778957438059,ARC ENDEAVOR,366663000,11.0
2025-11-22 09:02:30+00:00,55.42017,10.968805,8160.778957438059,ARC ENDEAVOR,366663000,11.0
2025-11-22 09:02:33+00:00,55.363437,11.031428,1650.04039541271,TERN SEA,219814000,10.9
2025-11-22 09:02:33+00:00,55.363437,11.031428,1650.04039541271,TERN SEA,219814000,10.9
2025-11-22 09:02:33+00:00,55.363437,11.031428,1650.04039541271,TERN SEA,219814000,10.9
2025-11-22 09:02:35+00:00,55.260708,11.080227,10164.451136766653,RESOLUTE BAY,232005179,12.7
2025-11-22 09:02:35+00:00,55.260708,11.080227,10164.451136766653,RESOLUTE BAY,232005179,12.7
2025-11-22 09:02:35+00:00,55.260708,11.080227,10164.451136766653,RESOLUTE BAY,232005179,12.7
2025-11-22 09:02:35+00:00,55.260708,11.080227,10164.451136766653,RESOLUTE BAY,232005179,12.7
2025-11-22 09:02:40+00:00,55.419787,10.969263,8116.70284108063,ARC ENDEAVOR,366663000,11.0
2025-11-22 09:02:40+00:00,55.419787,10.969263,8116.70284108063,ARC ENDEAVOR,366663000,11.0
2025-11-22 09:02:40+00:00,55.419787,10.969263,8116.70284108063,ARC ENDEAVOR,366663000,11.0
2025-11-22 09:02:40+00:00,55.419787,10.969263,8116.70284108063,ARC ENDEAVOR,366663000,11.0
2025-11-22 09:02:40+00:00,55.419787,10.969263,8116.70284108063,ARC ENDEAVOR,366663000,11.0
2025-11-22 09:02:40+00:00,55.419787,10.969263,8116.70284108063,ARC ENDEAVOR,366663000,11.0
2025-11-22 09:02:40+00:00,55.378005,11.01844,3404.2046439118944,STAVFJORD,259888000,11.6
2025-11-22 09:02:40+00:00,55.378005,11.01844,3404.2046439118944,STAVFJORD,259888000,11.6
2025-11-22 09:02:40+00:00,55.378005,11.01844,3404.2046439118944,STAVFJORD,259888000,11.6
2025-11-22 09:02:40+00:00,55.378005,11.01844,3404.2046439118944,STAVFJORD,259888000,11.6
2025-11-22 09:02:40+00:00,55.378005,11.01844,3404.2046439118944,STAVFJORD,259888000,11.6
2025-11-22 09:02:42+00:00,55.362982,11.031445,1600.228677794498,TERN SEA,219814000,10.9
2025-11-22 09:02:42+00:00,55.362982,11.031445,1600.228677794498,TERN SEA,219814000,10.9
2025-11-22 09:02:42+00:00,55.362982,11.031445,1600.228677794498,TERN SEA,219814000,10.9
2025-11-22 09:02:46+00:00,55.261298,11.07979,10095.017057647143,RESOLUTE BAY,232005179,12.7
2025-11-22 09:02:46+00:00,55.261298,11.07979,10095.017057647143,RESOLUTE BAY,232005179,12.7
2025-11-22 09:02:46+00:00,55.261298,11.07979,10095.017057647143,RESOLUTE BAY,232005179,12.7
2025-11-22 09:02:46+00:00,55.261298,11.07979,10095.017057647143,RESOLUTE BAY,232005179,12.7
2025-11-22 09:02:49+00:00,55.37759,11.018878,3352.7933405999374,STAVFJORD,259888000,11.6
2025-11-22 09:02:49+00:00,55.37759,11.018878,3352.7933405999374,STAVFJORD,259888000,11.6
2025-11-22 09:02:49+00:00,55.37759,11.018878,3352.7933405999374,STAVFJORD,259888000,11.6
2025-11-22 09:02:49+00:00,55.37759,11.018878,3352.7933405999374,STAVFJORD,259888000,11.6
2025-11-22 09:02:49+00:00,55.37759,11.018878,3352.7933405999374,STAVFJORD,259888000,11.6
2025-11-22 09:02:51+00:00,55.419317,10.969825,8062.736445556844,ARC ENDEAVOR,366663000,11.0
2025-11-22 09:02:51+00:00,55.419317,10.969825,8062.736445556844,ARC ENDEAVOR,366663000,11.0
2025-11-22 09:02:51+00:00,55.419317,10.969825,8062.736445556844,ARC ENDEAVOR,366663000,11.0
2025-11-22 09:02:51+00:00,55.419317,10.969825,8062.736445556844,ARC ENDEAVOR,366663000,11.0
2025-11-22 09:02:51+00:00,55.419317,10.969825,8062.736445556844,ARC ENDEAVOR,366663000,11.0
2025-11-22 09:02:53+00:00,55.362427,11.031467,1539.5254505291152,TERN SEA,219814000,10.9
2025-11-22 09:02:53+00:00,55.362427,11.031467,1539.5254505291152,TERN SEA,219814000,10.9
2025-11-22 09:02:53+00:00,55.362427,11.031467,1539.5254505291152,TERN SEA,219814000,10.9
2025-11-22 09:02:53+00:00,55.362427,11.031467,1539.5254505291152,TERN SEA,219814000,10.9
2025-11-22 09:02:56+00:00,55.261838,11.079398,10031.57481047352,RESOLUTE BAY,232005179,12.7
2025-11-22 09:02:56+00:00,55.261838,11.079398,10031.57481047352,RESOLUTE BAY,232005179,12.7
2025-11-22 09:02:56+00:00,55.261838,11.079398,10031.57481047352,RESOLUTE BAY,232005179,12.7
2025-11-22 09:02:56+00:00,55.261838,11.079398,10031.57481047352,RESOLUTE BAY,232005179,12.7
2025-11-22 09:03:00+00:00,55.418933,10.970287,8018.696038433218,ARC ENDEAVOR,366663000,11.0
2025-11-22 09:03:00+00:00,55.418933,10.970287,8018.696038433218,ARC ENDEAVOR,366663000,11.0
2025-11-22 09:03:00+00:00,55.418933,10.970287,8018.696038433218,ARC ENDEAVOR,366663000,11.0
2025-11-22 09:03:00+00:00,55.418933,10.970287,8018.696038433218,ARC ENDEAVOR,366663000,11.0
2025-11-22 09:03:00+00:00,55.418933,10.970287,8018.696038433218,ARC ENDEAVOR,366663000,11.0
2025-11-22 09:03:00+00:00,55.418933,10.970287,8018.696038433218,ARC ENDEAVOR,366663000,11.0
2025-11-22 09:03:01+00:00,55.37708,11.019415,3289.7405783834793,STAVFJORD,259888000,11.6
2025-11-22 09:03:01+00:00,55.37708,11.019415,3289.7405783834793,STAVFJORD,259888000,11.6
2025-11-22 09:03:01+00:00,55.37708,11.019415,3289.7405783834793,STAVFJORD,259888000,11.6
2025-11-22 09:03:01+00:00,55.37708,11.019415,3289.7405783834793,STAVFJORD,259888000,11.6
2025-11-22 09:03:03+00:00,55.361923,11.031482,1484.4901065724312,TERN SEA,219814000,10.9
2025-11-22 09:03:03+00:00,55.361923,11.031482,1484.4901065724312,TERN SEA,219814000,10.9
2025-11-22 09:03:03+00:00,55.361923,11.031482,1484.4901065724312,TERN SEA,219814000,10.9
2025-11-22 09:03:03+00:00,55.361923,11.031482,1484.4901065724312,TERN SEA,219814000,10.9
2025-11-22 09:03:06+00:00,55.262382,11.079008,9967.735469448593,RESOLUTE BAY,232005179,12.6
2025-11-22 09:03:06+00:00,55.262382,11.079008,9967.735469448593,RESOLUTE BAY,232005179,12.6
2025-11-22 09:03:06+00:00,55.262382,11.079008,9967.735469448593,RESOLUTE BAY,232005179,12.6
2025-11-22 09:03:06+00:00,55.262382,11.079008,9967.735469448593,RESOLUTE BAY,232005179,12.6
2025-11-22 09:03:06+00:00,55.262382,11.079008,9967.735469448593,RESOLUTE BAY,232005179,12.6
2025-11-22 09:03:09+00:00,55.376668,11.019855,3238.809180848125,STAVFJORD,259888000,11.6
2025-11-22 09:03:09+00:00,55.376668,11.019855,3238.809180848125,STAVFJORD,259888000,11.6
2025-11-22 09:03:09+00:00,55.376668,11.019855,3238.809180848125,STAVFJORD,259888000,11.6
2025-11-22 09:03:09+00:00,55.376668,11.019855,3238.809180848125,STAVFJORD,259888000,11.6
2025-11-22 09:03:09+00:00,55.376668,11.019855,3238.809180848125,STAVFJORD,259888000,11.6
2025-11-22 09:03:10+00:00,55.418518,10.9708,7971.14810828776,ARC ENDEAVOR,366663000,11.0
2025-11-22 09:03:10+00:00,55.418518,10.9708,7971.14810828776,ARC ENDEAVOR,366663000,11.0
2025-11-22 09:03:10+00:00,55.418518,10.9708,7971.14810828776,ARC ENDEAVOR,366663000,11.0
2025-11-22 09:03:10+00:00,55.418518,10.9708,7971.14810828776,ARC ENDEAVOR,366663000,11.0
2025-11-22 09:03:10+00:00,55.418518,10.9708,7971.14810828776,ARC ENDEAVOR,366663000,11.0
2025-11-22 09:03:12+00:00,55.361468,11.031493,1434.8343793315307,TERN SEA,219814000,10.9
2025-11-22 09:03:12+00:00,55.361468,11.031493,1434.8343793315307,TERN SEA,219814000,10.9
2025-11-22 09:03:12+00:00,55.361468,11.031493,1434.8343793315307,TERN SEA,219814000,10.9
2025-11-22 09:03:12+00:00,55.361468,11.031493,1434.8343793315307,TERN SEA,219814000,10.9
2025-11-22 09:03:15+00:00,55.26287,11.078655,9910.45275795455,RESOLUTE BAY,232005179,12.6
2025-11-22 09:03:15+00:00,55.26287,11.078655,9910.45275795455,RESOLUTE BAY,232005179,12.6
2025-11-22 09:03:15+00:00,55.26287,11.078655,9910.45275795455,RESOLUTE BAY,232005179,12.6
2025-11-22 09:03:15+00:00,55.26287,11.078655,9910.45275795455,RESOLUTE BAY,232005179,12.6
2025-11-22 09:03:15+00:00,55.26287,11.078655,9910.45275795455,RESOLUTE BAY,232005179,12.6
2025-11-22 09:03:20+00:00,55.418058,10.971363,7918.489938054975,ARC ENDEAVOR,366663000,11.0
2025-11-22 09:03:20+00:00,55.418058,10.971363,7918.489938054975,ARC ENDEAVOR,366663000,11.0
2025-11-22 09:03:20+00:00,55.418058,10.971363,7918.489938054975,ARC ENDEAVOR,366663000,11.0
2025-11-22 09:03:20+00:00,55.418058,10.971363,7918.489938054975,ARC ENDEAVOR,366663000,11.0
2025-11-22 09:03:20+00:00,55.418058,10.971363,7918.489938054975,ARC ENDEAVOR,366663000,11.0
2025-11-22 09:03:20+00:00,55.376163,11.020395,3176.4956180193512,STAVFJORD,259888000,11.6
2025-11-22 09:03:20+00:00,55.376163,11.020395,3176.4956180193512,STAVFJORD,259888000,11.6
2025-11-22 09:03:20+00:00,55.376163,11.020395,3176.4956180193512,STAVFJORD,259888000,11.6
2025-11-22 09:03:20+00:00,55.376163,11.020395,3176.4956180193512,STAVFJORD,259888000,11.6
2025-11-22 09:03:20+00:00,55.418058,10.971363,7918.489938054975,ARC ENDEAVOR,366663000,11.0
2025-11-22 09:03:20+00:00,55.376163,11.020395,3176.4956180193512,STAVFJORD,259888000,11.6
2025-11-22 09:03:22+00:00,55.360902,11.031495,1373.08755650131,TERN SEA,219814000,10.9
2025-11-22 09:03:22+00:00,55.360902,11.031495,1373.08755650131,TERN SEA,219814000,10.9
2025-11-22 09:03:22+00:00,55.360902,11.031495,1373.08755650131,TERN SEA,219814000,10.9
2025-11-22 09:03:22+00:00,55.360902,11.031495,1373.08755650131,TERN SEA,219814000,10.9
2025-11-22 09:03:25+00:00,55.26341,11.078262,9847.062046829185,RESOLUTE BAY,232005179,12.6
2025-11-22 09:03:25+00:00,55.26341,11.078262,9847.062046829185,RESOLUTE BAY,232005179,12.6
2025-11-22 09:03:25+00:00,55.26341,11.078262,9847.062046829185,RESOLUTE BAY,232005179,12.6
2025-11-22 09:03:25+00:00,55.26341,11.078262,9847.062046829185,RESOLUTE BAY,232005179,12.6
2025-11-22 09:03:25+00:00,55.26341,11.078262,9847.062046829185,RESOLUTE BAY,232005179,12.6
2025-11-22 09:03:29+00:00,55.375748,11.020833,3125.4713743170364,STAVFJORD,259888000,11.6
2025-11-22 09:03:29+00:00,55.375748,11.020833,3125.4713743170364,STAVFJORD,259888000,11.6
2025-11-22 09:03:29+00:00,55.375748,11.020833,3125.4713743170364,STAVFJORD,259888000,11.6
2025-11-22 09:03:29+00:00,55.375748,11.020833,3125.4713743170364,STAVFJORD,259888000,11.6
2025-11-22 09:03:29+00:00,55.375748,11.020833,3125.4713743170364,STAVFJORD,259888000,11.6
2025-11-22 09:03:30+00:00,55.417642,10.971875,7870.009721736063,ARC ENDEAVOR,366663000,11.0
2025-11-22 09:03:30+00:00,55.417642,10.971875,7870.009721736063,ARC ENDEAVOR,366663000,11.0
2025-11-22 09:03:30+00:00,55.417642,10.971875,7870.009721736063,ARC ENDEAVOR,366663000,11.0
2025-11-22 09:03:30+00:00,55.417642,10.971875,7870.009721736063,ARC ENDEAVOR,366663000,11.0
2025-11-22 09:03:30+00:00,55.417642,10.971875,7870.009721736063,ARC ENDEAVOR,366663000,11.0
2025-11-22 09:03:30+00:00,55.417642,10.971875,7870.009721736063,ARC ENDEAVOR,366663000,11.0
2025-11-22 09:03:33+00:00,55.360398,11.03149,1318.0814770872985,TERN SEA,219814000,10.9
2025-11-22 09:03:33+00:00,55.360398,11.03149,1318.0814770872985,TERN SEA,219814000,10.9
2025-11-22 09:03:33+00:00,55.360398,11.03149,1318.0814770872985,TERN SEA,219814000,10.9
2025-11-22 09:03:35+00:00,55.26396,11.077863,9782.53359390877,RESOLUTE BAY,232005179,12.6
2025-11-22 09:03:35+00:00,55.26396,11.077863,9782.53359390877,RESOLUTE BAY,232005179,12.6
2025-11-22 09:03:35+00:00,55.26396,11.077863,9782.53359390877,RESOLUTE BAY,232005179,12.6
2025-11-22 09:03:35+00:00,55.26396,11.077863,9782.53359390877,RESOLUTE BAY,232005179,12.6
2025-11-22 09:03:40+00:00,55.375242,11.021377,3063.192861076432,STAVFJORD,259888000,11.6
2025-11-22 09:03:40+00:00,55.375242,11.021377,3063.192861076432,STAVFJORD,259888000,11.6
2025-11-22 09:03:40+00:00,55.375242,11.021377,3063.192861076432,STAVFJORD,259888000,11.6
2025-11-22 09:03:40+00:00,55.375242,11.021377,3063.192861076432,STAVFJORD,259888000,11.6
2025-11-22 09:03:40+00:00,55.375242,11.021377,3063.192861076432,STAVFJORD,259888000,11.6
2025-11-22 09:03:40+00:00,55.417262,10.972337,7825.733174904729,ARC ENDEAVOR,366663000,11.0
2025-11-22 09:03:40+00:00,55.417262,10.972337,7825.733174904729,ARC ENDEAVOR,366663000,11.0
2025-11-22 09:03:40+00:00,55.417262,10.972337,7825.733174904729,ARC ENDEAVOR,366663000,11.0
2025-11-22 09:03:40+00:00,55.417262,10.972337,7825.733174904729,ARC ENDEAVOR,366663000,11.0
2025-11-22 09:03:40+00:00,55.417262,10.972337,7825.733174904729,ARC ENDEAVOR,366663000,11.0
2025-11-22 09:03:40+00:00,55.417262,10.972337,7825.733174904729,ARC ENDEAVOR,366663000,11.0
2025-11-22 09:03:42+00:00,55.35989,11.031503,1262.0517138720013,TERN SEA,219814000,10.9
2025-11-22 09:03:42+00:00,55.35989,11.031503,1262.0517138720013,TERN SEA,219814000,10.9
2025-11-22 09:03:42+00:00,55.35989,11.031503,1262.0517138720013,TERN SEA,219814000,10.9
2025-11-22 09:03:46+00:00,55.264557,11.077427,9712.488077703518,RESOLUTE BAY,232005179,12.6
2025-11-22 09:03:46+00:00,55.264557,11.077427,9712.488077703518,RESOLUTE BAY,232005179,12.6
2025-11-22 09:03:46+00:00,55.264557,11.077427,9712.488077703518,RESOLUTE BAY,232005179,12.6
2025-11-22 09:03:46+00:00,55.264557,11.077427,9712.488077703518,RESOLUTE BAY,232005179,12.6
2025-11-22 09:03:49+00:00,55.374823,11.021822,3011.758586281299,STAVFJORD,259888000,11.6
2025-11-22 09:03:49+00:00,55.374823,11.021822,3011.758586281299,STAVFJORD,259888000,11.6
2025-11-22 09:03:49+00:00,55.374823,11.021822,3011.758586281299,STAVFJORD,259888000,11.6
2025-11-22 09:03:49+00:00,55.374823,11.021822,3011.758586281299,STAVFJORD,259888000,11.6
2025-11-22 09:03:51+00:00,55.416797,10.972905,7771.556514703032,ARC ENDEAVOR,366663000,11.0
2025-11-22 09:03:51+00:00,55.416797,10.972905,7771.556514703032,ARC ENDEAVOR,366663000,11.0
2025-11-22 09:03:51+00:00,55.416797,10.972905,7771.556514703032,ARC ENDEAVOR,366663000,11.0
2025-11-22 09:03:51+00:00,55.416797,10.972905,7771.556514703032,ARC ENDEAVOR,366663000,11.0
2025-11-22 09:03:51+00:00,55.416797,10.972905,7771.556514703032,ARC ENDEAVOR,366663000,11.0
2025-11-22 09:03:51+00:00,55.416797,10.972905,7771.556514703032,ARC ENDEAVOR,366663000,11.0
2025-11-22 09:03:53+00:00,55.35938,11.031518,1205.5775316889967,TERN SEA,219814000,10.9
2025-11-22 09:03:53+00:00,55.35938,11.031518,1205.5775316889967,TERN SEA,219814000,10.9
2025-11-22 09:03:53+00:00,55.35938,11.031518,1205.5775316889967,TERN SEA,219814000,10.9
2025-11-22 09:03:53+00:00,55.35938,11.031518,1205.5775316889967,TERN SEA,219814000,10.9
2025-11-22 09:03:56+00:00,55.265092,11.077028,9649.658444187018,RESOLUTE BAY,232005179,12.6
2025-11-22 09:03:56+00:00,55.265092,11.077028,9649.658444187018,RESOLUTE BAY,232005179,12.6
2025-11-22 09:03:56+00:00,55.265092,11.077028,9649.658444187018,RESOLUTE BAY,232005179,12.6
2025-11-22 09:03:56+00:00,55.265092,11.077028,9649.658444187018,RESOLUTE BAY,232005179,12.6
2025-11-22 09:04:00+00:00,55.416412,10.973372,7726.760500116959,ARC ENDEAVOR,366663000,11.1
2025-11-22 09:04:00+00:00,55.416412,10.973372,7726.760500116959,ARC ENDEAVOR,366663000,11.1
2025-11-22 09:04:00+00:00,55.416412,10.973372,7726.760500116959,ARC ENDEAVOR,366663000,11.1
2025-11-22 09:04:00+00:00,55.416412,10.973372,7726.760500116959,ARC ENDEAVOR,366663000,11.1
2025-11-22 09:04:00+00:00,55.416412,10.973372,7726.760500116959,ARC ENDEAVOR,366663000,11.1
2025-11-22 09:04:01+00:00,55.374312,11.02236,2948.7079965995163,STAVFJORD,259888000,11.6
2025-11-22 09:04:01+00:00,55.374312,11.02236,2948.7079965995163,STAVFJORD,259888000,11.6
2025-11-22 09:04:01+00:00,55.374312,11.02236,2948.7079965995163,STAVFJORD,259888000,11.6
2025-11-22 09:04:01+00:00,55.374312,11.02236,2948.7079965995163,STAVFJORD,259888000,11.6
2025-11-22 09:04:03+00:00,55.358872,11.03153,1149.3794776067143,TERN SEA,219814000,10.9
2025-11-22 09:04:03+00:00,55.358872,11.03153,1149.3794776067143,TERN SEA,219814000,10.9
2025-11-22 09:04:03+00:00,55.358872,11.03153,1149.3794776067143,TERN SEA,219814000,10.9
2025-11-22 09:04:03+00:00,55.358872,11.03153,1149.3794776067143,TERN SEA,219814000,10.9
2025-11-22 09:04:06+00:00,55.265627,11.076627,9586.834290165023,RESOLUTE BAY,232005179,12.5
2025-11-22 09:04:06+00:00,55.265627,11.076627,9586.834290165023,RESOLUTE BAY,232005179,12.5
2025-11-22 09:04:06+00:00,55.265627,11.076627,9586.834290165023,RESOLUTE BAY,232005179,12.5
2025-11-22 09:04:06+00:00,55.265627,11.076627,9586.834290165023,RESOLUTE BAY,232005179,12.5
2025-11-22 09:04:06+00:00,55.265627,11.076627,9586.834290165023,RESOLUTE BAY,232005179,12.5
2025-11-22 09:04:09+00:00,55.373895,11.022808,2896.856567867502,STAVFJORD,259888000,11.6
2025-11-22 09:04:09+00:00,55.373895,11.022808,2896.856567867502,STAVFJORD,259888000,11.6
2025-11-22 09:04:09+00:00,55.373895,11.022808,2896.856567867502,STAVFJORD,259888000,11.6
2025-11-22 09:04:09+00:00,55.373895,11.022808,2896.856567867502,STAVFJORD,259888000,11.6
2025-11-22 09:04:10+00:00,55.415983,10.973895,7676.9106879436085,ARC ENDEAVOR,366663000,11.1
2025-11-22 09:04:10+00:00,55.415983,10.973895,7676.9106879436085,ARC ENDEAVOR,366663000,11.1
2025-11-22 09:04:10+00:00,55.415983,10.973895,7676.9106879436085,ARC ENDEAVOR,366663000,11.1
2025-11-22 09:04:10+00:00,55.415983,10.973895,7676.9106879436085,ARC ENDEAVOR,366663000,11.1
2025-11-22 09:04:10+00:00,55.415983,10.973895,7676.9106879436085,ARC ENDEAVOR,366663000,11.1
2025-11-22 09:04:12+00:00,55.358415,11.031533,1098.9217588148394,TERN SEA,219814000,10.9
2025-11-22 09:04:12+00:00,55.358415,11.031533,1098.9217588148394,TERN SEA,219814000,10.9
2025-11-22 09:04:12+00:00,55.358415,11.031533,1098.9217588148394,TERN SEA,219814000,10.9
2025-11-22 09:04:12+00:00,55.358415,11.031533,1098.9217588148394,TERN SEA,219814000,10.9
2025-11-22 09:04:15+00:00,55.266107,11.076262,9530.439647294073,RESOLUTE BAY,232005179,12.5
2025-11-22 09:04:15+00:00,55.266107,11.076262,9530.439647294073,RESOLUTE BAY,232005179,12.5
2025-11-22 09:04:15+00:00,55.266107,11.076262,9530.439647294073,RESOLUTE BAY,232005179,12.5
2025-11-22 09:04:15+00:00,55.266107,11.076262,9530.439647294073,RESOLUTE BAY,232005179,12.5
2025-11-22 09:04:20+00:00,55.415515,10.974473,7622.2056629912195,ARC ENDEAVOR,366663000,11.2
2025-11-22 09:04:20+00:00,55.415515,10.974473,7622.2056629912195,ARC ENDEAVOR,366663000,11.2
2025-11-22 09:04:20+00:00,55.415515,10.974473,7622.2056629912195,ARC ENDEAVOR,366663000,11.2
2025-11-22 09:04:20+00:00,55.415515,10.974473,7622.2056629912195,ARC ENDEAVOR,366663000,11.2
2025-11-22 09:04:20+00:00,55.415515,10.974473,7622.2056629912195,ARC ENDEAVOR,366663000,11.2
2025-11-22 09:04:20+00:00,55.415515,10.974473,7622.2056629912195,ARC ENDEAVOR,366663000,11.2
2025-11-22 09:04:21+00:00,55.373387,11.023353,2833.831313974977,STAVFJORD,259888000,11.6
2025-11-22 09:04:21+00:00,55.373387,11.023353,2833.831313974977,STAVFJORD,259888000,11.6
2025-11-22 09:04:21+00:00,55.373387,11.023353,2833.831313974977,STAVFJORD,259888000,11.6
2025-11-22 09:04:21+00:00,55.373387,11.023353,2833.831313974977,STAVFJORD,259888000,11.6
2025-11-22 09:04:22+00:00,55.357907,11.031532,1042.9201161859921,TERN SEA,219814000,10.9
2025-11-22 09:04:22+00:00,55.357907,11.031532,1042.9201161859921,TERN SEA,219814000,10.9
2025-11-22 09:04:22+00:00,55.357907,11.031532,1042.9201161859921,TERN SEA,219814000,10.9
2025-11-22 09:04:22+00:00,55.357907,11.031532,1042.9201161859921,TERN SEA,219814000,10.9
2025-11-22 09:04:25+00:00,55.26664,11.075852,9467.798804865868,RESOLUTE BAY,232005179,12.5
2025-11-22 09:04:25+00:00,55.26664,11.075852,9467.798804865868,RESOLUTE BAY,232005179,12.5
2025-11-22 09:04:25+00:00,55.26664,11.075852,9467.798804865868,RESOLUTE BAY,232005179,12.5
2025-11-22 09:04:25+00:00,55.26664,11.075852,9467.798804865868,RESOLUTE BAY,232005179,12.5
2025-11-22 09:04:25+00:00,55.26664,11.075852,9467.798804865868,RESOLUTE BAY,232005179,12.5
2025-11-22 09:04:29+00:00,55.372972,11.023803,2782.3889960457495,STAVFJORD,259888000,11.7
2025-11-22 09:04:29+00:00,55.372972,11.023803,2782.3889960457495,STAVFJORD,259888000,11.7
2025-11-22 09:04:29+00:00,55.372972,11.023803,2782.3889960457495,STAVFJORD,259888000,11.7
2025-11-22 09:04:29+00:00,55.372972,11.023803,2782.3889960457495,STAVFJORD,259888000,11.7
2025-11-22 09:04:30+00:00,55.415088,10.974997,7572.289824679824,ARC ENDEAVOR,366663000,11.2
2025-11-22 09:04:30+00:00,55.415088,10.974997,7572.289824679824,ARC ENDEAVOR,366663000,11.2
2025-11-22 09:04:30+00:00,55.415088,10.974997,7572.289824679824,ARC ENDEAVOR,366663000,11.2
2025-11-22 09:04:30+00:00,55.415088,10.974997,7572.289824679824,ARC ENDEAVOR,366663000,11.2
2025-11-22 09:04:30+00:00,55.415088,10.974997,7572.289824679824,ARC ENDEAVOR,366663000,11.2
2025-11-22 09:04:30+00:00,55.415088,10.974997,7572.289824679824,ARC ENDEAVOR,366663000,11.2
2025-11-22 09:04:33+00:00,55.357348,11.031523,981.4455998956604,TERN SEA,219814000,10.9
2025-11-22 09:04:33+00:00,55.357348,11.031523,981.4455998956604,TERN SEA,219814000,10.9
2025-11-22 09:04:33+00:00,55.357348,11.031523,981.4455998956604,TERN SEA,219814000,10.9
2025-11-22 09:04:35+00:00,55.267173,11.075452,9405.283441180494,RESOLUTE BAY,232005179,12.5
2025-11-22 09:04:35+00:00,55.267173,11.075452,9405.283441180494,RESOLUTE BAY,232005179,12.5
2025-11-22 09:04:35+00:00,55.267173,11.075452,9405.283441180494,RESOLUTE BAY,232005179,12.5
2025-11-22 09:04:35+00:00,55.267173,11.075452,9405.283441180494,RESOLUTE BAY,232005179,12.5
2025-11-22 09:04:35+00:00,55.267173,11.075452,9405.283441180494,RESOLUTE BAY,232005179,12.5
2025-11-22 09:04:40+00:00,55.414702,10.975473,7527.212100068676,ARC ENDEAVOR,366663000,11.2
2025-11-22 09:04:40+00:00,55.372457,11.02434,2718.9973668100197,STAVFJORD,259888000,11.7
2025-11-22 09:04:40+00:00,55.372457,11.02434,2718.9973668100197,STAVFJORD,259888000,11.7
2025-11-22 09:04:40+00:00,55.414702,10.975473,7527.212100068676,ARC ENDEAVOR,366663000,11.2
2025-11-22 09:04:40+00:00,55.372457,11.02434,2718.9973668100197,STAVFJORD,259888000,11.7
2025-11-22 09:04:40+00:00,55.414702,10.975473,7527.212100068676,ARC ENDEAVOR,366663000,11.2
2025-11-22 09:04:40+00:00,55.414702,10.975473,7527.212100068676,ARC ENDEAVOR,366663000,11.2
2025-11-22 09:04:40+00:00,55.414702,10.975473,7527.212100068676,ARC ENDEAVOR,366663000,11.2
2025-11-22 09:04:40+00:00,55.372457,11.02434,2718.9973668100197,STAVFJORD,259888000,11.7
2025-11-22 09:04:42+00:00,55.356893,11.031515,931.4879112813511,TERN SEA,219814000,10.9
2025-11-22 09:04:42+00:00,55.356893,11.031515,931.4879112813511,TERN SEA,219814000,10.9
2025-11-22 09:04:42+00:00,55.356893,11.031515,931.4879112813511,TERN SEA,219814000,10.9
2025-11-22 09:04:46+00:00,55.267757,11.07501,9336.782764813019,RESOLUTE BAY,232005179,12.5
2025-11-22 09:04:46+00:00,55.267757,11.07501,9336.782764813019,RESOLUTE BAY,232005179,12.5
2025-11-22 09:04:46+00:00,55.267757,11.07501,9336.782764813019,RESOLUTE BAY,232005179,12.5
2025-11-22 09:04:46+00:00,55.267757,11.07501,9336.782764813019,RESOLUTE BAY,232005179,12.5
2025-11-22 09:04:49+00:00,55.372038,11.024773,2667.5924403798845,STAVFJORD,259888000,11.7
2025-11-22 09:04:49+00:00,55.372038,11.024773,2667.5924403798845,STAVFJORD,259888000,11.7
2025-11-22 09:04:49+00:00,55.372038,11.024773,2667.5924403798845,STAVFJORD,259888000,11.7
2025-11-22 09:04:49+00:00,55.372038,11.024773,2667.5924403798845,STAVFJORD,259888000,11.7
2025-11-22 09:04:51+00:00,55.414232,10.976045,7472.455832533561,ARC ENDEAVOR,366663000,11.2
2025-11-22 09:04:51+00:00,55.414232,10.976045,7472.455832533561,ARC ENDEAVOR,366663000,11.2
2025-11-22 09:04:51+00:00,55.414232,10.976045,7472.455832533561,ARC ENDEAVOR,366663000,11.2
2025-11-22 09:04:51+00:00,55.414232,10.976045,7472.455832533561,ARC ENDEAVOR,366663000,11.2
2025-11-22 09:04:51+00:00,55.414232,10.976045,7472.455832533561,ARC ENDEAVOR,366663000,11.2
2025-11-22 09:04:53+00:00,55.356337,11.031507,870.4505071702295,TERN SEA,219814000,10.9
2025-11-22 09:04:56+00:00,55.268287,11.074607,9274.628707714328,RESOLUTE BAY,232005179,12.5
2025-11-22 09:04:56+00:00,55.268287,11.074607,9274.628707714328,RESOLUTE BAY,232005179,12.5
2025-11-22 09:04:56+00:00,55.268287,11.074607,9274.628707714328,RESOLUTE BAY,232005179,12.5
2025-11-22 09:04:56+00:00,55.268287,11.074607,9274.628707714328,RESOLUTE BAY,232005179,12.5
2025-11-22 09:05:00+00:00,55.41384,10.976518,7426.83384023464,ARC ENDEAVOR,366663000,11.3
2025-11-22 09:05:00+00:00,55.41384,10.976518,7426.83384023464,ARC ENDEAVOR,366663000,11.3
2025-11-22 09:05:00+00:00,55.41384,10.976518,7426.83384023464,ARC ENDEAVOR,366663000,11.3
2025-11-22 09:05:00+00:00,55.41384,10.976518,7426.83384023464,ARC ENDEAVOR,366663000,11.3
2025-11-22 09:05:00+00:00,55.41384,10.976518,7426.83384023464,ARC ENDEAVOR,366663000,11.3
2025-11-22 09:05:01+00:00,55.371517,11.025292,2604.0749023632893,STAVFJORD,259888000,11.7
2025-11-22 09:05:01+00:00,55.371517,11.025292,2604.0749023632893,STAVFJORD,259888000,11.7
2025-11-22 09:05:01+00:00,55.371517,11.025292,2604.0749023632893,STAVFJORD,259888000,11.7
2025-11-22 09:05:01+00:00,55.371517,11.025292,2604.0749023632893,STAVFJORD,259888000,11.7
2025-11-22 09:05:01+00:00,55.371517,11.025292,2604.0749023632893,STAVFJORD,259888000,11.7
2025-11-22 09:05:02+00:00,55.35588,11.031502,820.2682797015002,TERN SEA,219814000,10.9
2025-11-22 09:05:02+00:00,55.35588,11.031502,820.2682797015002,TERN SEA,219814000,10.9
2025-11-22 09:05:02+00:00,55.35588,11.031502,820.2682797015002,TERN SEA,219814000,10.9
2025-11-22 09:05:02+00:00,55.35588,11.031502,820.2682797015002,TERN SEA,219814000,10.9
2025-11-22 09:05:06+00:00,55.268813,11.074197,9212.880079763901,RESOLUTE BAY,232005179,12.5
2025-11-22 09:05:06+00:00,55.268813,11.074197,9212.880079763901,RESOLUTE BAY,232005179,12.5
2025-11-22 09:05:06+00:00,55.268813,11.074197,9212.880079763901,RESOLUTE BAY,232005179,12.5
2025-11-22 09:05:06+00:00,55.268813,11.074197,9212.880079763901,RESOLUTE BAY,232005179,12.5
2025-11-22 09:05:06+00:00,55.268813,11.074197,9212.880079763901,RESOLUTE BAY,232005179,12.5
2025-11-22 09:05:09+00:00,55.371092,11.025713,2552.4102143965047,STAVFJORD,259888000,11.7
2025-11-22 09:05:09+00:00,55.371092,11.025713,2552.4102143965047,STAVFJORD,259888000,11.7
2025-11-22 09:05:09+00:00,55.371092,11.025713,2552.4102143965047,STAVFJORD,259888000,11.7
2025-11-22 09:05:10+00:00,55.413408,10.977045,7376.42504169496,ARC ENDEAVOR,366663000,11.3
2025-11-22 09:05:10+00:00,55.413408,10.977045,7376.42504169496,ARC ENDEAVOR,366663000,11.3
2025-11-22 09:05:10+00:00,55.413408,10.977045,7376.42504169496,ARC ENDEAVOR,366663000,11.3
2025-11-22 09:05:12+00:00,55.355373,11.031497,764.6693694572912,TERN SEA,219814000,10.9
2025-11-22 09:05:12+00:00,55.355373,11.031497,764.6693694572912,TERN SEA,219814000,10.9
2025-11-22 09:05:12+00:00,55.355373,11.031497,764.6693694572912,TERN SEA,219814000,10.9
2025-11-22 09:05:12+00:00,55.355373,11.031497,764.6693694572912,TERN SEA,219814000,10.9
2025-11-22 09:05:15+00:00,55.26929,11.073832,9156.973901843257,RESOLUTE BAY,232005179,12.5
2025-11-22 09:05:15+00:00,55.26929,11.073832,9156.973901843257,RESOLUTE BAY,232005179,12.5
2025-11-22 09:05:15+00:00,55.26929,11.073832,9156.973901843257,RESOLUTE BAY,232005179,12.5
2025-11-22 09:05:15+00:00,55.26929,11.073832,9156.973901843257,RESOLUTE BAY,232005179,12.5
2025-11-22 09:05:15+00:00,55.26929,11.073832,9156.973901843257,RESOLUTE BAY,232005179,12.5
2025-11-22 09:05:20+00:00,55.41293,10.977627,7320.779775221351,ARC ENDEAVOR,366663000,11.3
2025-11-22 09:05:20+00:00,55.41293,10.977627,7320.779775221351,ARC ENDEAVOR,366663000,11.3
2025-11-22 09:05:20+00:00,55.41293,10.977627,7320.779775221351,ARC ENDEAVOR,366663000,11.3
2025-11-22 09:05:20+00:00,55.41293,10.977627,7320.779775221351,ARC ENDEAVOR,366663000,11.3
2025-11-22 09:05:20+00:00,55.41293,10.977627,7320.779775221351,ARC ENDEAVOR,366663000,11.3
2025-11-22 09:05:20+00:00,55.41293,10.977627,7320.779775221351,ARC ENDEAVOR,366663000,11.3
2025-11-22 09:05:21+00:00,55.370575,11.026232,2489.6166128490713,STAVFJORD,259888000,11.6
2025-11-22 09:05:21+00:00,55.370575,11.026232,2489.6166128490713,STAVFJORD,259888000,11.6
2025-11-22 09:05:21+00:00,55.370575,11.026232,2489.6166128490713,STAVFJORD,259888000,11.6
2025-11-22 09:05:21+00:00,55.370575,11.026232,2489.6166128490713,STAVFJORD,259888000,11.6
2025-11-22 09:05:23+00:00,55.354817,11.031488,703.8940064957233,TERN SEA,219814000,11.0
2025-11-22 09:05:23+00:00,55.354817,11.031488,703.8940064957233,TERN SEA,219814000,11.0
2025-11-22 09:05:23+00:00,55.354817,11.031488,703.8940064957233,TERN SEA,219814000,11.0
2025-11-22 09:05:27+00:00,55.26993,11.073345,9081.311667893477,RESOLUTE BAY,232005179,12.5
2025-11-22 09:05:27+00:00,55.26993,11.073345,9081.311667893477,RESOLUTE BAY,232005179,12.5
2025-11-22 09:05:27+00:00,55.26993,11.073345,9081.311667893477,RESOLUTE BAY,232005179,12.5
2025-11-22 09:05:27+00:00,55.26993,11.073345,9081.311667893477,RESOLUTE BAY,232005179,12.5
2025-11-22 09:05:27+00:00,55.26993,11.073345,9081.311667893477,RESOLUTE BAY,232005179,12.5
2025-11-22 09:05:29+00:00,55.370153,11.026658,2438.471533825938,STAVFJORD,259888000,11.6
2025-11-22 09:05:29+00:00,55.370153,11.026658,2438.471533825938,STAVFJORD,259888000,11.6
2025-11-22 09:05:29+00:00,55.370153,11.026658,2438.471533825938,STAVFJORD,259888000,11.6
2025-11-22 09:05:30+00:00,55.412493,10.978163,7269.983556623661,ARC ENDEAVOR,366663000,11.4
2025-11-22 09:05:30+00:00,55.412493,10.978163,7269.983556623661,ARC ENDEAVOR,366663000,11.4
2025-11-22 09:05:30+00:00,55.412493,10.978163,7269.983556623661,ARC ENDEAVOR,366663000,11.4
2025-11-22 09:05:30+00:00,55.412493,10.978163,7269.983556623661,ARC ENDEAVOR,366663000,11.4
2025-11-22 09:05:30+00:00,55.412493,10.978163,7269.983556623661,ARC ENDEAVOR,366663000,11.4
2025-11-22 09:05:30+00:00,55.412493,10.978163,7269.983556623661,ARC ENDEAVOR,366663000,11.4
2025-11-22 09:05:32+00:00,55.354412,11.031488,659.6612861219088,TERN SEA,219814000,11.0
2025-11-22 09:05:32+00:00,55.354412,11.031488,659.6612861219088,TERN SEA,219814000,11.0
2025-11-22 09:05:32+00:00,55.354412,11.031488,659.6612861219088,TERN SEA,219814000,11.0
2025-11-22 09:05:36+00:00,55.270408,11.072982,9024.671588590772,RESOLUTE BAY,232005179,12.5
2025-11-22 09:05:36+00:00,55.270408,11.072982,9024.671588590772,RESOLUTE BAY,232005179,12.5
2025-11-22 09:05:36+00:00,55.270408,11.072982,9024.671588590772,RESOLUTE BAY,232005179,12.5
2025-11-22 09:05:36+00:00,55.270408,11.072982,9024.671588590772,RESOLUTE BAY,232005179,12.5
2025-11-22 09:05:36+00:00,55.270408,11.072982,9024.671588590772,RESOLUTE BAY,232005179,12.5
2025-11-22 09:05:40+00:00,55.369642,11.027193,2376.5132855586244,STAVFJORD,259888000,11.6
2025-11-22 09:05:40+00:00,55.4121,10.978645,7224.332361221767,ARC ENDEAVOR,366663000,11.4
2025-11-22 09:05:40+00:00,55.4121,10.978645,7224.332361221767,ARC ENDEAVOR,366663000,11.4
2025-11-22 09:05:40+00:00,55.4121,10.978645,7224.332361221767,ARC ENDEAVOR,366663000,11.4
2025-11-22 09:05:40+00:00,55.4121,10.978645,7224.332361221767,ARC ENDEAVOR,366663000,11.4
2025-11-22 09:05:40+00:00,55.369642,11.027193,2376.5132855586244,STAVFJORD,259888000,11.6
2025-11-22 09:05:40+00:00,55.369642,11.027193,2376.5132855586244,STAVFJORD,259888000,11.6
2025-11-22 09:05:40+00:00,55.369642,11.027193,2376.5132855586244,STAVFJORD,259888000,11.6
2025-11-22 09:05:40+00:00,55.369642,11.027193,2376.5132855586244,STAVFJORD,259888000,11.6
2025-11-22 09:05:43+00:00,55.353855,11.031493,598.9422232489582,TERN SEA,219814000,11.0
2025-11-22 09:05:43+00:00,55.353855,11.031493,598.9422232489582,TERN SEA,219814000,11.0
2025-11-22 09:05:43+00:00,55.353855,11.031493,598.9422232489582,TERN SEA,219814000,11.0
2025-11-22 09:05:46+00:00,55.270938,11.072577,8961.848415793094,RESOLUTE BAY,232005179,12.5
2025-11-22 09:05:46+00:00,55.270938,11.072577,8961.848415793094,RESOLUTE BAY,232005179,12.5
2025-11-22 09:05:46+00:00,55.270938,11.072577,8961.848415793094,RESOLUTE BAY,232005179,12.5
2025-11-22 09:05:46+00:00,55.270938,11.072577,8961.848415793094,RESOLUTE BAY,232005179,12.5
2025-11-22 09:05:49+00:00,55.369232,11.02765,2326.686384663931,STAVFJORD,259888000,11.7
2025-11-22 09:05:49+00:00,55.369232,11.02765,2326.686384663931,STAVFJORD,259888000,11.7
2025-11-22 09:05:49+00:00,55.369232,11.02765,2326.686384663931,STAVFJORD,259888000,11.7
2025-11-22 09:05:49+00:00,55.369232,11.02765,2326.686384663931,STAVFJORD,259888000,11.7
2025-11-22 09:05:51+00:00,55.411618,10.979235,7168.203419017885,ARC ENDEAVOR,366663000,11.4
2025-11-22 09:05:51+00:00,55.411618,10.979235,7168.203419017885,ARC ENDEAVOR,366663000,11.4
2025-11-22 09:05:51+00:00,55.411618,10.979235,7168.203419017885,ARC ENDEAVOR,366663000,11.4
2025-11-22 09:05:51+00:00,55.411618,10.979235,7168.203419017885,ARC ENDEAVOR,366663000,11.4
2025-11-22 09:05:53+00:00,55.353297,11.031502,538.3484457730434,TERN SEA,219814000,11.0
2025-11-22 09:05:53+00:00,55.353297,11.031502,538.3484457730434,TERN SEA,219814000,11.0
2025-11-22 09:05:53+00:00,55.353297,11.031502,538.3484457730434,TERN SEA,219814000,11.0
2025-11-22 09:05:56+00:00,55.271468,11.072167,8898.720584550892,RESOLUTE BAY,232005179,12.5
2025-11-22 09:05:56+00:00,55.271468,11.072167,8898.720584550892,RESOLUTE BAY,232005179,12.5
2025-11-22 09:05:56+00:00,55.271468,11.072167,8898.720584550892,RESOLUTE BAY,232005179,12.5
2025-11-22 09:05:56+00:00,55.271468,11.072167,8898.720584550892,RESOLUTE BAY,232005179,12.5
2025-11-22 09:05:56+00:00,55.271468,11.072167,8898.720584550892,RESOLUTE BAY,232005179,12.5
2025-11-22 09:06:00+00:00,55.411223,10.979717,7122.264453778933,ARC ENDEAVOR,366663000,11.5
2025-11-22 09:06:00+00:00,55.411223,10.979717,7122.264453778933,ARC ENDEAVOR,366663000,11.5
2025-11-22 09:06:00+00:00,55.411223,10.979717,7122.264453778933,ARC ENDEAVOR,366663000,11.5
2025-11-22 09:06:00+00:00,55.411223,10.979717,7122.264453778933,ARC ENDEAVOR,366663000,11.5
2025-11-22 09:06:00+00:00,55.411223,10.979717,7122.264453778933,ARC ENDEAVOR,366663000,11.5
2025-11-22 09:06:01+00:00,55.368733,11.028212,2266.1743458384367,STAVFJORD,259888000,11.7
2025-11-22 09:06:01+00:00,55.368733,11.028212,2266.1743458384367,STAVFJORD,259888000,11.7
2025-11-22 09:06:01+00:00,55.368733,11.028212,2266.1743458384367,STAVFJORD,259888000,11.7
2025-11-22 09:06:01+00:00,55.368733,11.028212,2266.1743458384367,STAVFJORD,259888000,11.7
2025-11-22 09:06:02+00:00,55.35284,11.03151,488.9980586521674,TERN SEA,219814000,11.0
2025-11-22 09:06:02+00:00,55.35284,11.03151,488.9980586521674,TERN SEA,219814000,11.0
2025-11-22 09:06:02+00:00,55.368642,11.028308,2255.2113554834445,STAVFJORD,259888000,11.6
2025-11-22 09:06:02+00:00,55.368642,11.028308,2255.2113554834445,STAVFJORD,259888000,11.6
2025-11-22 09:06:02+00:00,55.368642,11.028308,2255.2113554834445,STAVFJORD,259888000,11.6
2025-11-22 09:06:02+00:00,55.368642,11.028308,2255.2113554834445,STAVFJORD,259888000,11.6
2025-11-22 09:06:02+00:00,55.368642,11.028308,2255.2113554834445,STAVFJORD,259888000,11.6
2025-11-22 09:06:02+00:00,55.368642,11.028308,2255.2113554834445,STAVFJORD,259888000,11.6
2025-11-22 09:06:06+00:00,55.271997,11.071758,8835.734611725318,RESOLUTE BAY,232005179,12.4
2025-11-22 09:06:06+00:00,55.271997,11.071758,8835.734611725318,RESOLUTE BAY,232005179,12.4
2025-11-22 09:06:06+00:00,55.271997,11.071758,8835.734611725318,RESOLUTE BAY,232005179,12.4
2025-11-22 09:06:06+00:00,55.271997,11.071758,8835.734611725318,RESOLUTE BAY,232005179,12.4
2025-11-22 09:06:06+00:00,55.368503,11.028453,2238.498450671005,STAVFJORD,259888000,11.6
2025-11-22 09:06:06+00:00,55.368503,11.028453,2238.498450671005,STAVFJORD,259888000,11.6
2025-11-22 09:06:06+00:00,55.368503,11.028453,2238.498450671005,STAVFJORD,259888000,11.6
2025-11-22 09:06:06+00:00,55.368503,11.028453,2238.498450671005,STAVFJORD,259888000,11.6
2025-11-22 09:06:06+00:00,55.271997,11.071758,8835.734611725318,RESOLUTE BAY,232005179,12.4
2025-11-22 09:06:09+00:00,55.368317,11.028643,2216.204181514435,STAVFJORD,259888000,11.6
2025-11-22 09:06:09+00:00,55.368317,11.028643,2216.204181514435,STAVFJORD,259888000,11.6
2025-11-22 09:06:09+00:00,55.368317,11.028643,2216.204181514435,STAVFJORD,259888000,11.6
2025-11-22 09:06:09+00:00,55.368317,11.028643,2216.204181514435,STAVFJORD,259888000,11.6
2025-11-22 09:06:10+00:00,55.410787,10.980252,7071.267022548016,ARC ENDEAVOR,366663000,11.5
2025-11-22 09:06:10+00:00,55.410787,10.980252,7071.267022548016,ARC ENDEAVOR,366663000,11.5
2025-11-22 09:06:10+00:00,55.410787,10.980252,7071.267022548016,ARC ENDEAVOR,366663000,11.5
2025-11-22 09:06:10+00:00,55.410787,10.980252,7071.267022548016,ARC ENDEAVOR,366663000,11.5
2025-11-22 09:06:10+00:00,55.410787,10.980252,7071.267022548016,ARC ENDEAVOR,366663000,11.5
2025-11-22 09:06:12+00:00,55.352328,11.031518,434.13956048049323,TERN SEA,219814000,11.0
2025-11-22 09:06:12+00:00,55.352328,11.031518,434.13956048049323,TERN SEA,219814000,11.0
2025-11-22 09:06:12+00:00,55.352328,11.031518,434.13956048049323,TERN SEA,219814000,11.0
2025-11-22 09:06:12+00:00,55.352328,11.031518,434.13956048049323,TERN SEA,219814000,11.0
2025-11-22 09:06:13+00:00,55.368127,11.02882,2193.624642742672,STAVFJORD,259888000,11.5
2025-11-22 09:06:13+00:00,55.368127,11.02882,2193.624642742672,STAVFJORD,259888000,11.5
2025-11-22 09:06:13+00:00,55.368127,11.02882,2193.624642742672,STAVFJORD,259888000,11.5
2025-11-22 09:06:13+00:00,55.368127,11.02882,2193.624642742672,STAVFJORD,259888000,11.5
2025-11-22 09:06:15+00:00,55.272472,11.071387,8779.146741586377,RESOLUTE BAY,232005179,12.4
2025-11-22 09:06:15+00:00,55.272472,11.071387,8779.146741586377,RESOLUTE BAY,232005179,12.4
2025-11-22 09:06:15+00:00,55.272472,11.071387,8779.146741586377,RESOLUTE BAY,232005179,12.4
2025-11-22 09:06:15+00:00,55.272472,11.071387,8779.146741586377,RESOLUTE BAY,232005179,12.4
2025-11-22 09:06:15+00:00,55.272472,11.071387,8779.146741586377,RESOLUTE BAY,232005179,12.4
2025-11-22 09:06:17+00:00,55.367937,11.028983,2171.200973448079,STAVFJORD,259888000,11.4
2025-11-22 09:06:17+00:00,55.367937,11.028983,2171.200973448079,STAVFJORD,259888000,11.4
2025-11-22 09:06:20+00:00,55.410348,10.980783,7019.9532073365,ARC ENDEAVOR,366663000,11.5
2025-11-22 09:06:20+00:00,55.410348,10.980783,7019.9532073365,ARC ENDEAVOR,366663000,11.5
2025-11-22 09:06:20+00:00,55.410348,10.980783,7019.9532073365,ARC ENDEAVOR,366663000,11.5
2025-11-22 09:06:20+00:00,55.410348,10.980783,7019.9532073365,ARC ENDEAVOR,366663000,11.5
2025-11-22 09:06:21+00:00,55.367793,11.029097,2154.3070180040586,STAVFJORD,259888000,11.3
2025-11-22 09:06:21+00:00,55.367793,11.029097,2154.3070180040586,STAVFJORD,259888000,11.3
2025-11-22 09:06:21+00:00,55.367793,11.029097,2154.3070180040586,STAVFJORD,259888000,11.3
2025-11-22 09:06:21+00:00,55.367793,11.029097,2154.3070180040586,STAVFJORD,259888000,11.3
2025-11-22 09:06:23+00:00,55.351765,11.03153,373.9653154618818,TERN SEA,219814000,11.0
2025-11-22 09:06:23+00:00,55.367697,11.029168,2143.0946735044513,STAVFJORD,259888000,11.3
2025-11-22 09:06:23+00:00,55.367697,11.029168,2143.0946735044513,STAVFJORD,259888000,11.3
2025-11-22 09:06:23+00:00,55.367697,11.029168,2143.0946735044513,STAVFJORD,259888000,11.3
2025-11-22 09:06:23+00:00,55.351765,11.03153,373.9653154618818,TERN SEA,219814000,11.0
2025-11-22 09:06:23+00:00,55.351765,11.03153,373.9653154618818,TERN SEA,219814000,11.0
2025-11-22 09:06:23+00:00,55.351765,11.03153,373.9653154618818,TERN SEA,219814000,11.0
2025-11-22 09:06:23+00:00,55.367697,11.029168,2143.0946735044513,STAVFJORD,259888000,11.3
2025-11-22 09:06:26+00:00,55.367505,11.02929,2120.855773365435,STAVFJORD,259888000,11.1
2025-11-22 09:06:26+00:00,55.367505,11.02929,2120.855773365435,STAVFJORD,259888000,11.1
2025-11-22 09:06:26+00:00,55.367505,11.02929,2120.855773365435,STAVFJORD,259888000,11.1
2025-11-22 09:06:26+00:00,55.367505,11.02929,2120.855773365435,STAVFJORD,259888000,11.1
2025-11-22 09:06:27+00:00,55.273105,11.070892,8703.755145472487,RESOLUTE BAY,232005179,12.4
2025-11-22 09:06:27+00:00,55.273105,11.070892,8703.755145472487,RESOLUTE BAY,232005179,12.4
2025-11-22 09:06:27+00:00,55.273105,11.070892,8703.755145472487,RESOLUTE BAY,232005179,12.4
2025-11-22 09:06:27+00:00,55.273105,11.070892,8703.755145472487,RESOLUTE BAY,232005179,12.4
2025-11-22 09:06:27+00:00,55.273105,11.070892,8703.755145472487,RESOLUTE BAY,232005179,12.4
2025-11-22 09:06:29+00:00,55.36736,11.029368,2104.1892314386546,STAVFJORD,259888000,11.0
2025-11-22 09:06:29+00:00,55.36736,11.029368,2104.1892314386546,STAVFJORD,259888000,11.0
2025-11-22 09:06:29+00:00,55.36736,11.029368,2104.1892314386546,STAVFJORD,259888000,11.0
2025-11-22 09:06:30+00:00,55.409863,10.981365,6963.388581097106,ARC ENDEAVOR,366663000,11.5
2025-11-22 09:06:30+00:00,55.409863,10.981365,6963.388581097106,ARC ENDEAVOR,366663000,11.5
2025-11-22 09:06:30+00:00,55.409863,10.981365,6963.388581097106,ARC ENDEAVOR,366663000,11.5
2025-11-22 09:06:30+00:00,55.409863,10.981365,6963.388581097106,ARC ENDEAVOR,366663000,11.5
2025-11-22 09:06:30+00:00,55.409863,10.981365,6963.388581097106,ARC ENDEAVOR,366663000,11.5
2025-11-22 09:06:32+00:00,55.351352,11.031542,329.0084274030342,TERN SEA,219814000,11.0
2025-11-22 09:06:32+00:00,55.351352,11.031542,329.0084274030342,TERN SEA,219814000,11.0
2025-11-22 09:06:32+00:00,55.351352,11.031542,329.0084274030342,TERN SEA,219814000,11.0
2025-11-22 09:06:32+00:00,55.351352,11.031542,329.0084274030342,TERN SEA,219814000,11.0
2025-11-22 09:06:33+00:00,55.367215,11.029442,2087.560293592193,STAVFJORD,259888000,10.9
2025-11-22 09:06:33+00:00,55.367215,11.029442,2087.560293592193,STAVFJORD,259888000,10.9
2025-11-22 09:06:33+00:00,55.367215,11.029442,2087.560293592193,STAVFJORD,259888000,10.9
2025-11-22 09:06:33+00:00,55.367215,11.029442,2087.560293592193,STAVFJORD,259888000,10.9
2025-11-22 09:06:36+00:00,55.27358,11.070523,8647.233526003694,RESOLUTE BAY,232005179,12.4
2025-11-22 09:06:36+00:00,55.27358,11.070523,8647.233526003694,RESOLUTE BAY,232005179,12.4
2025-11-22 09:06:36+00:00,55.27358,11.070523,8647.233526003694,RESOLUTE BAY,232005179,12.4
2025-11-22 09:06:36+00:00,55.27358,11.070523,8647.233526003694,RESOLUTE BAY,232005179,12.4
2025-11-22 09:06:36+00:00,55.27358,11.070523,8647.233526003694,RESOLUTE BAY,232005179,12.4
2025-11-22 09:06:37+00:00,55.366975,11.029532,2060.317141240444,STAVFJORD,259888000,10.7
2025-11-22 09:06:37+00:00,55.366975,11.029532,2060.317141240444,STAVFJORD,259888000,10.7
2025-11-22 09:06:37+00:00,55.366975,11.029532,2060.317141240444,STAVFJORD,259888000,10.7
2025-11-22 09:06:37+00:00,55.366975,11.029532,2060.317141240444,STAVFJORD,259888000,10.7
2025-11-22 09:06:40+00:00,55.36683,11.02958,2043.9125422125585,STAVFJORD,259888000,10.6
2025-11-22 09:06:40+00:00,55.409465,10.981843,6917.022932813697,ARC ENDEAVOR,366663000,11.5
2025-11-22 09:06:40+00:00,55.409465,10.981843,6917.022932813697,ARC ENDEAVOR,366663000,11.5
2025-11-22 09:06:40+00:00,55.409465,10.981843,6917.022932813697,ARC ENDEAVOR,366663000,11.5
2025-11-22 09:06:40+00:00,55.409465,10.981843,6917.022932813697,ARC ENDEAVOR,366663000,11.5
2025-11-22 09:06:40+00:00,55.36683,11.02958,2043.9125422125585,STAVFJORD,259888000,10.6
2025-11-22 09:06:40+00:00,55.36683,11.02958,2043.9125422125585,STAVFJORD,259888000,10.6
2025-11-22 09:06:40+00:00,55.36683,11.02958,2043.9125422125585,STAVFJORD,259888000,10.6
2025-11-22 09:06:43+00:00,55.350787,11.031552,267.1074397976249,TERN SEA,219814000,11.1
2025-11-22 09:06:43+00:00,55.350787,11.031552,267.1074397976249,TERN SEA,219814000,11.1
2025-11-22 09:06:43+00:00,55.350787,11.031552,267.1074397976249,TERN SEA,219814000,11.1
2025-11-22 09:06:43+00:00,55.350787,11.031552,267.1074397976249,TERN SEA,219814000,11.1
2025-11-22 09:06:44+00:00,55.366687,11.029625,2027.7542565158697,STAVFJORD,259888000,10.5
2025-11-22 09:06:44+00:00,55.366687,11.029625,2027.7542565158697,STAVFJORD,259888000,10.5
2025-11-22 09:06:44+00:00,55.366687,11.029625,2027.7542565158697,STAVFJORD,259888000,10.5
2025-11-22 09:06:44+00:00,55.366687,11.029625,2027.7542565158697,STAVFJORD,259888000,10.5
2025-11-22 09:06:46+00:00,55.36659,11.029652,2016.823523374856,STAVFJORD,259888000,10.5
2025-11-22 09:06:46+00:00,55.36659,11.029652,2016.823523374856,STAVFJORD,259888000,10.5
2025-11-22 09:06:46+00:00,55.36659,11.029652,2016.823523374856,STAVFJORD,259888000,10.5
2025-11-22 09:06:46+00:00,55.274107,11.070108,8584.47400068618,RESOLUTE BAY,232005179,12.4
2025-11-22 09:06:46+00:00,55.274107,11.070108,8584.47400068618,RESOLUTE BAY,232005179,12.4
2025-11-22 09:06:46+00:00,55.274107,11.070108,8584.47400068618,RESOLUTE BAY,232005179,12.4
2025-11-22 09:06:46+00:00,55.274107,11.070108,8584.47400068618,RESOLUTE BAY,232005179,12.4
2025-11-22 09:06:46+00:00,55.274107,11.070108,8584.47400068618,RESOLUTE BAY,232005179,12.4
2025-11-22 09:06:49+00:00,55.366398,11.0297,1995.233270004793,STAVFJORD,259888000,10.5
2025-11-22 09:06:49+00:00,55.366398,11.0297,1995.233270004793,STAVFJORD,259888000,10.5
2025-11-22 09:06:49+00:00,55.366398,11.0297,1995.233270004793,STAVFJORD,259888000,10.5
2025-11-22 09:06:49+00:00,55.366398,11.0297,1995.233270004793,STAVFJORD,259888000,10.5
2025-11-22 09:06:51+00:00,55.40898,10.982427,6860.601733784395,ARC ENDEAVOR,366663000,11.5
2025-11-22 09:06:51+00:00,55.40898,10.982427,6860.601733784395,ARC ENDEAVOR,366663000,11.5
2025-11-22 09:06:51+00:00,55.40898,10.982427,6860.601733784395,ARC ENDEAVOR,366663000,11.5
2025-11-22 09:06:51+00:00,55.40898,10.982427,6860.601733784395,ARC ENDEAVOR,366663000,11.5
2025-11-22 09:06:52+00:00,55.366253,11.02974,1978.8966433087496,STAVFJORD,259888000,10.4
2025-11-22 09:06:52+00:00,55.366253,11.02974,1978.8966433087496,STAVFJORD,259888000,10.4
2025-11-22 09:06:52+00:00,55.366253,11.02974,1978.8966433087496,STAVFJORD,259888000,10.4
2025-11-22 09:06:52+00:00,55.366253,11.02974,1978.8966433087496,STAVFJORD,259888000,10.4
2025-11-22 09:06:53+00:00,55.35022,11.031563,204.96180409894478,TERN SEA,219814000,11.1
2025-11-22 09:06:53+00:00,55.35022,11.031563,204.96180409894478,TERN SEA,219814000,11.1
2025-11-22 09:06:53+00:00,55.35022,11.031563,204.96180409894478,TERN SEA,219814000,11.1
2025-11-22 09:06:53+00:00,55.35022,11.031563,204.96180409894478,TERN SEA,219814000,11.1
2025-11-22 09:06:56+00:00,55.27463,11.06969,8522.135226507795,RESOLUTE BAY,232005179,12.4
2025-11-22 09:06:56+00:00,55.27463,11.06969,8522.135226507795,RESOLUTE BAY,232005179,12.4
2025-11-22 09:06:56+00:00,55.27463,11.06969,8522.135226507795,RESOLUTE BAY,232005179,12.4
2025-11-22 09:06:56+00:00,55.27463,11.06969,8522.135226507795,RESOLUTE BAY,232005179,12.4
2025-11-22 09:06:56+00:00,55.27463,11.06969,8522.135226507795,RESOLUTE BAY,232005179,12.4
2025-11-22 09:07:00+00:00,55.408583,10.982908,6814.472834852399,ARC ENDEAVOR,366663000,11.5
2025-11-22 09:07:00+00:00,55.408583,10.982908,6814.472834852399,ARC ENDEAVOR,366663000,11.5
2025-11-22 09:07:00+00:00,55.408583,10.982908,6814.472834852399,ARC ENDEAVOR,366663000,11.5
2025-11-22 09:07:01+00:00,55.365862,11.029855,1934.7848040284216,STAVFJORD,259888000,10.4
2025-11-22 09:07:01+00:00,55.365862,11.029855,1934.7848040284216,STAVFJORD,259888000,10.4
2025-11-22 09:07:01+00:00,55.365862,11.029855,1934.7848040284216,STAVFJORD,259888000,10.4
2025-11-22 09:07:01+00:00,55.365862,11.029855,1934.7848040284216,STAVFJORD,259888000,10.4
2025-11-22 09:07:02+00:00,55.349757,11.03157,154.23814948362678,TERN SEA,219814000,11.1
2025-11-22 09:07:02+00:00,55.349757,11.03157,154.23814948362678,TERN SEA,219814000,11.1
2025-11-22 09:07:02+00:00,55.349757,11.03157,154.23814948362678,TERN SEA,219814000,11.1
2025-11-22 09:07:02+00:00,55.349757,11.03157,154.23814948362678,TERN SEA,219814000,11.1
2025-11-22 09:07:05+00:00,55.365862,11.029855,1934.7848040284216,STAVFJORD,259888000,10.4
2025-11-22 09:07:05+00:00,55.365862,11.029855,1934.7848040284216,STAVFJORD,259888000,10.4
2025-11-22 09:07:05+00:00,55.365862,11.029855,1934.7848040284216,STAVFJORD,259888000,10.4
2025-11-22 09:07:05+00:00,55.365862,11.029855,1934.7848040284216,STAVFJORD,259888000,10.4
2025-11-22 09:07:06+00:00,55.275158,11.069272,8459.273377585743,RESOLUTE BAY,232005179,12.4
2025-11-22 09:07:06+00:00,55.275158,11.069272,8459.273377585743,RESOLUTE BAY,232005179,12.4
2025-11-22 09:07:06+00:00,55.275158,11.069272,8459.273377585743,RESOLUTE BAY,232005179,12.4
2025-11-22 09:07:06+00:00,55.275158,11.069272,8459.273377585743,RESOLUTE BAY,232005179,12.4
2025-11-22 09:07:06+00:00,55.275158,11.069272,8459.273377585743,RESOLUTE BAY,232005179,12.4
2025-11-22 09:07:09+00:00,55.36543,11.029952,1886.298994791368,STAVFJORD,259888000,10.4
2025-11-22 09:07:09+00:00,55.36543,11.029952,1886.298994791368,STAVFJORD,259888000,10.4
2025-11-22 09:07:09+00:00,55.36543,11.029952,1886.298994791368,STAVFJORD,259888000,10.4
2025-11-22 09:07:09+00:00,55.36543,11.029952,1886.298994791368,STAVFJORD,259888000,10.4
2025-11-22 09:07:10+00:00,55.408142,10.983448,6762.977519106717,ARC ENDEAVOR,366663000,11.5
2025-11-22 09:07:10+00:00,55.408142,10.983448,6762.977519106717,ARC ENDEAVOR,366663000,11.5
2025-11-22 09:07:10+00:00,55.408142,10.983448,6762.977519106717,ARC ENDEAVOR,366663000,11.5
2025-11-22 09:07:10+00:00,55.408142,10.983448,6762.977519106717,ARC ENDEAVOR,366663000,11.5
2025-11-22 09:07:13+00:00,55.34919,11.03158,92.14634761220012,TERN SEA,219814000,11.1
2025-11-22 09:07:13+00:00,55.34919,11.03158,92.14634761220012,TERN SEA,219814000,11.1
2025-11-22 09:07:13+00:00,55.34919,11.03158,92.14634761220012,TERN SEA,219814000,11.1
2025-11-22 09:07:13+00:00,55.34919,11.03158,92.14634761220012,TERN SEA,219814000,11.1
2025-11-22 09:07:15+00:00,55.275633,11.068898,8402.768046634954,RESOLUTE BAY,232005179,12.4
2025-11-22 09:07:15+00:00,55.275633,11.068898,8402.768046634954,RESOLUTE BAY,232005179,12.4
2025-11-22 09:07:15+00:00,55.275633,11.068898,8402.768046634954,RESOLUTE BAY,232005179,12.4
2025-11-22 09:07:15+00:00,55.275633,11.068898,8402.768046634954,RESOLUTE BAY,232005179,12.4
2025-11-22 09:07:15+00:00,55.275633,11.068898,8402.768046634954,RESOLUTE BAY,232005179,12.4
2025-11-22 09:07:20+00:00,55.407702,10.983987,6711.593881171974,ARC ENDEAVOR,366663000,11.5
2025-11-22 09:07:20+00:00,55.407702,10.983987,6711.593881171974,ARC ENDEAVOR,366663000,11.5
2025-11-22 09:07:20+00:00,55.407702,10.983987,6711.593881171974,ARC ENDEAVOR,366663000,11.5
2025-11-22 09:07:20+00:00,55.407702,10.983987,6711.593881171974,ARC ENDEAVOR,366663000,11.5
2025-11-22 09:07:21+00:00,55.364908,11.030028,1828.0585872193801,STAVFJORD,259888000,10.4
2025-11-22 09:07:21+00:00,55.364908,11.030028,1828.0585872193801,STAVFJORD,259888000,10.4
2025-11-22 09:07:21+00:00,55.364908,11.030028,1828.0585872193801,STAVFJORD,259888000,10.4
2025-11-22 09:07:21+00:00,55.364908,11.030028,1828.0585872193801,STAVFJORD,259888000,10.4
2025-11-22 09:07:23+00:00,55.348672,11.031583,35.510412058225235,TERN SEA,219814000,11.1
2025-11-22 09:07:23+00:00,55.348672,11.031583,35.510412058225235,TERN SEA,219814000,11.1
2025-11-22 09:07:23+00:00,55.348672,11.031583,35.510412058225235,TERN SEA,219814000,11.1
2025-11-22 09:07:23+00:00,55.348672,11.031583,35.510412058225235,TERN SEA,219814000,11.1
2025-11-22 09:07:26+00:00,55.276267,11.068405,8327.455575398495,RESOLUTE BAY,232005179,12.4
2025-11-22 09:07:26+00:00,55.276267,11.068405,8327.455575398495,RESOLUTE BAY,232005179,12.4
2025-11-22 09:07:26+00:00,55.276267,11.068405,8327.455575398495,RESOLUTE BAY,232005179,12.4
2025-11-22 09:07:27+00:00,55.276267,11.068405,8327.455575398495,RESOLUTE BAY,232005179,12.4
2025-11-22 09:07:29+00:00,55.364475,11.030073,1779.9061805045149,STAVFJORD,259888000,10.3
2025-11-22 09:07:29+00:00,55.364475,11.030073,1779.9061805045149,STAVFJORD,259888000,10.3
2025-11-22 09:07:29+00:00,55.364475,11.030073,1779.9061805045149,STAVFJORD,259888000,10.3
2025-11-22 09:07:30+00:00,55.40722,10.984583,6655.336309658972,ARC ENDEAVOR,366663000,11.5
2025-11-22 09:07:30+00:00,55.40722,10.984583,6655.336309658972,ARC ENDEAVOR,366663000,11.5
2025-11-22 09:07:30+00:00,55.40722,10.984583,6655.336309658972,ARC ENDEAVOR,366663000,11.5
2025-11-22 09:07:30+00:00,55.40722,10.984583,6655.336309658972,ARC ENDEAVOR,366663000,11.5
2025-11-22 09:07:30+00:00,55.40722,10.984583,6655.336309658972,ARC ENDEAVOR,366663000,11.5
2025-11-22 09:07:30+00:00,55.40722,10.984583,6655.336309658972,ARC ENDEAVOR,366663000,11.5
2025-11-22 09:07:32+00:00,55.348202,11.031583,15.857308627371708,TERN SEA,219814000,11.1
2025-11-22 09:07:32+00:00,55.348202,11.031583,15.857308627371708,TERN SEA,219814000,11.1
2025-11-22 09:07:32+00:00,55.348202,11.031583,15.857308627371708,TERN SEA,219814000,11.1
2025-11-22 09:07:32+00:00,55.348202,11.031583,15.857308627371708,TERN SEA,219814000,11.1
2025-11-22 09:07:36+00:00,55.276742,11.06804,8271.098326805431,RESOLUTE BAY,232005179,12.4
2025-11-22 09:07:36+00:00,55.40722,10.984583,6655.336309658972,ARC ENDEAVOR,366663000,11.5
2025-11-22 09:07:36+00:00,55.40722,10.984583,6655.336309658972,ARC ENDEAVOR,366663000,11.5
2025-11-22 09:07:36+00:00,55.276742,11.06804,8271.098326805431,RESOLUTE BAY,232005179,12.4
2025-11-22 09:07:36+00:00,55.276742,11.06804,8271.098326805431,RESOLUTE BAY,232005179,12.4
2025-11-22 09:07:36+00:00,55.276742,11.06804,8271.098326805431,RESOLUTE BAY,232005179,12.4
2025-11-22 09:07:36+00:00,55.276742,11.06804,8271.098326805431,RESOLUTE BAY,232005179,12.4
2025-11-22 09:07:40+00:00,55.363952,11.030108,1721.9251655356022,STAVFJORD,259888000,10.3
2025-11-22 09:07:40+00:00,55.363952,11.030108,1721.9251655356022,STAVFJORD,259888000,10.3
2025-11-22 09:07:40+00:00,55.406825,10.98507,6609.1989759573835,ARC ENDEAVOR,366663000,11.5
2025-11-22 09:07:40+00:00,55.363952,11.030108,1721.9251655356022,STAVFJORD,259888000,10.3
2025-11-22 09:07:40+00:00,55.406825,10.98507,6609.1989759573835,ARC ENDEAVOR,366663000,11.5
2025-11-22 09:07:40+00:00,55.406825,10.98507,6609.1989759573835,ARC ENDEAVOR,366663000,11.5
2025-11-22 09:07:40+00:00,55.406825,10.98507,6609.1989759573835,ARC ENDEAVOR,366663000,11.5
2025-11-22 09:07:40+00:00,55.406825,10.98507,6609.1989759573835,ARC ENDEAVOR,366663000,11.5
2025-11-22 09:07:40+00:00,55.363952,11.030108,1721.9251655356022,STAVFJORD,259888000,10.3
2025-11-22 09:07:43+00:00,55.347632,11.031577,77.95229315957157,TERN SEA,219814000,11.1
2025-11-22 09:07:43+00:00,55.347632,11.031577,77.95229315957157,TERN SEA,219814000,11.1
2025-11-22 09:07:43+00:00,55.347632,11.031577,77.95229315957157,TERN SEA,219814000,11.1
2025-11-22 09:07:43+00:00,55.347632,11.031577,77.95229315957157,TERN SEA,219814000,11.1
2025-11-22 09:07:43+00:00,55.347632,11.031577,77.95229315957157,TERN SEA,219814000,11.1
2025-11-22 09:07:44+00:00,55.347632,11.031577,77.95229315957157,TERN SEA,219814000,11.1
2025-11-22 09:07:44+00:00,55.347632,11.031577,77.95229315957157,TERN SEA,219814000,11.1
2025-11-22 09:07:44+00:00,55.347632,11.031577,77.95229315957157,TERN SEA,219814000,11.1
2025-11-22 09:07:46+00:00,55.27727,11.06764,8208.526550011313,RESOLUTE BAY,232005179,12.4
2025-11-22 09:07:46+00:00,55.27727,11.06764,8208.526550011313,RESOLUTE BAY,232005179,12.4
2025-11-22 09:07:46+00:00,55.27727,11.06764,8208.526550011313,RESOLUTE BAY,232005179,12.4
2025-11-22 09:07:46+00:00,55.27727,11.06764,8208.526550011313,RESOLUTE BAY,232005179,12.4
2025-11-22 09:07:51+00:00,55.363475,11.030157,1668.9080389283906,STAVFJORD,259888000,10.3
2025-11-22 09:07:51+00:00,55.363475,11.030157,1668.9080389283906,STAVFJORD,259888000,10.3
2025-11-22 09:07:51+00:00,55.363475,11.030157,1668.9080389283906,STAVFJORD,259888000,10.3
2025-11-22 09:07:51+00:00,55.406338,10.98566,6552.326347971598,ARC ENDEAVOR,366663000,11.6
2025-11-22 09:07:51+00:00,55.406338,10.98566,6552.326347971598,ARC ENDEAVOR,366663000,11.6
2025-11-22 09:07:51+00:00,55.406338,10.98566,6552.326347971598,ARC ENDEAVOR,366663000,11.6
2025-11-22 09:07:51+00:00,55.406338,10.98566,6552.326347971598,ARC ENDEAVOR,366663000,11.6
2025-11-22 09:07:53+00:00,55.347123,11.031572,133.26461356994562,TERN SEA,219814000,11.1
2025-11-22 09:07:53+00:00,55.347123,11.031572,133.26461356994562,TERN SEA,219814000,11.1
2025-11-22 09:07:53+00:00,55.347123,11.031572,133.26461356994562,TERN SEA,219814000,11.1
2025-11-22 09:07:53+00:00,55.347123,11.031572,133.26461356994562,TERN SEA,219814000,11.1
2025-11-22 09:07:56+00:00,55.277797,11.067237,8146.047271207789,RESOLUTE BAY,232005179,12.4
2025-11-22 09:07:56+00:00,55.277797,11.067237,8146.047271207789,RESOLUTE BAY,232005179,12.4
2025-11-22 09:07:56+00:00,55.277797,11.067237,8146.047271207789,RESOLUTE BAY,232005179,12.4
2025-11-22 09:07:56+00:00,55.277797,11.067237,8146.047271207789,RESOLUTE BAY,232005179,12.4
2025-11-22 09:08:00+00:00,55.405942,10.986147,6506.140416617198,ARC ENDEAVOR,366663000,11.6
2025-11-22 09:08:00+00:00,55.405942,10.986147,6506.140416617198,ARC ENDEAVOR,366663000,11.6
2025-11-22 09:08:00+00:00,55.405942,10.986147,6506.140416617198,ARC ENDEAVOR,366663000,11.6
2025-11-22 09:08:01+00:00,55.363,11.030212,1616.0682841753344,STAVFJORD,259888000,10.3
2025-11-22 09:08:01+00:00,55.363,11.030212,1616.0682841753344,STAVFJORD,259888000,10.3
2025-11-22 09:08:01+00:00,55.363,11.030212,1616.0682841753344,STAVFJORD,259888000,10.3
2025-11-22 09:08:01+00:00,55.363,11.030212,1616.0682841753344,STAVFJORD,259888000,10.3
2025-11-22 09:08:02+00:00,55.346662,11.031563,182.68283746262287,TERN SEA,219814000,11.1
2025-11-22 09:08:02+00:00,55.346662,11.031563,182.68283746262287,TERN SEA,219814000,11.1
2025-11-22 09:08:02+00:00,55.346662,11.031563,182.68283746262287,TERN SEA,219814000,11.1
2025-11-22 09:08:06+00:00,55.278327,11.066838,8082.94437825726,RESOLUTE BAY,232005179,12.4
2025-11-22 09:08:06+00:00,55.278327,11.066838,8082.94437825726,RESOLUTE BAY,232005179,12.4
2025-11-22 09:08:06+00:00,55.278327,11.066838,8082.94437825726,RESOLUTE BAY,232005179,12.4
2025-11-22 09:08:06+00:00,55.278327,11.066838,8082.94437825726,RESOLUTE BAY,232005179,12.4
2025-11-22 09:08:08+00:00,55.278327,11.066838,8082.94437825726,RESOLUTE BAY,232005179,12.4
2025-11-22 09:08:09+00:00,55.362568,11.030265,1567.9935480170736,STAVFJORD,259888000,10.3
2025-11-22 09:08:09+00:00,55.362568,11.030265,1567.9935480170736,STAVFJORD,259888000,10.3
2025-11-22 09:08:09+00:00,55.362568,11.030265,1567.9935480170736,STAVFJORD,259888000,10.3
2025-11-22 09:08:09+00:00,55.362568,11.030265,1567.9935480170736,STAVFJORD,259888000,10.3
2025-11-22 09:08:10+00:00,55.405498,10.986685,6454.457998298084,ARC ENDEAVOR,366663000,11.6
2025-11-22 09:08:10+00:00,55.405498,10.986685,6454.457998298084,ARC ENDEAVOR,366663000,11.6
2025-11-22 09:08:10+00:00,55.405498,10.986685,6454.457998298084,ARC ENDEAVOR,366663000,11.6
2025-11-22 09:08:10+00:00,55.405498,10.986685,6454.457998298084,ARC ENDEAVOR,366663000,11.6
2025-11-22 09:08:13+00:00,55.346097,11.031552,242.60323909735166,TERN SEA,219814000,11.1
2025-11-22 09:08:13+00:00,55.346097,11.031552,242.60323909735166,TERN SEA,219814000,11.1
2025-11-22 09:08:13+00:00,55.346097,11.031552,242.60323909735166,TERN SEA,219814000,11.1
2025-11-22 09:08:13+00:00,55.346097,11.031552,242.60323909735166,TERN SEA,219814000,11.1
2025-11-22 09:08:15+00:00,55.278802,11.066483,8026.4051287371985,RESOLUTE BAY,232005179,12.4
2025-11-22 09:08:15+00:00,55.278802,11.066483,8026.4051287371985,RESOLUTE BAY,232005179,12.4
2025-11-22 09:08:15+00:00,55.278802,11.066483,8026.4051287371985,RESOLUTE BAY,232005179,12.4
2025-11-22 09:08:15+00:00,55.278802,11.066483,8026.4051287371985,RESOLUTE BAY,232005179,12.4
2025-11-22 09:08:20+00:00,55.405055,10.987232,6402.985733516918,ARC ENDEAVOR,366663000,11.6
2025-11-22 09:08:20+00:00,55.405055,10.987232,6402.985733516918,ARC ENDEAVOR,366663000,11.6
2025-11-22 09:08:20+00:00,55.405055,10.987232,6402.985733516918,ARC ENDEAVOR,366663000,11.6
2025-11-22 09:08:20+00:00,55.405055,10.987232,6402.985733516918,ARC ENDEAVOR,366663000,11.6
2025-11-22 09:08:20+00:00,55.405055,10.987232,6402.985733516918,ARC ENDEAVOR,366663000,11.6
2025-11-22 09:08:21+00:00,55.36204,11.030337,1509.1793276302787,STAVFJORD,259888000,10.3
2025-11-22 09:08:21+00:00,55.36204,11.030337,1509.1793276302787,STAVFJORD,259888000,10.3
2025-11-22 09:08:21+00:00,55.36204,11.030337,1509.1793276302787,STAVFJORD,259888000,10.3
2025-11-22 09:08:21+00:00,55.36204,11.030337,1509.1793276302787,STAVFJORD,259888000,10.3
2025-11-22 09:08:23+00:00,55.345577,11.03154,298.23694564058513,TERN SEA,219814000,11.1
2025-11-22 09:08:23+00:00,55.345577,11.03154,298.23694564058513,TERN SEA,219814000,11.1
2025-11-22 09:08:23+00:00,55.345577,11.03154,298.23694564058513,TERN SEA,219814000,11.1
2025-11-22 09:08:23+00:00,55.345577,11.03154,298.23694564058513,TERN SEA,219814000,11.1
2025-11-22 09:08:27+00:00,55.279438,11.066008,7950.72795135968,RESOLUTE BAY,232005179,12.4
2025-11-22 09:08:27+00:00,55.279438,11.066008,7950.72795135968,RESOLUTE BAY,232005179,12.4
2025-11-22 09:08:27+00:00,55.279438,11.066008,7950.72795135968,RESOLUTE BAY,232005179,12.4
2025-11-22 09:08:27+00:00,55.279438,11.066008,7950.72795135968,RESOLUTE BAY,232005179,12.4
2025-11-22 09:08:27+00:00,55.279438,11.066008,7950.72795135968,RESOLUTE BAY,232005179,12.4
2025-11-22 09:08:29+00:00,55.36161,11.030392,1461.3248241775768,STAVFJORD,259888000,10.3
2025-11-22 09:08:29+00:00,55.36161,11.030392,1461.3248241775768,STAVFJORD,259888000,10.3
2025-11-22 09:08:29+00:00,55.36161,11.030392,1461.3248241775768,STAVFJORD,259888000,10.3
2025-11-22 09:08:30+00:00,55.404567,10.987832,6346.473901264916,ARC ENDEAVOR,366663000,11.6
2025-11-22 09:08:30+00:00,55.404567,10.987832,6346.473901264916,ARC ENDEAVOR,366663000,11.6
2025-11-22 09:08:30+00:00,55.404567,10.987832,6346.473901264916,ARC ENDEAVOR,366663000,11.6
2025-11-22 09:08:30+00:00,55.404567,10.987832,6346.473901264916,ARC ENDEAVOR,366663000,11.6
2025-11-22 09:08:30+00:00,55.404567,10.987832,6346.473901264916,ARC ENDEAVOR,366663000,11.6
2025-11-22 09:08:32+00:00,55.34516,11.031527,342.88005793201955,TERN SEA,219814000,11.2
2025-11-22 09:08:32+00:00,55.34516,11.031527,342.88005793201955,TERN SEA,219814000,11.2
2025-11-22 09:08:32+00:00,55.34516,11.031527,342.88005793201955,TERN SEA,219814000,11.2
2025-11-22 09:08:32+00:00,55.34516,11.031527,342.88005793201955,TERN SEA,219814000,11.2
2025-11-22 09:08:36+00:00,55.279915,11.065643,7893.866699717346,RESOLUTE BAY,232005179,12.4
2025-11-22 09:08:36+00:00,55.279915,11.065643,7893.866699717346,RESOLUTE BAY,232005179,12.4
2025-11-22 09:08:36+00:00,55.279915,11.065643,7893.866699717346,RESOLUTE BAY,232005179,12.4
2025-11-22 09:08:36+00:00,55.279915,11.065643,7893.866699717346,RESOLUTE BAY,232005179,12.4
2025-11-22 09:08:40+00:00,55.404165,10.988325,6300.026016200067,ARC ENDEAVOR,366663000,11.6
2025-11-22 09:08:40+00:00,55.361082,11.03045,1402.6708410935646,STAVFJORD,259888000,10.3
2025-11-22 09:08:40+00:00,55.361082,11.03045,1402.6708410935646,STAVFJORD,259888000,10.3
2025-11-22 09:08:40+00:00,55.361082,11.03045,1402.6708410935646,STAVFJORD,259888000,10.3
2025-11-22 09:08:40+00:00,55.361082,11.03045,1402.6708410935646,STAVFJORD,259888000,10.3
2025-11-22 09:08:40+00:00,55.404165,10.988325,6300.026016200067,ARC ENDEAVOR,366663000,11.6
2025-11-22 09:08:40+00:00,55.404165,10.988325,6300.026016200067,ARC ENDEAVOR,366663000,11.6
2025-11-22 09:08:43+00:00,55.344583,11.031512,405.2260122242372,TERN SEA,219814000,11.2
2025-11-22 09:08:43+00:00,55.344583,11.031512,405.2260122242372,TERN SEA,219814000,11.2
2025-11-22 09:08:43+00:00,55.344583,11.031512,405.2260122242372,TERN SEA,219814000,11.2
2025-11-22 09:08:43+00:00,55.344583,11.031512,405.2260122242372,TERN SEA,219814000,11.2
2025-11-22 09:08:46+00:00,55.280443,11.065238,7830.9312782554625,RESOLUTE BAY,232005179,12.4
2025-11-22 09:08:46+00:00,55.280443,11.065238,7830.9312782554625,RESOLUTE BAY,232005179,12.4
2025-11-22 09:08:46+00:00,55.280443,11.065238,7830.9312782554625,RESOLUTE BAY,232005179,12.4
2025-11-22 09:08:51+00:00,55.403678,10.988928,6243.865495816498,ARC ENDEAVOR,366663000,11.6
2025-11-22 09:08:51+00:00,55.403678,10.988928,6243.865495816498,ARC ENDEAVOR,366663000,11.6
2025-11-22 09:08:51+00:00,55.403678,10.988928,6243.865495816498,ARC ENDEAVOR,366663000,11.6
2025-11-22 09:08:51+00:00,55.403678,10.988928,6243.865495816498,ARC ENDEAVOR,366663000,11.6
2025-11-22 09:08:51+00:00,55.360598,11.030495,1349.0054183271732,STAVFJORD,259888000,10.3
2025-11-22 09:08:51+00:00,55.360598,11.030495,1349.0054183271732,STAVFJORD,259888000,10.3
2025-11-22 09:08:51+00:00,55.360598,11.030495,1349.0054183271732,STAVFJORD,259888000,10.3
2025-11-22 09:08:51+00:00,55.360598,11.030495,1349.0054183271732,STAVFJORD,259888000,10.3
2025-11-22 09:08:53+00:00,55.344012,11.031502,467.27861971877707,TERN SEA,219814000,11.2
2025-11-22 09:08:53+00:00,55.344012,11.031502,467.27861971877707,TERN SEA,219814000,11.2
2025-11-22 09:08:53+00:00,55.344012,11.031502,467.27861971877707,TERN SEA,219814000,11.2
2025-11-22 09:08:53+00:00,55.344012,11.031502,467.27861971877707,TERN SEA,219814000,11.2
2025-11-22 09:08:56+00:00,55.28097,11.06483,7768.084361332142,RESOLUTE BAY,232005179,12.4
2025-11-22 09:08:56+00:00,55.28097,11.06483,7768.084361332142,RESOLUTE BAY,232005179,12.4
2025-11-22 09:08:56+00:00,55.28097,11.06483,7768.084361332142,RESOLUTE BAY,232005179,12.4
2025-11-22 09:08:56+00:00,55.28097,11.06483,7768.084361332142,RESOLUTE BAY,232005179,12.4
2025-11-22 09:09:00+00:00,55.403278,10.989417,6197.905302537429,ARC ENDEAVOR,366663000,11.6
2025-11-22 09:09:00+00:00,55.403278,10.989417,6197.905302537429,ARC ENDEAVOR,366663000,11.6
2025-11-22 09:09:00+00:00,55.403278,10.989417,6197.905302537429,ARC ENDEAVOR,366663000,11.6
2025-11-22 09:09:01+00:00,55.360112,11.030548,1295.049903326182,STAVFJORD,259888000,10.3
2025-11-22 09:09:01+00:00,55.360112,11.030548,1295.049903326182,STAVFJORD,259888000,10.3
2025-11-22 09:09:01+00:00,55.360112,11.030548,1295.049903326182,STAVFJORD,259888000,10.3
2025-11-22 09:09:01+00:00,55.360112,11.030548,1295.049903326182,STAVFJORD,259888000,10.3
2025-11-22 09:09:02+00:00,55.343543,11.031493,518.2713819258058,TERN SEA,219814000,11.2
2025-11-22 09:09:02+00:00,55.343543,11.031493,518.2713819258058,TERN SEA,219814000,11.2
2025-11-22 09:09:02+00:00,55.343543,11.031493,518.2713819258058,TERN SEA,219814000,11.2
2025-11-22 09:09:02+00:00,55.343543,11.031493,518.2713819258058,TERN SEA,219814000,11.2
2025-11-22 09:09:06+00:00,55.281497,11.064423,7705.272190599733,RESOLUTE BAY,232005179,12.4
2025-11-22 09:09:06+00:00,55.281497,11.064423,7705.272190599733,RESOLUTE BAY,232005179,12.4
2025-11-22 09:09:06+00:00,55.281497,11.064423,7705.272190599733,RESOLUTE BAY,232005179,12.4
2025-11-22 09:09:06+00:00,55.281497,11.064423,7705.272190599733,RESOLUTE BAY,232005179,12.4
2025-11-22 09:09:09+00:00,55.359678,11.03059,1246.9208969414838,STAVFJORD,259888000,10.3
2025-11-22 09:09:09+00:00,55.359678,11.03059,1246.9208969414838,STAVFJORD,259888000,10.3
2025-11-22 09:09:09+00:00,55.359678,11.03059,1246.9208969414838,STAVFJORD,259888000,10.3
2025-11-22 09:09:09+00:00,55.359678,11.03059,1246.9208969414838,STAVFJORD,259888000,10.3
2025-11-22 09:09:10+00:00,55.402837,10.989958,6147.376628810764,ARC ENDEAVOR,366663000,11.6
2025-11-22 09:09:10+00:00,55.402837,10.989958,6147.376628810764,ARC ENDEAVOR,366663000,11.6
2025-11-22 09:09:10+00:00,55.402837,10.989958,6147.376628810764,ARC ENDEAVOR,366663000,11.6
2025-11-22 09:09:10+00:00,55.402837,10.989958,6147.376628810764,ARC ENDEAVOR,366663000,11.6
2025-11-22 09:09:13+00:00,55.34297,11.031485,580.8157106525244,TERN SEA,219814000,11.2
2025-11-22 09:09:13+00:00,55.34297,11.031485,580.8157106525244,TERN SEA,219814000,11.2
2025-11-22 09:09:13+00:00,55.34297,11.031485,580.8157106525244,TERN SEA,219814000,11.2
2025-11-22 09:09:13+00:00,55.34297,11.031485,580.8157106525244,TERN SEA,219814000,11.2
2025-11-22 09:09:15+00:00,55.281968,11.064058,7649.136291350849,RESOLUTE BAY,232005179,12.4
2025-11-22 09:09:15+00:00,55.281968,11.064058,7649.136291350849,RESOLUTE BAY,232005179,12.4
2025-11-22 09:09:20+00:00,55.402393,10.990498,6096.685907430769,ARC ENDEAVOR,366663000,11.6
2025-11-22 09:09:20+00:00,55.402393,10.990498,6096.685907430769,ARC ENDEAVOR,366663000,11.6
2025-11-22 09:09:20+00:00,55.402393,10.990498,6096.685907430769,ARC ENDEAVOR,366663000,11.6
2025-11-22 09:09:20+00:00,55.402393,10.990498,6096.685907430769,ARC ENDEAVOR,366663000,11.6
2025-11-22 09:09:21+00:00,55.359152,11.030625,1188.7493177338179,STAVFJORD,259888000,10.3
2025-11-22 09:09:21+00:00,55.359152,11.030625,1188.7493177338179,STAVFJORD,259888000,10.3
2025-11-22 09:09:21+00:00,55.359152,11.030625,1188.7493177338179,STAVFJORD,259888000,10.3
2025-11-22 09:09:21+00:00,55.359152,11.030625,1188.7493177338179,STAVFJORD,259888000,10.3
2025-11-22 09:09:23+00:00,55.342452,11.031478,637.3899131134731,TERN SEA,219814000,11.2
2025-11-22 09:09:23+00:00,55.342452,11.031478,637.3899131134731,TERN SEA,219814000,11.2
2025-11-22 09:09:23+00:00,55.342452,11.031478,637.3899131134731,TERN SEA,219814000,11.2
2025-11-22 09:09:23+00:00,55.342452,11.031478,637.3899131134731,TERN SEA,219814000,11.2
2025-11-22 09:09:27+00:00,55.282602,11.063572,7573.671680717718,RESOLUTE BAY,232005179,12.4
2025-11-22 09:09:27+00:00,55.282602,11.063572,7573.671680717718,RESOLUTE BAY,232005179,12.4
2025-11-22 09:09:27+00:00,55.282602,11.063572,7573.671680717718,RESOLUTE BAY,232005179,12.4
2025-11-22 09:09:27+00:00,55.282602,11.063572,7573.671680717718,RESOLUTE BAY,232005179,12.4
2025-11-22 09:09:30+00:00,55.401948,10.991032,6046.061041948284,ARC ENDEAVOR,366663000,11.6
2025-11-22 09:09:30+00:00,55.401948,10.991032,6046.061041948284,ARC ENDEAVOR,366663000,11.6
2025-11-22 09:09:30+00:00,55.401948,10.991032,6046.061041948284,ARC ENDEAVOR,366663000,11.6
2025-11-22 09:09:30+00:00,55.401948,10.991032,6046.061041948284,ARC ENDEAVOR,366663000,11.6
2025-11-22 09:09:31+00:00,55.35867,11.030637,1135.667545314465,STAVFJORD,259888000,10.3
2025-11-22 09:09:31+00:00,55.35867,11.030637,1135.667545314465,STAVFJORD,259888000,10.3
2025-11-22 09:09:31+00:00,55.35867,11.030637,1135.667545314465,STAVFJORD,259888000,10.3
2025-11-22 09:09:32+00:00,55.341987,11.031468,688.1370571009909,TERN SEA,219814000,11.2
2025-11-22 09:09:32+00:00,55.341987,11.031468,688.1370571009909,TERN SEA,219814000,11.2
2025-11-22 09:09:32+00:00,55.341987,11.031468,688.1370571009909,TERN SEA,219814000,11.2
2025-11-22 09:09:36+00:00,55.283077,11.063202,7517.07684112354,RESOLUTE BAY,232005179,12.4
2025-11-22 09:09:36+00:00,55.283077,11.063202,7517.07684112354,RESOLUTE BAY,232005179,12.4
2025-11-22 09:09:36+00:00,55.283077,11.063202,7517.07684112354,RESOLUTE BAY,232005179,12.4
2025-11-22 09:09:36+00:00,55.283077,11.063202,7517.07684112354,RESOLUTE BAY,232005179,12.4
2025-11-22 09:09:36+00:00,55.283077,11.063202,7517.07684112354,RESOLUTE BAY,232005179,12.4
2025-11-22 09:09:39+00:00,55.35824,11.030635,1088.4990517113672,STAVFJORD,259888000,10.3
2025-11-22 09:09:39+00:00,55.35824,11.030635,1088.4990517113672,STAVFJORD,259888000,10.3
2025-11-22 09:09:39+00:00,55.35824,11.030635,1088.4990517113672,STAVFJORD,259888000,10.3
2025-11-22 09:09:39+00:00,55.35824,11.030635,1088.4990517113672,STAVFJORD,259888000,10.3
2025-11-22 09:09:40+00:00,55.4015,10.991572,5995.179941289994,ARC ENDEAVOR,366663000,11.6
2025-11-22 09:09:40+00:00,55.4015,10.991572,5995.179941289994,ARC ENDEAVOR,366663000,11.6
2025-11-22 09:09:40+00:00,55.4015,10.991572,5995.179941289994,ARC ENDEAVOR,366663000,11.6
2025-11-22 09:09:42+00:00,55.341422,11.031457,749.8033174099588,TERN SEA,219814000,11.2
2025-11-22 09:09:42+00:00,55.341422,11.031457,749.8033174099588,TERN SEA,219814000,11.2
2025-11-22 09:09:42+00:00,55.341422,11.031457,749.8033174099588,TERN SEA,219814000,11.2
2025-11-22 09:09:42+00:00,55.341422,11.031457,749.8033174099588,TERN SEA,219814000,11.2
2025-11-22 09:09:46+00:00,55.283602,11.062795,7454.572678221638,RESOLUTE BAY,232005179,12.4
2025-11-22 09:09:46+00:00,55.283602,11.062795,7454.572678221638,RESOLUTE BAY,232005179,12.4
2025-11-22 09:09:50+00:00,55.401053,10.99211,5944.586255343219,ARC ENDEAVOR,366663000,11.6
2025-11-22 09:09:50+00:00,55.401053,10.99211,5944.586255343219,ARC ENDEAVOR,366663000,11.6
2025-11-22 09:09:50+00:00,55.401053,10.99211,5944.586255343219,ARC ENDEAVOR,366663000,11.6
2025-11-22 09:09:50+00:00,55.401053,10.99211,5944.586255343219,ARC ENDEAVOR,366663000,11.6
2025-11-22 09:09:50+00:00,55.401053,10.99211,5944.586255343219,ARC ENDEAVOR,366663000,11.6
2025-11-22 09:09:51+00:00,55.340958,11.031453,800.4661338353784,TERN SEA,219814000,11.2
2025-11-22 09:09:51+00:00,55.340958,11.031453,800.4661338353784,TERN SEA,219814000,11.2
2025-11-22 09:09:51+00:00,55.340958,11.031453,800.4661338353784,TERN SEA,219814000,11.2
2025-11-22 09:09:51+00:00,55.340958,11.031453,800.4661338353784,TERN SEA,219814000,11.2
2025-11-22 09:09:51+00:00,55.357717,11.030633,1031.2114315329075,STAVFJORD,259888000,10.3
2025-11-22 09:09:51+00:00,55.357717,11.030633,1031.2114315329075,STAVFJORD,259888000,10.3
2025-11-22 09:09:51+00:00,55.357717,11.030633,1031.2114315329075,STAVFJORD,259888000,10.3
2025-11-22 09:09:51+00:00,55.357717,11.030633,1031.2114315329075,STAVFJORD,259888000,10.3
2025-11-22 09:09:56+00:00,55.284132,11.06239,7391.5723696861105,RESOLUTE BAY,232005179,12.4
2025-11-22 09:09:56+00:00,55.284132,11.06239,7391.5723696861105,RESOLUTE BAY,232005179,12.4
2025-11-22 09:09:56+00:00,55.284132,11.06239,7391.5723696861105,RESOLUTE BAY,232005179,12.4
2025-11-22 09:09:56+00:00,55.284132,11.06239,7391.5723696861105,RESOLUTE BAY,232005179,12.4
2025-11-22 09:10:00+00:00,55.400608,10.992645,5894.401567993924,ARC ENDEAVOR,366663000,11.6
2025-11-22 09:10:00+00:00,55.400608,10.992645,5894.401567993924,ARC ENDEAVOR,366663000,11.6
2025-11-22 09:10:00+00:00,55.400608,10.992645,5894.401567993924,ARC ENDEAVOR,366663000,11.6
2025-11-22 09:10:01+00:00,55.35724,11.030622,979.1705334938165,STAVFJORD,259888000,10.3
2025-11-22 09:10:01+00:00,55.35724,11.030622,979.1705334938165,STAVFJORD,259888000,10.3
2025-11-22 09:10:01+00:00,55.35724,11.030622,979.1705334938165,STAVFJORD,259888000,10.3
2025-11-22 09:10:01+00:00,55.35724,11.030622,979.1705334938165,STAVFJORD,259888000,10.3
2025-11-22 09:10:02+00:00,55.340423,11.031455,858.9740039012407,TERN SEA,219814000,11.3
2025-11-22 09:10:02+00:00,55.340423,11.031455,858.9740039012407,TERN SEA,219814000,11.3
2025-11-22 09:10:02+00:00,55.340423,11.031455,858.9740039012407,TERN SEA,219814000,11.3
2025-11-22 09:10:02+00:00,55.340423,11.031455,858.9740039012407,TERN SEA,219814000,11.3
2025-11-22 09:10:02+00:00,55.340423,11.031455,858.9740039012407,TERN SEA,219814000,11.3
2025-11-22 09:10:06+00:00,55.284662,11.061992,7328.682206786727,RESOLUTE BAY,232005179,12.4
2025-11-22 09:10:06+00:00,55.284662,11.061992,7328.682206786727,RESOLUTE BAY,232005179,12.4
2025-11-22 09:10:06+00:00,55.284662,11.061992,7328.682206786727,RESOLUTE BAY,232005179,12.4
2025-11-22 09:10:09+00:00,55.35681,11.030615,932.3105230056299,STAVFJORD,259888000,10.3
2025-11-22 09:10:09+00:00,55.35681,11.030615,932.3105230056299,STAVFJORD,259888000,10.3
2025-11-22 09:10:09+00:00,55.35681,11.030615,932.3105230056299,STAVFJORD,259888000,10.3
2025-11-22 09:10:09+00:00,55.35681,11.030615,932.3105230056299,STAVFJORD,259888000,10.3
2025-11-22 09:10:10+00:00,55.400163,10.993185,5844.399348156103,ARC ENDEAVOR,366663000,11.6
2025-11-22 09:10:10+00:00,55.400163,10.993185,5844.399348156103,ARC ENDEAVOR,366663000,11.6
2025-11-22 09:10:10+00:00,55.400163,10.993185,5844.399348156103,ARC ENDEAVOR,366663000,11.6
2025-11-22 09:10:10+00:00,55.400163,10.993185,5844.399348156103,ARC ENDEAVOR,366663000,11.6
2025-11-22 09:10:13+00:00,55.33984,11.031438,922.5331690125302,TERN SEA,219814000,11.2
2025-11-22 09:10:13+00:00,55.33984,11.031438,922.5331690125302,TERN SEA,219814000,11.2
2025-11-22 09:10:13+00:00,55.33984,11.031438,922.5331690125302,TERN SEA,219814000,11.2
2025-11-22 09:10:13+00:00,55.33984,11.031438,922.5331690125302,TERN SEA,219814000,11.2
2025-11-22 09:10:15+00:00,55.285135,11.061637,7272.577435526637,RESOLUTE BAY,232005179,12.4
2025-11-22 09:10:15+00:00,55.285135,11.061637,7272.577435526637,RESOLUTE BAY,232005179,12.4
2025-11-22 09:10:15+00:00,55.285135,11.061637,7272.577435526637,RESOLUTE BAY,232005179,12.4
2025-11-22 09:10:15+00:00,55.285135,11.061637,7272.577435526637,RESOLUTE BAY,232005179,12.4
2025-11-22 09:10:20+00:00,55.35628,11.030608,874.6705390663911,STAVFJORD,259888000,10.3
2025-11-22 09:10:20+00:00,55.35628,11.030608,874.6705390663911,STAVFJORD,259888000,10.3
2025-11-22 09:10:20+00:00,55.35628,11.030608,874.6705390663911,STAVFJORD,259888000,10.3
2025-11-22 09:10:20+00:00,55.35628,11.030608,874.6705390663911,STAVFJORD,259888000,10.3
2025-11-22 09:10:20+00:00,55.399717,10.993723,5794.470037640278,ARC ENDEAVOR,366663000,11.6
2025-11-22 09:10:20+00:00,55.399717,10.993723,5794.470037640278,ARC ENDEAVOR,366663000,11.6
2025-11-22 09:10:20+00:00,55.399717,10.993723,5794.470037640278,ARC ENDEAVOR,366663000,11.6
2025-11-22 09:10:20+00:00,55.399717,10.993723,5794.470037640278,ARC ENDEAVOR,366663000,11.6
2025-11-22 09:10:23+00:00,55.339308,11.031423,980.4069572084367,TERN SEA,219814000,11.2
2025-11-22 09:10:23+00:00,55.339308,11.031423,980.4069572084367,TERN SEA,219814000,11.2
2025-11-22 09:10:23+00:00,55.339308,11.031423,980.4069572084367,TERN SEA,219814000,11.2
2025-11-22 09:10:23+00:00,55.339308,11.031423,980.4069572084367,TERN SEA,219814000,11.2
2025-11-22 09:10:23+00:00,55.339308,11.031423,980.4069572084367,TERN SEA,219814000,11.2
2025-11-22 09:10:26+00:00,55.285718,11.061197,7203.420025867782,RESOLUTE BAY,232005179,12.4
2025-11-22 09:10:26+00:00,55.285718,11.061197,7203.420025867782,RESOLUTE BAY,232005179,12.4
2025-11-22 09:10:26+00:00,55.285718,11.061197,7203.420025867782,RESOLUTE BAY,232005179,12.4
2025-11-22 09:10:26+00:00,55.285718,11.061197,7203.420025867782,RESOLUTE BAY,232005179,12.4
2025-11-22 09:10:26+00:00,55.285718,11.061197,7203.420025867782,RESOLUTE BAY,232005179,12.4
2025-11-22 09:10:30+00:00,55.39927,10.994263,5744.626107820131,ARC ENDEAVOR,366663000,11.6
2025-11-22 09:10:30+00:00,55.39927,10.994263,5744.626107820131,ARC ENDEAVOR,366663000,11.6
2025-11-22 09:10:30+00:00,55.39927,10.994263,5744.626107820131,ARC ENDEAVOR,366663000,11.6
2025-11-22 09:10:30+00:00,55.39927,10.994263,5744.626107820131,ARC ENDEAVOR,366663000,11.6
2025-11-22 09:10:31+00:00,55.355795,11.0306,822.1174868176084,STAVFJORD,259888000,10.3
2025-11-22 09:10:31+00:00,55.355795,11.0306,822.1174868176084,STAVFJORD,259888000,10.3
2025-11-22 09:10:31+00:00,55.355795,11.0306,822.1174868176084,STAVFJORD,259888000,10.3
2025-11-22 09:10:32+00:00,55.338828,11.031418,1031.759771819732,TERN SEA,219814000,11.2
2025-11-22 09:10:32+00:00,55.338828,11.031418,1031.759771819732,TERN SEA,219814000,11.2
2025-11-22 09:10:32+00:00,55.338828,11.031418,1031.759771819732,TERN SEA,219814000,11.2
2025-11-22 09:10:36+00:00,55.286245,11.060797,7140.902888811096,RESOLUTE BAY,232005179,12.4
2025-11-22 09:10:36+00:00,55.286245,11.060797,7140.902888811096,RESOLUTE BAY,232005179,12.4
2025-11-22 09:10:36+00:00,55.286245,11.060797,7140.902888811096,RESOLUTE BAY,232005179,12.4
2025-11-22 09:10:36+00:00,55.286245,11.060797,7140.902888811096,RESOLUTE BAY,232005179,12.4
2025-11-22 09:10:39+00:00,55.355358,11.030603,774.7790521228146,STAVFJORD,259888000,10.4
2025-11-22 09:10:39+00:00,55.355358,11.030603,774.7790521228146,STAVFJORD,259888000,10.4
2025-11-22 09:10:39+00:00,55.355358,11.030603,774.7790521228146,STAVFJORD,259888000,10.4
2025-11-22 09:10:39+00:00,55.355358,11.030603,774.7790521228146,STAVFJORD,259888000,10.4
2025-11-22 09:10:40+00:00,55.398823,10.9948,5694.932244407776,ARC ENDEAVOR,366663000,11.6
2025-11-22 09:10:40+00:00,55.398823,10.9948,5694.932244407776,ARC ENDEAVOR,366663000,11.6
2025-11-22 09:10:40+00:00,55.398823,10.9948,5694.932244407776,ARC ENDEAVOR,366663000,11.6
2025-11-22 09:10:42+00:00,55.3383,11.031408,1088.3871551092006,TERN SEA,219814000,11.2
2025-11-22 09:10:42+00:00,55.3383,11.031408,1088.3871551092006,TERN SEA,219814000,11.2
2025-11-22 09:10:42+00:00,55.3383,11.031408,1088.3871551092006,TERN SEA,219814000,11.2
2025-11-22 09:10:46+00:00,55.286775,11.060393,7078.034144353245,RESOLUTE BAY,232005179,12.4
2025-11-22 09:10:46+00:00,55.286775,11.060393,7078.034144353245,RESOLUTE BAY,232005179,12.4
2025-11-22 09:10:46+00:00,55.286775,11.060393,7078.034144353245,RESOLUTE BAY,232005179,12.4
2025-11-22 09:10:46+00:00,55.286775,11.060393,7078.034144353245,RESOLUTE BAY,232005179,12.4
2025-11-22 09:10:50+00:00,55.398377,10.995335,5645.497506211129,ARC ENDEAVOR,366663000,11.6
2025-11-22 09:10:50+00:00,55.398377,10.995335,5645.497506211129,ARC ENDEAVOR,366663000,11.6
2025-11-22 09:10:50+00:00,55.398377,10.995335,5645.497506211129,ARC ENDEAVOR,366663000,11.6
2025-11-22 09:10:50+00:00,55.398377,10.995335,5645.497506211129,ARC ENDEAVOR,366663000,11.6
2025-11-22 09:10:50+00:00,55.398377,10.995335,5645.497506211129,ARC ENDEAVOR,366663000,11.6
2025-11-22 09:10:51+00:00,55.354827,11.030597,717.6540454415301,STAVFJORD,259888000,10.4
2025-11-22 09:10:51+00:00,55.337825,11.031392,1139.4033822969668,TERN SEA,219814000,11.3
2025-11-22 09:10:51+00:00,55.337825,11.031392,1139.4033822969668,TERN SEA,219814000,11.3
2025-11-22 09:10:51+00:00,55.337825,11.031392,1139.4033822969668,TERN SEA,219814000,11.3
2025-11-22 09:10:51+00:00,55.337825,11.031392,1139.4033822969668,TERN SEA,219814000,11.3
2025-11-22 09:10:56+00:00,55.287303,11.059992,7015.431282265537,RESOLUTE BAY,232005179,12.4
2025-11-22 09:10:56+00:00,55.287303,11.059992,7015.431282265537,RESOLUTE BAY,232005179,12.4
2025-11-22 09:10:56+00:00,55.287303,11.059992,7015.431282265537,RESOLUTE BAY,232005179,12.4
2025-11-22 09:10:56+00:00,55.287303,11.059992,7015.431282265537,RESOLUTE BAY,232005179,12.4
2025-11-22 09:11:00+00:00,55.397928,10.995872,5595.940260784614,ARC ENDEAVOR,366663000,11.6
2025-11-22 09:11:00+00:00,55.397928,10.995872,5595.940260784614,ARC ENDEAVOR,366663000,11.6
2025-11-22 09:11:01+00:00,55.354342,11.030603,665.5766964105612,STAVFJORD,259888000,10.4
2025-11-22 09:11:01+00:00,55.354342,11.030603,665.5766964105612,STAVFJORD,259888000,10.4
2025-11-22 09:11:01+00:00,55.354342,11.030603,665.5766964105612,STAVFJORD,259888000,10.4
2025-11-22 09:11:01+00:00,55.354342,11.030603,665.5766964105612,STAVFJORD,259888000,10.4
2025-11-22 09:11:02+00:00,55.337247,11.031365,1201.4725758835261,TERN SEA,219814000,11.3
2025-11-22 09:11:02+00:00,55.337247,11.031365,1201.4725758835261,TERN SEA,219814000,11.3
2025-11-22 09:11:02+00:00,55.337247,11.031365,1201.4725758835261,TERN SEA,219814000,11.3
2025-11-22 09:11:06+00:00,55.287827,11.059585,6953.199765590789,RESOLUTE BAY,232005179,12.4
2025-11-22 09:11:06+00:00,55.287827,11.059585,6953.199765590789,RESOLUTE BAY,232005179,12.4
2025-11-22 09:11:06+00:00,55.287827,11.059585,6953.199765590789,RESOLUTE BAY,232005179,12.4
2025-11-22 09:11:06+00:00,55.287827,11.059585,6953.199765590789,RESOLUTE BAY,232005179,12.4
2025-11-22 09:11:09+00:00,55.353905,11.030607,618.9283895280159,STAVFJORD,259888000,10.4
2025-11-22 09:11:09+00:00,55.353905,11.030607,618.9283895280159,STAVFJORD,259888000,10.4
2025-11-22 09:11:09+00:00,55.353905,11.030607,618.9283895280159,STAVFJORD,259888000,10.4
2025-11-22 09:11:09+00:00,55.353905,11.030607,618.9283895280159,STAVFJORD,259888000,10.4
2025-11-22 09:11:11+00:00,55.397435,10.99646,5541.774141084567,ARC ENDEAVOR,366663000,11.6
2025-11-22 09:11:11+00:00,55.397435,10.99646,5541.774141084567,ARC ENDEAVOR,366663000,11.6
2025-11-22 09:11:11+00:00,55.397435,10.99646,5541.774141084567,ARC ENDEAVOR,366663000,11.6
2025-11-22 09:11:11+00:00,55.397435,10.99646,5541.774141084567,ARC ENDEAVOR,366663000,11.6
2025-11-22 09:11:13+00:00,55.336672,11.031332,1263.22714571637,TERN SEA,219814000,11.3
2025-11-22 09:11:13+00:00,55.336672,11.031332,1263.22714571637,TERN SEA,219814000,11.3
2025-11-22 09:11:13+00:00,55.336672,11.031332,1263.22714571637,TERN SEA,219814000,11.3
2025-11-22 09:11:13+00:00,55.336672,11.031332,1263.22714571637,TERN SEA,219814000,11.3
2025-11-22 09:11:15+00:00,55.288298,11.059222,6897.320872572066,RESOLUTE BAY,232005179,12.4
2025-11-22 09:11:15+00:00,55.288298,11.059222,6897.320872572066,RESOLUTE BAY,232005179,12.4
2025-11-22 09:11:15+00:00,55.288298,11.059222,6897.320872572066,RESOLUTE BAY,232005179,12.4
2025-11-22 09:11:15+00:00,55.288298,11.059222,6897.320872572066,RESOLUTE BAY,232005179,12.4
2025-11-22 09:11:20+00:00,55.397035,10.996942,5498.031028174272,ARC ENDEAVOR,366663000,11.6
2025-11-22 09:11:20+00:00,55.397035,10.996942,5498.031028174272,ARC ENDEAVOR,366663000,11.6
2025-11-22 09:11:20+00:00,55.397035,10.996942,5498.031028174272,ARC ENDEAVOR,366663000,11.6
2025-11-22 09:11:20+00:00,55.397035,10.996942,5498.031028174272,ARC ENDEAVOR,366663000,11.6
2025-11-22 09:11:20+00:00,55.397035,10.996942,5498.031028174272,ARC ENDEAVOR,366663000,11.6
2025-11-22 09:11:20+00:00,55.353373,11.030588,561.3596478549648,STAVFJORD,259888000,10.4
2025-11-22 09:11:20+00:00,55.353373,11.030588,561.3596478549648,STAVFJORD,259888000,10.4
2025-11-22 09:11:20+00:00,55.353373,11.030588,561.3596478549648,STAVFJORD,259888000,10.4
2025-11-22 09:11:23+00:00,55.336148,11.031307,1319.763851349971,TERN SEA,219814000,11.3
2025-11-22 09:11:23+00:00,55.336148,11.031307,1319.763851349971,TERN SEA,219814000,11.3
2025-11-22 09:11:23+00:00,55.336148,11.031307,1319.763851349971,TERN SEA,219814000,11.3
2025-11-22 09:11:23+00:00,55.336148,11.031307,1319.763851349971,TERN SEA,219814000,11.3
2025-11-22 09:11:26+00:00,55.288875,11.058763,6828.727024331662,RESOLUTE BAY,232005179,12.4
2025-11-22 09:11:26+00:00,55.288875,11.058763,6828.727024331662,RESOLUTE BAY,232005179,12.4
2025-11-22 09:11:26+00:00,55.288875,11.058763,6828.727024331662,RESOLUTE BAY,232005179,12.4
2025-11-22 09:11:30+00:00,55.396585,10.99748,5449.020998965839,ARC ENDEAVOR,366663000,11.6
2025-11-22 09:11:30+00:00,55.396585,10.99748,5449.020998965839,ARC ENDEAVOR,366663000,11.6
2025-11-22 09:11:30+00:00,55.396585,10.99748,5449.020998965839,ARC ENDEAVOR,366663000,11.6
2025-11-22 09:11:30+00:00,55.396585,10.99748,5449.020998965839,ARC ENDEAVOR,366663000,11.6
2025-11-22 09:11:31+00:00,55.35289,11.030582,508.6013676090967,STAVFJORD,259888000,10.4
2025-11-22 09:11:31+00:00,55.35289,11.030582,508.6013676090967,STAVFJORD,259888000,10.4
2025-11-22 09:11:31+00:00,55.35289,11.030582,508.6013676090967,STAVFJORD,259888000,10.4
2025-11-22 09:11:32+00:00,55.335677,11.031287,1370.7449223351882,TERN SEA,219814000,11.3
2025-11-22 09:11:32+00:00,55.335677,11.031287,1370.7449223351882,TERN SEA,219814000,11.3
2025-11-22 09:11:32+00:00,55.335677,11.031287,1370.7449223351882,TERN SEA,219814000,11.3
2025-11-22 09:11:32+00:00,55.335677,11.031287,1370.7449223351882,TERN SEA,219814000,11.3
2025-11-22 09:11:36+00:00,55.2894,11.058348,6766.380900700448,RESOLUTE BAY,232005179,12.4
2025-11-22 09:11:36+00:00,55.2894,11.058348,6766.380900700448,RESOLUTE BAY,232005179,12.4
2025-11-22 09:11:36+00:00,55.2894,11.058348,6766.380900700448,RESOLUTE BAY,232005179,12.4
2025-11-22 09:11:36+00:00,55.2894,11.058348,6766.380900700448,RESOLUTE BAY,232005179,12.4
2025-11-22 09:11:39+00:00,55.352452,11.030562,460.956606449094,STAVFJORD,259888000,10.4
2025-11-22 09:11:39+00:00,55.352452,11.030562,460.956606449094,STAVFJORD,259888000,10.4
2025-11-22 09:11:40+00:00,55.396138,10.998025,5400.519244935191,ARC ENDEAVOR,366663000,11.7
2025-11-22 09:11:40+00:00,55.396138,10.998025,5400.519244935191,ARC ENDEAVOR,366663000,11.7
2025-11-22 09:11:40+00:00,55.396138,10.998025,5400.519244935191,ARC ENDEAVOR,366663000,11.7
2025-11-22 09:11:40+00:00,55.396138,10.998025,5400.519244935191,ARC ENDEAVOR,366663000,11.7
2025-11-22 09:11:40+00:00,55.396138,10.998025,5400.519244935191,ARC ENDEAVOR,366663000,11.7
2025-11-22 09:11:40+00:00,55.396138,10.998025,5400.519244935191,ARC ENDEAVOR,366663000,11.7
2025-11-22 09:11:42+00:00,55.335152,11.031265,1427.687041584192,TERN SEA,219814000,11.3
2025-11-22 09:11:42+00:00,55.335152,11.031265,1427.687041584192,TERN SEA,219814000,11.3
2025-11-22 09:11:42+00:00,55.335152,11.031265,1427.687041584192,TERN SEA,219814000,11.3
2025-11-22 09:11:42+00:00,55.335152,11.031265,1427.687041584192,TERN SEA,219814000,11.3
2025-11-22 09:11:46+00:00,55.289927,11.057928,6703.7909935821135,RESOLUTE BAY,232005179,12.4
2025-11-22 09:11:46+00:00,55.289927,11.057928,6703.7909935821135,RESOLUTE BAY,232005179,12.4
2025-11-22 09:11:46+00:00,55.289927,11.057928,6703.7909935821135,RESOLUTE BAY,232005179,12.4
2025-11-22 09:11:46+00:00,55.289927,11.057928,6703.7909935821135,RESOLUTE BAY,232005179,12.4
2025-11-22 09:11:50+00:00,55.395693,10.998568,5352.432282018552,ARC ENDEAVOR,366663000,11.7
2025-11-22 09:11:50+00:00,55.395693,10.998568,5352.432282018552,ARC ENDEAVOR,366663000,11.7
2025-11-22 09:11:50+00:00,55.395693,10.998568,5352.432282018552,ARC ENDEAVOR,366663000,11.7
2025-11-22 09:11:50+00:00,55.395693,10.998568,5352.432282018552,ARC ENDEAVOR,366663000,11.7
2025-11-22 09:11:50+00:00,55.395693,10.998568,5352.432282018552,ARC ENDEAVOR,366663000,11.7
2025-11-22 09:11:51+00:00,55.334678,11.031243,1479.129972981642,TERN SEA,219814000,11.3
2025-11-22 09:11:51+00:00,55.334678,11.031243,1479.129972981642,TERN SEA,219814000,11.3
2025-11-22 09:11:51+00:00,55.334678,11.031243,1479.129972981642,TERN SEA,219814000,11.3
2025-11-22 09:11:51+00:00,55.351917,11.03055,402.6294046769455,STAVFJORD,259888000,10.4
2025-11-22 09:11:51+00:00,55.351917,11.03055,402.6294046769455,STAVFJORD,259888000,10.4
2025-11-22 09:11:51+00:00,55.351917,11.03055,402.6294046769455,STAVFJORD,259888000,10.4
2025-11-22 09:11:56+00:00,55.290453,11.057503,6641.288285913605,RESOLUTE BAY,232005179,12.4
2025-11-22 09:11:56+00:00,55.290453,11.057503,6641.288285913605,RESOLUTE BAY,232005179,12.4
2025-11-22 09:11:56+00:00,55.290453,11.057503,6641.288285913605,RESOLUTE BAY,232005179,12.4
2025-11-22 09:11:56+00:00,55.290453,11.057503,6641.288285913605,RESOLUTE BAY,232005179,12.4
2025-11-22 09:12:01+00:00,55.395205,10.999167,5299.998311317691,ARC ENDEAVOR,366663000,11.7
2025-11-22 09:12:01+00:00,55.395205,10.999167,5299.998311317691,ARC ENDEAVOR,366663000,11.7
2025-11-22 09:12:01+00:00,55.395205,10.999167,5299.998311317691,ARC ENDEAVOR,366663000,11.7
2025-11-22 09:12:01+00:00,55.395205,10.999167,5299.998311317691,ARC ENDEAVOR,366663000,11.7
2025-11-22 09:12:01+00:00,55.351437,11.030542,350.28545086112945,STAVFJORD,259888000,10.5
2025-11-22 09:12:01+00:00,55.351437,11.030542,350.28545086112945,STAVFJORD,259888000,10.5
2025-11-22 09:12:01+00:00,55.351437,11.030542,350.28545086112945,STAVFJORD,259888000,10.5
2025-11-22 09:12:01+00:00,55.351437,11.030542,350.28545086112945,STAVFJORD,259888000,10.5
2025-11-22 09:12:01+00:00,55.351437,11.030542,350.28545086112945,STAVFJORD,259888000,10.5
2025-11-22 09:12:02+00:00,55.3341,11.031217,1541.88661211547,TERN SEA,219814000,11.3
2025-11-22 09:12:02+00:00,55.3341,11.031217,1541.88661211547,TERN SEA,219814000,11.3
2025-11-22 09:12:02+00:00,55.3341,11.031217,1541.88661211547,TERN SEA,219814000,11.3
2025-11-22 09:12:02+00:00,55.3341,11.031217,1541.88661211547,TERN SEA,219814000,11.3
2025-11-22 09:12:06+00:00,55.290977,11.057078,6578.995546062696,RESOLUTE BAY,232005179,12.4
2025-11-22 09:12:06+00:00,55.290977,11.057078,6578.995546062696,RESOLUTE BAY,232005179,12.4
2025-11-22 09:12:06+00:00,55.290977,11.057078,6578.995546062696,RESOLUTE BAY,232005179,12.4
2025-11-22 09:12:06+00:00,55.290977,11.057078,6578.995546062696,RESOLUTE BAY,232005179,12.4
2025-11-22 09:12:06+00:00,55.290977,11.057078,6578.995546062696,RESOLUTE BAY,232005179,12.4
2025-11-22 09:12:11+00:00,55.39476,10.999713,5252.456180453926,ARC ENDEAVOR,366663000,11.7
2025-11-22 09:12:11+00:00,55.39476,10.999713,5252.456180453926,ARC ENDEAVOR,366663000,11.7
2025-11-22 09:12:11+00:00,55.39476,10.999713,5252.456180453926,ARC ENDEAVOR,366663000,11.7
2025-11-22 09:12:11+00:00,55.39476,10.999713,5252.456180453926,ARC ENDEAVOR,366663000,11.7
2025-11-22 09:12:11+00:00,55.350948,11.03056,296.64926127569544,STAVFJORD,259888000,10.5
2025-11-22 09:12:11+00:00,55.350948,11.03056,296.64926127569544,STAVFJORD,259888000,10.5
2025-11-22 09:12:11+00:00,55.350948,11.03056,296.64926127569544,STAVFJORD,259888000,10.5
2025-11-22 09:12:13+00:00,55.333522,11.031192,1604.7632412405922,TERN SEA,219814000,11.3
2025-11-22 09:12:13+00:00,55.333522,11.031192,1604.7632412405922,TERN SEA,219814000,11.3
2025-11-22 09:12:13+00:00,55.333522,11.031192,1604.7632412405922,TERN SEA,219814000,11.3
2025-11-22 09:12:13+00:00,55.333522,11.031192,1604.7632412405922,TERN SEA,219814000,11.3
2025-11-22 09:12:15+00:00,55.291453,11.056693,6522.2615370087715,RESOLUTE BAY,232005179,12.4
2025-11-22 09:12:20+00:00,55.35046,11.030573,243.2524577362001,STAVFJORD,259888000,10.5
2025-11-22 09:12:20+00:00,55.35046,11.030573,243.2524577362001,STAVFJORD,259888000,10.5
2025-11-22 09:12:20+00:00,55.35046,11.030573,243.2524577362001,STAVFJORD,259888000,10.5
2025-11-22 09:12:20+00:00,55.35046,11.030573,243.2524577362001,STAVFJORD,259888000,10.5
2025-11-22 09:12:20+00:00,55.35046,11.030573,243.2524577362001,STAVFJORD,259888000,10.5
2025-11-22 09:12:20+00:00,55.394358,11.0002,5209.3933236893445,ARC ENDEAVOR,366663000,11.7
2025-11-22 09:12:20+00:00,55.394358,11.0002,5209.3933236893445,ARC ENDEAVOR,366663000,11.7
2025-11-22 09:12:20+00:00,55.394358,11.0002,5209.3933236893445,ARC ENDEAVOR,366663000,11.7
2025-11-22 09:12:20+00:00,55.394358,11.0002,5209.3933236893445,ARC ENDEAVOR,366663000,11.7
2025-11-22 09:12:23+00:00,55.332997,11.031165,1661.8731327751989,TERN SEA,219814000,11.3
2025-11-22 09:12:23+00:00,55.332997,11.031165,1661.8731327751989,TERN SEA,219814000,11.3
2025-11-22 09:12:23+00:00,55.332997,11.031165,1661.8731327751989,TERN SEA,219814000,11.3
2025-11-22 09:12:23+00:00,55.332997,11.031165,1661.8731327751989,TERN SEA,219814000,11.3
2025-11-22 09:12:26+00:00,55.292037,11.056223,6452.591047875832,RESOLUTE BAY,232005179,12.4
2025-11-22 09:12:26+00:00,55.292037,11.056223,6452.591047875832,RESOLUTE BAY,232005179,12.4
2025-11-22 09:12:26+00:00,55.292037,11.056223,6452.591047875832,RESOLUTE BAY,232005179,12.4
2025-11-22 09:12:26+00:00,55.292037,11.056223,6452.591047875832,RESOLUTE BAY,232005179,12.4
2025-11-22 09:12:30+00:00,55.393912,11.000738,5161.448584608811,ARC ENDEAVOR,366663000,11.7
2025-11-22 09:12:30+00:00,55.393912,11.000738,5161.448584608811,ARC ENDEAVOR,366663000,11.7
2025-11-22 09:12:30+00:00,55.393912,11.000738,5161.448584608811,ARC ENDEAVOR,366663000,11.7
2025-11-22 09:12:30+00:00,55.393912,11.000738,5161.448584608811,ARC ENDEAVOR,366663000,11.7
2025-11-22 09:12:31+00:00,55.34997,11.030577,189.8405047127622,STAVFJORD,259888000,10.5
2025-11-22 09:12:31+00:00,55.34997,11.030577,189.8405047127622,STAVFJORD,259888000,10.5
2025-11-22 09:12:31+00:00,55.34997,11.030577,189.8405047127622,STAVFJORD,259888000,10.5
2025-11-22 09:12:32+00:00,55.332522,11.031142,1713.5656336897332,TERN SEA,219814000,11.3
2025-11-22 09:12:32+00:00,55.332522,11.031142,1713.5656336897332,TERN SEA,219814000,11.3
2025-11-22 09:12:32+00:00,55.332522,11.031142,1713.5656336897332,TERN SEA,219814000,11.3
2025-11-22 09:12:36+00:00,55.292567,11.055793,6389.352483123323,RESOLUTE BAY,232005179,12.5
2025-11-22 09:12:36+00:00,55.292567,11.055793,6389.352483123323,RESOLUTE BAY,232005179,12.5
2025-11-22 09:12:36+00:00,55.292567,11.055793,6389.352483123323,RESOLUTE BAY,232005179,12.5
2025-11-22 09:12:39+00:00,55.34953,11.030563,142.19687274249682,STAVFJORD,259888000,10.5
2025-11-22 09:12:39+00:00,55.34953,11.030563,142.19687274249682,STAVFJORD,259888000,10.5
2025-11-22 09:12:39+00:00,55.34953,11.030563,142.19687274249682,STAVFJORD,259888000,10.5
2025-11-22 09:12:39+00:00,55.34953,11.030563,142.19687274249682,STAVFJORD,259888000,10.5
2025-11-22 09:12:39+00:00,55.34953,11.030563,142.19687274249682,STAVFJORD,259888000,10.5
2025-11-22 09:12:40+00:00,55.393462,11.001267,5113.150345408713,ARC ENDEAVOR,366663000,11.7
2025-11-22 09:12:40+00:00,55.393462,11.001267,5113.150345408713,ARC ENDEAVOR,366663000,11.7
2025-11-22 09:12:40+00:00,55.393462,11.001267,5113.150345408713,ARC ENDEAVOR,366663000,11.7
2025-11-22 09:12:40+00:00,55.393462,11.001267,5113.150345408713,ARC ENDEAVOR,366663000,11.7
2025-11-22 09:12:40+00:00,55.393462,11.001267,5113.150345408713,ARC ENDEAVOR,366663000,11.7
2025-11-22 09:12:42+00:00,55.331993,11.031113,1771.1091816806686,TERN SEA,219814000,11.3
2025-11-22 09:12:42+00:00,55.331993,11.031113,1771.1091816806686,TERN SEA,219814000,11.3
2025-11-22 09:12:42+00:00,55.331993,11.031113,1771.1091816806686,TERN SEA,219814000,11.3
2025-11-22 09:12:46+00:00,55.293097,11.055368,6326.183408313735,RESOLUTE BAY,232005179,12.5
2025-11-22 09:12:46+00:00,55.293097,11.055368,6326.183408313735,RESOLUTE BAY,232005179,12.5
2025-11-22 09:12:46+00:00,55.293097,11.055368,6326.183408313735,RESOLUTE BAY,232005179,12.5
2025-11-22 09:12:46+00:00,55.293097,11.055368,6326.183408313735,RESOLUTE BAY,232005179,12.5
2025-11-22 09:12:50+00:00,55.393008,11.001792,5064.456911633388,ARC ENDEAVOR,366663000,11.7
2025-11-22 09:12:50+00:00,55.393008,11.001792,5064.456911633388,ARC ENDEAVOR,366663000,11.7
2025-11-22 09:12:50+00:00,55.393008,11.001792,5064.456911633388,ARC ENDEAVOR,366663000,11.7
2025-11-22 09:12:50+00:00,55.393008,11.001792,5064.456911633388,ARC ENDEAVOR,366663000,11.7
2025-11-22 09:12:50+00:00,55.393008,11.001792,5064.456911633388,ARC ENDEAVOR,366663000,11.7
2025-11-22 09:12:50+00:00,55.393008,11.001792,5064.456911633388,ARC ENDEAVOR,366663000,11.7
2025-11-22 09:12:51+00:00,55.331517,11.031088,1822.8798090596454,TERN SEA,219814000,11.3
2025-11-22 09:12:51+00:00,55.348997,11.030543,85.10048670730336,STAVFJORD,259888000,10.5
2025-11-22 09:12:51+00:00,55.348997,11.030543,85.10048670730336,STAVFJORD,259888000,10.5
2025-11-22 09:12:51+00:00,55.348997,11.030543,85.10048670730336,STAVFJORD,259888000,10.5
2025-11-22 09:12:51+00:00,55.331517,11.031088,1822.8798090596454,TERN SEA,219814000,11.3
2025-11-22 09:12:51+00:00,55.331517,11.031088,1822.8798090596454,TERN SEA,219814000,11.3
2025-11-22 09:12:51+00:00,55.331517,11.031088,1822.8798090596454,TERN SEA,219814000,11.3
2025-11-22 09:12:56+00:00,55.293627,11.054947,6263.0867981231695,RESOLUTE BAY,232005179,12.5
2025-11-22 09:12:56+00:00,55.293627,11.054947,6263.0867981231695,RESOLUTE BAY,232005179,12.5
2025-11-22 09:12:56+00:00,55.293627,11.054947,6263.0867981231695,RESOLUTE BAY,232005179,12.5
2025-11-22 09:12:56+00:00,55.293627,11.054947,6263.0867981231695,RESOLUTE BAY,232005179,12.5
2025-11-22 09:13:01+00:00,55.392508,11.002363,5010.78195854676,ARC ENDEAVOR,366663000,11.7
2025-11-22 09:13:01+00:00,55.392508,11.002363,5010.78195854676,ARC ENDEAVOR,366663000,11.7
2025-11-22 09:13:01+00:00,55.392508,11.002363,5010.78195854676,ARC ENDEAVOR,366663000,11.7
2025-11-22 09:13:01+00:00,55.392508,11.002363,5010.78195854676,ARC ENDEAVOR,366663000,11.7
2025-11-22 09:13:01+00:00,55.392508,11.002363,5010.78195854676,ARC ENDEAVOR,366663000,11.7
2025-11-22 09:13:01+00:00,55.34851,11.03052,33.42708996896926,STAVFJORD,259888000,10.5
2025-11-22 09:13:01+00:00,55.34851,11.03052,33.42708996896926,STAVFJORD,259888000,10.5
2025-11-22 09:13:01+00:00,55.34851,11.03052,33.42708996896926,STAVFJORD,259888000,10.5
2025-11-22 09:13:01+00:00,55.34851,11.03052,33.42708996896926,STAVFJORD,259888000,10.5
2025-11-22 09:13:03+00:00,55.330883,11.031057,1891.835164621024,TERN SEA,219814000,11.4
2025-11-22 09:13:03+00:00,55.330883,11.031057,1891.835164621024,TERN SEA,219814000,11.4
2025-11-22 09:13:03+00:00,55.330883,11.031057,1891.835164621024,TERN SEA,219814000,11.4
2025-11-22 09:13:06+00:00,55.29416,11.054525,6199.684296589748,RESOLUTE BAY,232005179,12.5
2025-11-22 09:13:06+00:00,55.29416,11.054525,6199.684296589748,RESOLUTE BAY,232005179,12.5
2025-11-22 09:13:06+00:00,55.29416,11.054525,6199.684296589748,RESOLUTE BAY,232005179,12.5
2025-11-22 09:13:06+00:00,55.29416,11.054525,6199.684296589748,RESOLUTE BAY,232005179,12.5
2025-11-22 09:13:07+00:00,55.34851,11.03052,33.42708996896926,STAVFJORD,259888000,10.5
2025-11-22 09:13:07+00:00,55.34851,11.03052,33.42708996896926,STAVFJORD,259888000,10.5
2025-11-22 09:13:07+00:00,55.34851,11.03052,33.42708996896926,STAVFJORD,259888000,10.5
2025-11-22 09:13:07+00:00,55.34851,11.03052,33.42708996896926,STAVFJORD,259888000,10.5
2025-11-22 09:13:11+00:00,55.392052,11.002887,4961.792960982075,ARC ENDEAVOR,366663000,11.7
2025-11-22 09:13:11+00:00,55.392052,11.002887,4961.792960982075,ARC ENDEAVOR,366663000,11.7
2025-11-22 09:13:11+00:00,55.392052,11.002887,4961.792960982075,ARC ENDEAVOR,366663000,11.7
2025-11-22 09:13:11+00:00,55.392052,11.002887,4961.792960982075,ARC ENDEAVOR,366663000,11.7
2025-11-22 09:13:11+00:00,55.348022,11.030502,18.290966259781914,STAVFJORD,259888000,10.5
2025-11-22 09:13:11+00:00,55.348022,11.030502,18.290966259781914,STAVFJORD,259888000,10.5
2025-11-22 09:13:11+00:00,55.348022,11.030502,18.290966259781914,STAVFJORD,259888000,10.5
2025-11-22 09:13:11+00:00,55.348022,11.030502,18.290966259781914,STAVFJORD,259888000,10.5
2025-11-22 09:13:13+00:00,55.330355,11.031027,1949.1778502998275,TERN SEA,219814000,11.3
2025-11-22 09:13:13+00:00,55.330355,11.031027,1949.1778502998275,TERN SEA,219814000,11.3
2025-11-22 09:13:13+00:00,55.330355,11.031027,1949.1778502998275,TERN SEA,219814000,11.3
2025-11-22 09:13:13+00:00,55.330355,11.031027,1949.1778502998275,TERN SEA,219814000,11.3
2025-11-22 09:13:15+00:00,55.294635,11.054143,6143.130593667431,RESOLUTE BAY,232005179,12.5
2025-11-22 09:13:15+00:00,55.294635,11.054143,6143.130593667431,RESOLUTE BAY,232005179,12.5
2025-11-22 09:13:15+00:00,55.294635,11.054143,6143.130593667431,RESOLUTE BAY,232005179,12.5
2025-11-22 09:13:20+00:00,55.347532,11.030483,70.62707271055334,STAVFJORD,259888000,10.6
2025-11-22 09:13:20+00:00,55.347532,11.030483,70.62707271055334,STAVFJORD,259888000,10.6
2025-11-22 09:13:20+00:00,55.391597,11.003412,4912.924098832,ARC ENDEAVOR,366663000,11.7
2025-11-22 09:13:20+00:00,55.391597,11.003412,4912.924098832,ARC ENDEAVOR,366663000,11.7
2025-11-22 09:13:20+00:00,55.391597,11.003412,4912.924098832,ARC ENDEAVOR,366663000,11.7
2025-11-22 09:13:20+00:00,55.391597,11.003412,4912.924098832,ARC ENDEAVOR,366663000,11.7
2025-11-22 09:13:20+00:00,55.391597,11.003412,4912.924098832,ARC ENDEAVOR,366663000,11.7
2025-11-22 09:13:23+00:00,55.329828,11.030998,2006.3962165731066,TERN SEA,219814000,11.3
2025-11-22 09:13:23+00:00,55.329828,11.030998,2006.3962165731066,TERN SEA,219814000,11.3
2025-11-22 09:13:23+00:00,55.329828,11.030998,2006.3962165731066,TERN SEA,219814000,11.3
2025-11-22 09:13:23+00:00,55.329828,11.030998,2006.3962165731066,TERN SEA,219814000,11.3
2025-11-22 09:13:26+00:00,55.295217,11.05368,6073.891805420275,RESOLUTE BAY,232005179,12.5
2025-11-22 09:13:26+00:00,55.295217,11.05368,6073.891805420275,RESOLUTE BAY,232005179,12.5
2025-11-22 09:13:26+00:00,55.295217,11.05368,6073.891805420275,RESOLUTE BAY,232005179,12.5
2025-11-22 09:13:30+00:00,55.391188,11.003898,4869.048406909171,ARC ENDEAVOR,366663000,11.7
2025-11-22 09:13:30+00:00,55.391188,11.003898,4869.048406909171,ARC ENDEAVOR,366663000,11.7
2025-11-22 09:13:30+00:00,55.391188,11.003898,4869.048406909171,ARC ENDEAVOR,366663000,11.7
2025-11-22 09:13:30+00:00,55.391188,11.003898,4869.048406909171,ARC ENDEAVOR,366663000,11.7
2025-11-22 09:13:30+00:00,55.391188,11.003898,4869.048406909171,ARC ENDEAVOR,366663000,11.7
2025-11-22 09:13:31+00:00,55.347032,11.030477,124.88901186688956,STAVFJORD,259888000,10.6
2025-11-22 09:13:31+00:00,55.347032,11.030477,124.88901186688956,STAVFJORD,259888000,10.6
2025-11-22 09:13:32+00:00,55.329352,11.030975,2058.111010045561,TERN SEA,219814000,11.3
2025-11-22 09:13:32+00:00,55.329352,11.030975,2058.111010045561,TERN SEA,219814000,11.3
2025-11-22 09:13:32+00:00,55.329352,11.030975,2058.111010045561,TERN SEA,219814000,11.3
2025-11-22 09:13:32+00:00,55.329352,11.030975,2058.111010045561,TERN SEA,219814000,11.3
2025-11-22 09:13:36+00:00,55.295747,11.05326,6010.857948751442,RESOLUTE BAY,232005179,12.5
2025-11-22 09:13:36+00:00,55.295747,11.05326,6010.857948751442,RESOLUTE BAY,232005179,12.5
2025-11-22 09:13:36+00:00,55.295747,11.05326,6010.857948751442,RESOLUTE BAY,232005179,12.5
2025-11-22 09:13:36+00:00,55.295747,11.05326,6010.857948751442,RESOLUTE BAY,232005179,12.5
2025-11-22 09:13:39+00:00,55.34658,11.030465,173.95326727694794,STAVFJORD,259888000,10.6
2025-11-22 09:13:39+00:00,55.34658,11.030465,173.95326727694794,STAVFJORD,259888000,10.6
2025-11-22 09:13:39+00:00,55.34658,11.030465,173.95326727694794,STAVFJORD,259888000,10.6
2025-11-22 09:13:39+00:00,55.391188,11.003898,4869.048406909171,ARC ENDEAVOR,366663000,11.7
2025-11-22 09:13:39+00:00,55.391188,11.003898,4869.048406909171,ARC ENDEAVOR,366663000,11.7
2025-11-22 09:13:39+00:00,55.391188,11.003898,4869.048406909171,ARC ENDEAVOR,366663000,11.7
2025-11-22 09:13:39+00:00,55.391188,11.003898,4869.048406909171,ARC ENDEAVOR,366663000,11.7
2025-11-22 09:13:40+00:00,55.390737,11.004435,4820.473901629732,ARC ENDEAVOR,366663000,11.7
2025-11-22 09:13:40+00:00,55.390737,11.004435,4820.473901629732,ARC ENDEAVOR,366663000,11.7
2025-11-22 09:13:40+00:00,55.390737,11.004435,4820.473901629732,ARC ENDEAVOR,366663000,11.7
2025-11-22 09:13:42+00:00,55.32877,11.030948,2121.3600254422067,TERN SEA,219814000,11.3
2025-11-22 09:13:42+00:00,55.32877,11.030948,2121.3600254422067,TERN SEA,219814000,11.3
2025-11-22 09:13:42+00:00,55.32877,11.030948,2121.3600254422067,TERN SEA,219814000,11.3
2025-11-22 09:13:43+00:00,55.32877,11.030948,2121.3600254422067,TERN SEA,219814000,11.3
2025-11-22 09:13:43+00:00,55.32877,11.030948,2121.3600254422067,TERN SEA,219814000,11.3
2025-11-22 09:13:43+00:00,55.32877,11.030948,2121.3600254422067,TERN SEA,219814000,11.3
2025-11-22 09:13:46+00:00,55.296277,11.052845,5947.913991291466,RESOLUTE BAY,232005179,12.5
2025-11-22 09:13:46+00:00,55.296277,11.052845,5947.913991291466,RESOLUTE BAY,232005179,12.5
2025-11-22 09:13:46+00:00,55.296277,11.052845,5947.913991291466,RESOLUTE BAY,232005179,12.5
2025-11-22 09:13:50+00:00,55.390243,11.005035,4767.322589774764,ARC ENDEAVOR,366663000,11.7
2025-11-22 09:13:50+00:00,55.390243,11.005035,4767.322589774764,ARC ENDEAVOR,366663000,11.7
2025-11-22 09:13:50+00:00,55.390243,11.005035,4767.322589774764,ARC ENDEAVOR,366663000,11.7
2025-11-22 09:13:50+00:00,55.390243,11.005035,4767.322589774764,ARC ENDEAVOR,366663000,11.7
2025-11-22 09:13:50+00:00,55.390243,11.005035,4767.322589774764,ARC ENDEAVOR,366663000,11.7
2025-11-22 09:13:51+00:00,55.346038,11.03044,232.8837011446569,STAVFJORD,259888000,10.6
2025-11-22 09:13:51+00:00,55.346038,11.03044,232.8837011446569,STAVFJORD,259888000,10.6
2025-11-22 09:13:51+00:00,55.346038,11.03044,232.8837011446569,STAVFJORD,259888000,10.6
2025-11-22 09:13:51+00:00,55.346038,11.03044,232.8837011446569,STAVFJORD,259888000,10.6
2025-11-22 09:13:51+00:00,55.346038,11.03044,232.8837011446569,STAVFJORD,259888000,10.6
2025-11-22 09:13:52+00:00,55.328293,11.030927,2173.214310850815,TERN SEA,219814000,11.4
2025-11-22 09:13:52+00:00,55.328293,11.030927,2173.214310850815,TERN SEA,219814000,11.4
2025-11-22 09:13:52+00:00,55.328293,11.030927,2173.214310850815,TERN SEA,219814000,11.4
2025-11-22 09:13:52+00:00,55.328293,11.030927,2173.214310850815,TERN SEA,219814000,11.4
2025-11-22 09:13:56+00:00,55.29681,11.052432,5884.677795559826,RESOLUTE BAY,232005179,12.5
2025-11-22 09:13:56+00:00,55.29681,11.052432,5884.677795559826,RESOLUTE BAY,232005179,12.5
2025-11-22 09:13:56+00:00,55.29681,11.052432,5884.677795559826,RESOLUTE BAY,232005179,12.5
2025-11-22 09:13:56+00:00,55.29681,11.052432,5884.677795559826,RESOLUTE BAY,232005179,12.5
2025-11-22 09:13:59+00:00,55.34559,11.03042,281.648955117309,STAVFJORD,259888000,10.6
2025-11-22 09:13:59+00:00,55.34559,11.03042,281.648955117309,STAVFJORD,259888000,10.6
2025-11-22 09:13:59+00:00,55.34559,11.03042,281.648955117309,STAVFJORD,259888000,10.6
2025-11-22 09:13:59+00:00,55.34559,11.03042,281.648955117309,STAVFJORD,259888000,10.6
2025-11-22 09:13:59+00:00,55.34559,11.03042,281.648955117309,STAVFJORD,259888000,10.6
2025-11-22 09:14:01+00:00,55.389793,11.005582,4718.98244353225,ARC ENDEAVOR,366663000,11.7
2025-11-22 09:14:01+00:00,55.389793,11.005582,4718.98244353225,ARC ENDEAVOR,366663000,11.7
2025-11-22 09:14:01+00:00,55.389793,11.005582,4718.98244353225,ARC ENDEAVOR,366663000,11.7
2025-11-22 09:14:01+00:00,55.389793,11.005582,4718.98244353225,ARC ENDEAVOR,366663000,11.7
2025-11-22 09:14:01+00:00,55.389793,11.005582,4718.98244353225,ARC ENDEAVOR,366663000,11.7
2025-11-22 09:14:03+00:00,55.327713,11.030903,2236.291942730177,TERN SEA,219814000,11.4
2025-11-22 09:14:03+00:00,55.327713,11.030903,2236.291942730177,TERN SEA,219814000,11.4
2025-11-22 09:14:06+00:00,55.297342,11.052022,5821.602154867091,RESOLUTE BAY,232005179,12.5
2025-11-22 09:14:06+00:00,55.297342,11.052022,5821.602154867091,RESOLUTE BAY,232005179,12.5
2025-11-22 09:14:06+00:00,55.297342,11.052022,5821.602154867091,RESOLUTE BAY,232005179,12.5
2025-11-22 09:14:06+00:00,55.297342,11.052022,5821.602154867091,RESOLUTE BAY,232005179,12.5
2025-11-22 09:14:06+00:00,55.297342,11.052022,5821.602154867091,RESOLUTE BAY,232005179,12.5
2025-11-22 09:14:07+00:00,55.297342,11.052022,5821.602154867091,RESOLUTE BAY,232005179,12.5
2025-11-22 09:14:07+00:00,55.297342,11.052022,5821.602154867091,RESOLUTE BAY,232005179,12.5
2025-11-22 09:14:07+00:00,55.297342,11.052022,5821.602154867091,RESOLUTE BAY,232005179,12.5
2025-11-22 09:14:07+00:00,55.297342,11.052022,5821.602154867091,RESOLUTE BAY,232005179,12.5
2025-11-22 09:14:11+00:00,55.345045,11.030393,340.9461381195371,STAVFJORD,259888000,10.6
2025-11-22 09:14:11+00:00,55.389345,11.006133,4670.881355204163,ARC ENDEAVOR,366663000,11.8
2025-11-22 09:14:11+00:00,55.389345,11.006133,4670.881355204163,ARC ENDEAVOR,366663000,11.8
2025-11-22 09:14:11+00:00,55.389345,11.006133,4670.881355204163,ARC ENDEAVOR,366663000,11.8
2025-11-22 09:14:11+00:00,55.345045,11.030393,340.9461381195371,STAVFJORD,259888000,10.6
2025-11-22 09:14:11+00:00,55.345045,11.030393,340.9461381195371,STAVFJORD,259888000,10.6
2025-11-22 09:14:11+00:00,55.345045,11.030393,340.9461381195371,STAVFJORD,259888000,10.6
2025-11-22 09:14:11+00:00,55.389345,11.006133,4670.881355204163,ARC ENDEAVOR,366663000,11.8
2025-11-22 09:14:13+00:00,55.327185,11.030878,2293.660387876977,TERN SEA,219814000,11.4
2025-11-22 09:14:13+00:00,55.327185,11.030878,2293.660387876977,TERN SEA,219814000,11.4
2025-11-22 09:14:13+00:00,55.327185,11.030878,2293.660387876977,TERN SEA,219814000,11.4
2025-11-22 09:14:13+00:00,55.327185,11.030878,2293.660387876977,TERN SEA,219814000,11.4
2025-11-22 09:14:15+00:00,55.297817,11.051655,5765.304096085887,RESOLUTE BAY,232005179,12.5
2025-11-22 09:14:15+00:00,55.297817,11.051655,5765.304096085887,RESOLUTE BAY,232005179,12.5
2025-11-22 09:14:15+00:00,55.297817,11.051655,5765.304096085887,RESOLUTE BAY,232005179,12.5
2025-11-22 09:14:20+00:00,55.388897,11.006683,4622.887736360295,ARC ENDEAVOR,366663000,11.8
2025-11-22 09:14:20+00:00,55.388897,11.006683,4622.887736360295,ARC ENDEAVOR,366663000,11.8
2025-11-22 09:14:20+00:00,55.388897,11.006683,4622.887736360295,ARC ENDEAVOR,366663000,11.8
2025-11-22 09:14:20+00:00,55.388897,11.006683,4622.887736360295,ARC ENDEAVOR,366663000,11.8
2025-11-22 09:14:20+00:00,55.388897,11.006683,4622.887736360295,ARC ENDEAVOR,366663000,11.8
2025-11-22 09:14:20+00:00,55.344545,11.030368,395.3257494976075,STAVFJORD,259888000,10.7
2025-11-22 09:14:20+00:00,55.344545,11.030368,395.3257494976075,STAVFJORD,259888000,10.7
2025-11-22 09:14:20+00:00,55.344545,11.030368,395.3257494976075,STAVFJORD,259888000,10.7
2025-11-22 09:14:20+00:00,55.344545,11.030368,395.3257494976075,STAVFJORD,259888000,10.7
2025-11-22 09:14:23+00:00,55.326652,11.030855,2351.5911025947585,TERN SEA,219814000,11.4
2025-11-22 09:14:23+00:00,55.326652,11.030855,2351.5911025947585,TERN SEA,219814000,11.4
2025-11-22 09:14:23+00:00,55.326652,11.030855,2351.5911025947585,TERN SEA,219814000,11.4
2025-11-22 09:14:23+00:00,55.326652,11.030855,2351.5911025947585,TERN SEA,219814000,11.4
2025-11-22 09:14:26+00:00,55.298398,11.051205,5696.470180280309,RESOLUTE BAY,232005179,12.5
2025-11-22 09:14:26+00:00,55.298398,11.051205,5696.470180280309,RESOLUTE BAY,232005179,12.5
2025-11-22 09:14:26+00:00,55.298398,11.051205,5696.470180280309,RESOLUTE BAY,232005179,12.5
2025-11-22 09:14:30+00:00,55.388492,11.007183,4579.6150243484235,ARC ENDEAVOR,366663000,11.8
2025-11-22 09:14:30+00:00,55.388492,11.007183,4579.6150243484235,ARC ENDEAVOR,366663000,11.8
2025-11-22 09:14:30+00:00,55.388492,11.007183,4579.6150243484235,ARC ENDEAVOR,366663000,11.8
2025-11-22 09:14:30+00:00,55.388492,11.007183,4579.6150243484235,ARC ENDEAVOR,366663000,11.8
2025-11-22 09:14:30+00:00,55.388492,11.007183,4579.6150243484235,ARC ENDEAVOR,366663000,11.8
2025-11-22 09:14:31+00:00,55.344048,11.030343,449.340679040829,STAVFJORD,259888000,10.7
2025-11-22 09:14:31+00:00,55.344048,11.030343,449.340679040829,STAVFJORD,259888000,10.7
2025-11-22 09:14:31+00:00,55.344048,11.030343,449.340679040829,STAVFJORD,259888000,10.7
2025-11-22 09:14:31+00:00,55.344048,11.030343,449.340679040829,STAVFJORD,259888000,10.7
2025-11-22 09:14:31+00:00,55.344048,11.030343,449.340679040829,STAVFJORD,259888000,10.7
2025-11-22 09:14:33+00:00,55.32612,11.030835,2409.477558546385,TERN SEA,219814000,11.4
2025-11-22 09:14:36+00:00,55.298928,11.050795,5633.173589509521,RESOLUTE BAY,232005179,12.5
2025-11-22 09:14:36+00:00,55.298928,11.050795,5633.173589509521,RESOLUTE BAY,232005179,12.5
2025-11-22 09:14:36+00:00,55.298928,11.050795,5633.173589509521,RESOLUTE BAY,232005179,12.5
2025-11-22 09:14:39+00:00,55.3436,11.030327,498.1351866685664,STAVFJORD,259888000,10.7
2025-11-22 09:14:39+00:00,55.3436,11.030327,498.1351866685664,STAVFJORD,259888000,10.7
2025-11-22 09:14:39+00:00,55.3436,11.030327,498.1351866685664,STAVFJORD,259888000,10.7
2025-11-22 09:14:40+00:00,55.388045,11.007738,4531.973955525629,ARC ENDEAVOR,366663000,11.8
2025-11-22 09:14:40+00:00,55.388045,11.007738,4531.973955525629,ARC ENDEAVOR,366663000,11.8
2025-11-22 09:14:40+00:00,55.388045,11.007738,4531.973955525629,ARC ENDEAVOR,366663000,11.8
2025-11-22 09:14:40+00:00,55.388045,11.007738,4531.973955525629,ARC ENDEAVOR,366663000,11.8
2025-11-22 09:14:40+00:00,55.388045,11.007738,4531.973955525629,ARC ENDEAVOR,366663000,11.8
2025-11-22 09:14:42+00:00,55.325643,11.030812,2461.32068633044,TERN SEA,219814000,11.4
2025-11-22 09:14:43+00:00,55.325643,11.030812,2461.32068633044,TERN SEA,219814000,11.4
2025-11-22 09:14:43+00:00,55.325643,11.030812,2461.32068633044,TERN SEA,219814000,11.4
2025-11-22 09:14:43+00:00,55.325643,11.030812,2461.32068633044,TERN SEA,219814000,11.4
2025-11-22 09:14:46+00:00,55.299455,11.050373,5569.897887191568,RESOLUTE BAY,232005179,12.5
2025-11-22 09:14:46+00:00,55.299455,11.050373,5569.897887191568,RESOLUTE BAY,232005179,12.5
2025-11-22 09:14:46+00:00,55.299455,11.050373,5569.897887191568,RESOLUTE BAY,232005179,12.5
2025-11-22 09:14:46+00:00,55.299455,11.050373,5569.897887191568,RESOLUTE BAY,232005179,12.5
2025-11-22 09:14:50+00:00,55.387547,11.008348,4479.075287021261,ARC ENDEAVOR,366663000,11.8
2025-11-22 09:14:50+00:00,55.387547,11.008348,4479.075287021261,ARC ENDEAVOR,366663000,11.8
2025-11-22 09:14:50+00:00,55.387547,11.008348,4479.075287021261,ARC ENDEAVOR,366663000,11.8
2025-11-22 09:14:50+00:00,55.387547,11.008348,4479.075287021261,ARC ENDEAVOR,366663000,11.8
2025-11-22 09:14:50+00:00,55.387547,11.008348,4479.075287021261,ARC ENDEAVOR,366663000,11.8
2025-11-22 09:14:51+00:00,55.343048,11.030302,558.2087929038346,STAVFJORD,259888000,10.7
2025-11-22 09:14:51+00:00,55.343048,11.030302,558.2087929038346,STAVFJORD,259888000,10.7
2025-11-22 09:14:51+00:00,55.343048,11.030302,558.2087929038346,STAVFJORD,259888000,10.7
2025-11-22 09:14:51+00:00,55.343048,11.030302,558.2087929038346,STAVFJORD,259888000,10.7
2025-11-22 09:14:52+00:00,55.32511,11.030783,2519.240254826845,TERN SEA,219814000,11.4
2025-11-22 09:14:52+00:00,55.32511,11.030783,2519.240254826845,TERN SEA,219814000,11.4
2025-11-22 09:14:52+00:00,55.32511,11.030783,2519.240254826845,TERN SEA,219814000,11.4
2025-11-22 09:14:52+00:00,55.32511,11.030783,2519.240254826845,TERN SEA,219814000,11.4
2025-11-22 09:14:56+00:00,55.300038,11.049913,5500.028938844864,RESOLUTE BAY,232005179,12.5
2025-11-22 09:14:56+00:00,55.300038,11.049913,5500.028938844864,RESOLUTE BAY,232005179,12.5
2025-11-22 09:14:56+00:00,55.300038,11.049913,5500.028938844864,RESOLUTE BAY,232005179,12.5
2025-11-22 09:14:56+00:00,55.300038,11.049913,5500.028938844864,RESOLUTE BAY,232005179,12.5
2025-11-22 09:14:59+00:00,55.3426,11.030272,606.9141487677039,STAVFJORD,259888000,10.7
2025-11-22 09:14:59+00:00,55.3426,11.030272,606.9141487677039,STAVFJORD,259888000,10.7
2025-11-22 09:14:59+00:00,55.3426,11.030272,606.9141487677039,STAVFJORD,259888000,10.7
2025-11-22 09:14:59+00:00,55.3426,11.030272,606.9141487677039,STAVFJORD,259888000,10.7
2025-11-22 09:14:59+00:00,55.3426,11.030272,606.9141487677039,STAVFJORD,259888000,10.7
2025-11-22 09:15:01+00:00,55.387095,11.008902,4431.298070402323,ARC ENDEAVOR,366663000,11.8
2025-11-22 09:15:01+00:00,55.387095,11.008902,4431.298070402323,ARC ENDEAVOR,366663000,11.8
2025-11-22 09:15:01+00:00,55.387095,11.008902,4431.298070402323,ARC ENDEAVOR,366663000,11.8
2025-11-22 09:15:01+00:00,55.387095,11.008902,4431.298070402323,ARC ENDEAVOR,366663000,11.8
2025-11-22 09:15:01+00:00,55.387095,11.008902,4431.298070402323,ARC ENDEAVOR,366663000,11.8
2025-11-22 09:15:03+00:00,55.324528,11.030743,2582.3956426261607,TERN SEA,219814000,11.4
2025-11-22 09:15:03+00:00,55.324528,11.030743,2582.3956426261607,TERN SEA,219814000,11.4
2025-11-22 09:15:03+00:00,55.324528,11.030743,2582.3956426261607,TERN SEA,219814000,11.4
2025-11-22 09:15:03+00:00,55.324528,11.030743,2582.3956426261607,TERN SEA,219814000,11.4
2025-11-22 09:15:06+00:00,55.300515,11.049533,5442.836548553247,RESOLUTE BAY,232005179,12.5
2025-11-22 09:15:06+00:00,55.300515,11.049533,5442.836548553247,RESOLUTE BAY,232005179,12.5
2025-11-22 09:15:06+00:00,55.300515,11.049533,5442.836548553247,RESOLUTE BAY,232005179,12.5
2025-11-22 09:15:06+00:00,55.300515,11.049533,5442.836548553247,RESOLUTE BAY,232005179,12.5
2025-11-22 09:15:11+00:00,55.38664,11.009448,4383.273526038298,ARC ENDEAVOR,366663000,11.8
2025-11-22 09:15:11+00:00,55.38664,11.009448,4383.273526038298,ARC ENDEAVOR,366663000,11.8
2025-11-22 09:15:11+00:00,55.38664,11.009448,4383.273526038298,ARC ENDEAVOR,366663000,11.8
2025-11-22 09:15:11+00:00,55.38664,11.009448,4383.273526038298,ARC ENDEAVOR,366663000,11.8
2025-11-22 09:15:11+00:00,55.342065,11.030233,664.7052849150842,STAVFJORD,259888000,10.7
2025-11-22 09:15:11+00:00,55.342065,11.030233,664.7052849150842,STAVFJORD,259888000,10.7
2025-11-22 09:15:11+00:00,55.342065,11.030233,664.7052849150842,STAVFJORD,259888000,10.7
2025-11-22 09:15:11+00:00,55.342065,11.030233,664.7052849150842,STAVFJORD,259888000,10.7
2025-11-22 09:15:12+00:00,55.323997,11.030707,2640.061576169253,TERN SEA,219814000,11.4
2025-11-22 09:15:12+00:00,55.323997,11.030707,2640.061576169253,TERN SEA,219814000,11.4
2025-11-22 09:15:15+00:00,55.300995,11.049168,5385.556126594679,RESOLUTE BAY,232005179,12.5
2025-11-22 09:15:15+00:00,55.300995,11.049168,5385.556126594679,RESOLUTE BAY,232005179,12.5
2025-11-22 09:15:15+00:00,55.300995,11.049168,5385.556126594679,RESOLUTE BAY,232005179,12.5
2025-11-22 09:15:20+00:00,55.341697,11.0302,703.351374403549,STAVFJORD,259888000,10.7
2025-11-22 09:15:20+00:00,55.386182,11.009985,4334.6924823733625,ARC ENDEAVOR,366663000,11.8
2025-11-22 09:15:20+00:00,55.386182,11.009985,4334.6924823733625,ARC ENDEAVOR,366663000,11.8
2025-11-22 09:15:20+00:00,55.386182,11.009985,4334.6924823733625,ARC ENDEAVOR,366663000,11.8
2025-11-22 09:15:20+00:00,55.341697,11.0302,703.351374403549,STAVFJORD,259888000,10.7
2025-11-22 09:15:20+00:00,55.341697,11.0302,703.351374403549,STAVFJORD,259888000,10.7
2025-11-22 09:15:20+00:00,55.341697,11.0302,703.351374403549,STAVFJORD,259888000,10.7
2025-11-22 09:15:20+00:00,55.386182,11.009985,4334.6924823733625,ARC ENDEAVOR,366663000,11.8
2025-11-22 09:15:20+00:00,55.341697,11.0302,703.351374403549,STAVFJORD,259888000,10.7
2025-11-22 09:15:20+00:00,55.386182,11.009985,4334.6924823733625,ARC ENDEAVOR,366663000,11.8
2025-11-22 09:15:23+00:00,55.323412,11.030668,2703.6380530126316,TERN SEA,219814000,11.5
2025-11-22 09:15:23+00:00,55.323412,11.030668,2703.6380530126316,TERN SEA,219814000,11.5
2025-11-22 09:15:23+00:00,55.323412,11.030668,2703.6380530126316,TERN SEA,219814000,11.5
2025-11-22 09:15:23+00:00,55.323412,11.030668,2703.6380530126316,TERN SEA,219814000,11.5
2025-11-22 09:15:26+00:00,55.30158,11.048737,5315.9688046691845,RESOLUTE BAY,232005179,12.5
2025-11-22 09:15:26+00:00,55.30158,11.048737,5315.9688046691845,RESOLUTE BAY,232005179,12.5
2025-11-22 09:15:26+00:00,55.30158,11.048737,5315.9688046691845,RESOLUTE BAY,232005179,12.5
2025-11-22 09:15:26+00:00,55.30158,11.048737,5315.9688046691845,RESOLUTE BAY,232005179,12.5
2025-11-22 09:15:29+00:00,55.341118,11.030123,764.2375355441694,STAVFJORD,259888000,10.7
2025-11-22 09:15:29+00:00,55.341118,11.030123,764.2375355441694,STAVFJORD,259888000,10.7
2025-11-22 09:15:29+00:00,55.341118,11.030123,764.2375355441694,STAVFJORD,259888000,10.7
2025-11-22 09:15:30+00:00,55.385723,11.01051,4285.91989126486,ARC ENDEAVOR,366663000,11.8
2025-11-22 09:15:30+00:00,55.385723,11.01051,4285.91989126486,ARC ENDEAVOR,366663000,11.8
2025-11-22 09:15:30+00:00,55.385723,11.01051,4285.91989126486,ARC ENDEAVOR,366663000,11.8
2025-11-22 09:15:30+00:00,55.385723,11.01051,4285.91989126486,ARC ENDEAVOR,366663000,11.8
2025-11-22 09:15:33+00:00,55.322932,11.030642,2755.8805522751454,TERN SEA,219814000,11.5
2025-11-22 09:15:33+00:00,55.322932,11.030642,2755.8805522751454,TERN SEA,219814000,11.5
2025-11-22 09:15:33+00:00,55.322932,11.030642,2755.8805522751454,TERN SEA,219814000,11.5
2025-11-22 09:15:36+00:00,55.30212,11.048353,5251.952491656506,RESOLUTE BAY,232005179,12.5
2025-11-22 09:15:36+00:00,55.30212,11.048353,5251.952491656506,RESOLUTE BAY,232005179,12.5
2025-11-22 09:15:36+00:00,55.30212,11.048353,5251.952491656506,RESOLUTE BAY,232005179,12.5
2025-11-22 09:15:36+00:00,55.30212,11.048353,5251.952491656506,RESOLUTE BAY,232005179,12.5
2025-11-22 09:15:39+00:00,55.340548,11.03008,825.1383531557778,STAVFJORD,259888000,10.8
2025-11-22 09:15:39+00:00,55.340548,11.03008,825.1383531557778,STAVFJORD,259888000,10.8
2025-11-22 09:15:39+00:00,55.340548,11.03008,825.1383531557778,STAVFJORD,259888000,10.8
2025-11-22 09:15:39+00:00,55.340548,11.03008,825.1383531557778,STAVFJORD,259888000,10.8
2025-11-22 09:15:40+00:00,55.385312,11.010985,4242.257477059134,ARC ENDEAVOR,366663000,11.8
2025-11-22 09:15:40+00:00,55.385312,11.010985,4242.257477059134,ARC ENDEAVOR,366663000,11.8
2025-11-22 09:15:40+00:00,55.385312,11.010985,4242.257477059134,ARC ENDEAVOR,366663000,11.8
2025-11-22 09:15:40+00:00,55.385312,11.010985,4242.257477059134,ARC ENDEAVOR,366663000,11.8
2025-11-22 09:15:40+00:00,55.385312,11.010985,4242.257477059134,ARC ENDEAVOR,366663000,11.8
2025-11-22 09:15:43+00:00,55.3224,11.030608,2813.773664077439,TERN SEA,219814000,11.5
2025-11-22 09:15:43+00:00,55.3224,11.030608,2813.773664077439,TERN SEA,219814000,11.5
2025-11-22 09:15:43+00:00,55.3224,11.030608,2813.773664077439,TERN SEA,219814000,11.5
2025-11-22 09:15:43+00:00,55.3224,11.030608,2813.773664077439,TERN SEA,219814000,11.5
2025-11-22 09:15:46+00:00,55.302662,11.04798,5187.892299153086,RESOLUTE BAY,232005179,12.5
2025-11-22 09:15:46+00:00,55.302662,11.04798,5187.892299153086,RESOLUTE BAY,232005179,12.5
2025-11-22 09:15:46+00:00,55.302662,11.04798,5187.892299153086,RESOLUTE BAY,232005179,12.5
2025-11-22 09:15:46+00:00,55.302662,11.04798,5187.892299153086,RESOLUTE BAY,232005179,12.5
2025-11-22 09:15:50+00:00,55.384803,11.011558,4188.186585891601,ARC ENDEAVOR,366663000,11.8
2025-11-22 09:15:50+00:00,55.384803,11.011558,4188.186585891601,ARC ENDEAVOR,366663000,11.8
2025-11-22 09:15:50+00:00,55.384803,11.011558,4188.186585891601,ARC ENDEAVOR,366663000,11.8
2025-11-22 09:15:50+00:00,55.384803,11.011558,4188.186585891601,ARC ENDEAVOR,366663000,11.8
2025-11-22 09:15:51+00:00,55.340027,11.030093,881.6580044909771,STAVFJORD,259888000,10.8
2025-11-22 09:15:51+00:00,55.340027,11.030093,881.6580044909771,STAVFJORD,259888000,10.8
2025-11-22 09:15:51+00:00,55.340027,11.030093,881.6580044909771,STAVFJORD,259888000,10.8
2025-11-22 09:15:51+00:00,55.340027,11.030093,881.6580044909771,STAVFJORD,259888000,10.8
2025-11-22 09:15:52+00:00,55.32192,11.030582,2866.1073569739037,TERN SEA,219814000,11.5
2025-11-22 09:15:52+00:00,55.32192,11.030582,2866.1073569739037,TERN SEA,219814000,11.5
2025-11-22 09:15:52+00:00,55.32192,11.030582,2866.1073569739037,TERN SEA,219814000,11.5
2025-11-22 09:15:52+00:00,55.32192,11.030582,2866.1073569739037,TERN SEA,219814000,11.5
2025-11-22 09:15:56+00:00,55.30326,11.047577,5117.352644592155,RESOLUTE BAY,232005179,12.5
2025-11-22 09:15:56+00:00,55.30326,11.047577,5117.352644592155,RESOLUTE BAY,232005179,12.5
2025-11-22 09:15:56+00:00,55.30326,11.047577,5117.352644592155,RESOLUTE BAY,232005179,12.5
2025-11-22 09:15:56+00:00,55.30326,11.047577,5117.352644592155,RESOLUTE BAY,232005179,12.5
2025-11-22 09:15:59+00:00,55.33959,11.030097,929.0618303785437,STAVFJORD,259888000,10.8
2025-11-22 09:15:59+00:00,55.33959,11.030097,929.0618303785437,STAVFJORD,259888000,10.8
2025-11-22 09:15:59+00:00,55.33959,11.030097,929.0618303785437,STAVFJORD,259888000,10.8
2025-11-22 09:15:59+00:00,55.33959,11.030097,929.0618303785437,STAVFJORD,259888000,10.8
2025-11-22 09:16:01+00:00,55.384343,11.012085,4139.604254022251,ARC ENDEAVOR,366663000,11.8
2025-11-22 09:16:01+00:00,55.384343,11.012085,4139.604254022251,ARC ENDEAVOR,366663000,11.8
2025-11-22 09:16:01+00:00,55.384343,11.012085,4139.604254022251,ARC ENDEAVOR,366663000,11.8
2025-11-22 09:16:01+00:00,55.384343,11.012085,4139.604254022251,ARC ENDEAVOR,366663000,11.8
2025-11-22 09:16:01+00:00,55.384343,11.012085,4139.604254022251,ARC ENDEAVOR,366663000,11.8
2025-11-22 09:16:03+00:00,55.32133,11.030547,2930.451323653387,TERN SEA,219814000,11.5
2025-11-22 09:16:03+00:00,55.32133,11.030547,2930.451323653387,TERN SEA,219814000,11.5
2025-11-22 09:16:03+00:00,55.32133,11.030547,2930.451323653387,TERN SEA,219814000,11.5
2025-11-22 09:16:06+00:00,55.303748,11.047253,5059.871056726336,RESOLUTE BAY,232005179,12.5
2025-11-22 09:16:06+00:00,55.303748,11.047253,5059.871056726336,RESOLUTE BAY,232005179,12.5
2025-11-22 09:16:06+00:00,55.303748,11.047253,5059.871056726336,RESOLUTE BAY,232005179,12.5
2025-11-22 09:16:06+00:00,55.303748,11.047253,5059.871056726336,RESOLUTE BAY,232005179,12.5
2025-11-22 09:16:09+00:00,55.33909,11.030093,983.3338028768289,STAVFJORD,259888000,10.8
2025-11-22 09:16:09+00:00,55.33909,11.030093,983.3338028768289,STAVFJORD,259888000,10.8
2025-11-22 09:16:09+00:00,55.33909,11.030093,983.3338028768289,STAVFJORD,259888000,10.8
2025-11-22 09:16:09+00:00,55.33909,11.030093,983.3338028768289,STAVFJORD,259888000,10.8
2025-11-22 09:16:09+00:00,55.33909,11.030093,983.3338028768289,STAVFJORD,259888000,10.8
2025-11-22 09:16:11+00:00,55.383882,11.012612,4091.157225278197,ARC ENDEAVOR,366663000,11.8
2025-11-22 09:16:11+00:00,55.383882,11.012612,4091.157225278197,ARC ENDEAVOR,366663000,11.8
2025-11-22 09:16:11+00:00,55.383882,11.012612,4091.157225278197,ARC ENDEAVOR,366663000,11.8
2025-11-22 09:16:11+00:00,55.383882,11.012612,4091.157225278197,ARC ENDEAVOR,366663000,11.8
2025-11-22 09:16:11+00:00,55.383882,11.012612,4091.157225278197,ARC ENDEAVOR,366663000,11.8
2025-11-22 09:16:12+00:00,55.320797,11.030518,2988.655223121347,TERN SEA,219814000,11.5
2025-11-22 09:16:12+00:00,55.320797,11.030518,2988.655223121347,TERN SEA,219814000,11.5
2025-11-22 09:16:16+00:00,55.30429,11.046898,4996.110874224543,RESOLUTE BAY,232005179,12.5
2025-11-22 09:16:16+00:00,55.30429,11.046898,4996.110874224543,RESOLUTE BAY,232005179,12.5
2025-11-22 09:16:20+00:00,55.383418,11.013135,4042.698714820334,ARC ENDEAVOR,366663000,11.8
2025-11-22 09:16:20+00:00,55.383418,11.013135,4042.698714820334,ARC ENDEAVOR,366663000,11.8
2025-11-22 09:16:20+00:00,55.383418,11.013135,4042.698714820334,ARC ENDEAVOR,366663000,11.8
2025-11-22 09:16:20+00:00,55.383418,11.013135,4042.698714820334,ARC ENDEAVOR,366663000,11.8
2025-11-22 09:16:20+00:00,55.383418,11.013135,4042.698714820334,ARC ENDEAVOR,366663000,11.8
2025-11-22 09:16:20+00:00,55.338573,11.030062,1039.2549172813428,STAVFJORD,259888000,10.8
2025-11-22 09:16:20+00:00,55.338573,11.030062,1039.2549172813428,STAVFJORD,259888000,10.8
2025-11-22 09:16:20+00:00,55.338573,11.030062,1039.2549172813428,STAVFJORD,259888000,10.8
2025-11-22 09:16:20+00:00,55.338573,11.030062,1039.2549172813428,STAVFJORD,259888000,10.8
2025-11-22 09:16:20+00:00,55.338573,11.030062,1039.2549172813428,STAVFJORD,259888000,10.8
2025-11-22 09:16:23+00:00,55.320265,11.03049,3046.742000587079,TERN SEA,219814000,11.5
2025-11-22 09:16:23+00:00,55.320265,11.03049,3046.742000587079,TERN SEA,219814000,11.5
2025-11-22 09:16:23+00:00,55.320265,11.03049,3046.742000587079,TERN SEA,219814000,11.5
2025-11-22 09:16:23+00:00,55.320265,11.03049,3046.742000587079,TERN SEA,219814000,11.5
2025-11-22 09:16:25+00:00,55.304778,11.04658,4938.739555279245,RESOLUTE BAY,232005179,12.5
2025-11-22 09:16:25+00:00,55.304778,11.04658,4938.739555279245,RESOLUTE BAY,232005179,12.5
2025-11-22 09:16:25+00:00,55.304778,11.04658,4938.739555279245,RESOLUTE BAY,232005179,12.5
2025-11-22 09:16:29+00:00,55.338078,11.030043,1093.025489599184,STAVFJORD,259888000,10.8
2025-11-22 09:16:29+00:00,55.338078,11.030043,1093.025489599184,STAVFJORD,259888000,10.8
2025-11-22 09:16:29+00:00,55.338078,11.030043,1093.025489599184,STAVFJORD,259888000,10.8
2025-11-22 09:16:29+00:00,55.338078,11.030043,1093.025489599184,STAVFJORD,259888000,10.8
2025-11-22 09:16:30+00:00,55.382957,11.013663,3994.7895887250697,ARC ENDEAVOR,366663000,11.8
2025-11-22 09:16:30+00:00,55.382957,11.013663,3994.7895887250697,ARC ENDEAVOR,366663000,11.8
2025-11-22 09:16:30+00:00,55.382957,11.013663,3994.7895887250697,ARC ENDEAVOR,366663000,11.8
2025-11-22 09:16:30+00:00,55.382957,11.013663,3994.7895887250697,ARC ENDEAVOR,366663000,11.8
2025-11-22 09:16:30+00:00,55.382957,11.013663,3994.7895887250697,ARC ENDEAVOR,366663000,11.8
2025-11-22 09:16:33+00:00,55.31973,11.030462,3104.6446710127425,TERN SEA,219814000,11.5
2025-11-22 09:16:33+00:00,55.31973,11.030462,3104.6446710127425,TERN SEA,219814000,11.5
2025-11-22 09:16:33+00:00,55.31973,11.030462,3104.6446710127425,TERN SEA,219814000,11.5
2025-11-22 09:16:36+00:00,55.305375,11.046183,4868.467123325913,RESOLUTE BAY,232005179,12.5
2025-11-22 09:16:36+00:00,55.305375,11.046183,4868.467123325913,RESOLUTE BAY,232005179,12.5
2025-11-22 09:16:36+00:00,55.305375,11.046183,4868.467123325913,RESOLUTE BAY,232005179,12.5
2025-11-22 09:16:36+00:00,55.305375,11.046183,4868.467123325913,RESOLUTE BAY,232005179,12.5
2025-11-22 09:16:39+00:00,55.337582,11.030025,1146.9274562724784,STAVFJORD,259888000,10.8
2025-11-22 09:16:39+00:00,55.337582,11.030025,1146.9274562724784,STAVFJORD,259888000,10.8
2025-11-22 09:16:39+00:00,55.337582,11.030025,1146.9274562724784,STAVFJORD,259888000,10.8
2025-11-22 09:16:41+00:00,55.382493,11.014183,3944.262024184409,ARC ENDEAVOR,366663000,11.8
2025-11-22 09:16:41+00:00,55.382493,11.014183,3944.262024184409,ARC ENDEAVOR,366663000,11.8
2025-11-22 09:16:41+00:00,55.382493,11.014183,3944.262024184409,ARC ENDEAVOR,366663000,11.8
2025-11-22 09:16:41+00:00,55.382493,11.014183,3944.262024184409,ARC ENDEAVOR,366663000,11.8
2025-11-22 09:16:41+00:00,55.382493,11.014183,3944.262024184409,ARC ENDEAVOR,366663000,11.8
2025-11-22 09:16:42+00:00,55.319193,11.030435,3162.8099293889677,TERN SEA,219814000,11.5
2025-11-22 09:16:43+00:00,55.319193,11.030435,3162.8099293889677,TERN SEA,219814000,11.5
2025-11-22 09:16:43+00:00,55.319193,11.030435,3162.8099293889677,TERN SEA,219814000,11.5
2025-11-22 09:16:43+00:00,55.319193,11.030435,3162.8099293889677,TERN SEA,219814000,11.5
2025-11-22 09:16:46+00:00,55.305922,11.04583,4804.241089482537,RESOLUTE BAY,232005179,12.5
2025-11-22 09:16:46+00:00,55.305922,11.04583,4804.241089482537,RESOLUTE BAY,232005179,12.5
2025-11-22 09:16:46+00:00,55.305922,11.04583,4804.241089482537,RESOLUTE BAY,232005179,12.5
2025-11-22 09:16:46+00:00,55.305922,11.04583,4804.241089482537,RESOLUTE BAY,232005179,12.5
2025-11-22 09:16:50+00:00,55.38203,11.014695,3891.8345334575943,ARC ENDEAVOR,366663000,11.8
2025-11-22 09:16:50+00:00,55.38203,11.014695,3891.8345334575943,ARC ENDEAVOR,366663000,11.8
2025-11-22 09:16:50+00:00,55.38203,11.014695,3891.8345334575943,ARC ENDEAVOR,366663000,11.8
2025-11-22 09:16:50+00:00,55.38203,11.014695,3891.8345334575943,ARC ENDEAVOR,366663000,11.8
2025-11-22 09:16:50+00:00,55.38203,11.014695,3891.8345334575943,ARC ENDEAVOR,366663000,11.8
2025-11-22 09:16:51+00:00,55.337032,11.029998,1206.7216590898931,STAVFJORD,259888000,10.8
2025-11-22 09:16:51+00:00,55.337032,11.029998,1206.7216590898931,STAVFJORD,259888000,10.8
2025-11-22 09:16:51+00:00,55.337032,11.029998,1206.7216590898931,STAVFJORD,259888000,10.8
2025-11-22 09:16:51+00:00,55.337032,11.029998,1206.7216590898931,STAVFJORD,259888000,10.8
2025-11-22 09:16:51+00:00,55.337032,11.029998,1206.7216590898931,STAVFJORD,259888000,10.8
2025-11-22 09:16:52+00:00,55.318712,11.030408,3214.922399090796,TERN SEA,219814000,11.5
2025-11-22 09:16:52+00:00,55.318712,11.030408,3214.922399090796,TERN SEA,219814000,11.5
2025-11-22 09:16:52+00:00,55.318712,11.030408,3214.922399090796,TERN SEA,219814000,11.5
2025-11-22 09:16:52+00:00,55.318712,11.030408,3214.922399090796,TERN SEA,219814000,11.5
2025-11-22 09:16:56+00:00,55.306528,11.045457,4733.329555025118,RESOLUTE BAY,232005179,12.5
2025-11-22 09:16:56+00:00,55.306528,11.045457,4733.329555025118,RESOLUTE BAY,232005179,12.5
2025-11-22 09:16:56+00:00,55.306528,11.045457,4733.329555025118,RESOLUTE BAY,232005179,12.5
2025-11-22 09:16:59+00:00,55.336578,11.029973,1256.0887439184492,STAVFJORD,259888000,10.8
2025-11-22 09:16:59+00:00,55.336578,11.029973,1256.0887439184492,STAVFJORD,259888000,10.8
2025-11-22 09:16:59+00:00,55.336578,11.029973,1256.0887439184492,STAVFJORD,259888000,10.8
2025-11-22 09:16:59+00:00,55.336578,11.029973,1256.0887439184492,STAVFJORD,259888000,10.8
2025-11-22 09:17:01+00:00,55.381562,11.015203,3834.0330617547697,ARC ENDEAVOR,366663000,11.8
2025-11-22 09:17:01+00:00,55.381562,11.015203,3834.0330617547697,ARC ENDEAVOR,366663000,11.8
2025-11-22 09:17:01+00:00,55.381562,11.015203,3834.0330617547697,ARC ENDEAVOR,366663000,11.8
2025-11-22 09:17:03+00:00,55.318122,11.030373,3278.879143721755,TERN SEA,219814000,11.5
2025-11-22 09:17:03+00:00,55.318122,11.030373,3278.879143721755,TERN SEA,219814000,11.5
2025-11-22 09:17:03+00:00,55.318122,11.030373,3278.879143721755,TERN SEA,219814000,11.5
2025-11-22 09:17:03+00:00,55.318122,11.030373,3278.879143721755,TERN SEA,219814000,11.5
2025-11-22 09:17:06+00:00,55.30703,11.045168,4674.851008995671,RESOLUTE BAY,232005179,12.5
2025-11-22 09:17:06+00:00,55.30703,11.045168,4674.851008995671,RESOLUTE BAY,232005179,12.5
2025-11-22 09:17:06+00:00,55.30703,11.045168,4674.851008995671,RESOLUTE BAY,232005179,12.5
2025-11-22 09:17:09+00:00,55.336075,11.029947,1310.8104419401106,STAVFJORD,259888000,10.8
2025-11-22 09:17:09+00:00,55.336075,11.029947,1310.8104419401106,STAVFJORD,259888000,10.8
2025-11-22 09:17:09+00:00,55.336075,11.029947,1310.8104419401106,STAVFJORD,259888000,10.8
2025-11-22 09:17:11+00:00,55.381093,11.0157,3776.3757449988616,ARC ENDEAVOR,366663000,11.8
2025-11-22 09:17:11+00:00,55.381093,11.0157,3776.3757449988616,ARC ENDEAVOR,366663000,11.8
2025-11-22 09:17:11+00:00,55.381093,11.0157,3776.3757449988616,ARC ENDEAVOR,366663000,11.8
2025-11-22 09:17:11+00:00,55.381093,11.0157,3776.3757449988616,ARC ENDEAVOR,366663000,11.8
2025-11-22 09:17:11+00:00,55.381093,11.0157,3776.3757449988616,ARC ENDEAVOR,366663000,11.8
2025-11-22 09:17:12+00:00,55.317587,11.030342,3336.9420418107284,TERN SEA,219814000,11.5
2025-11-22 09:17:12+00:00,55.317587,11.030342,3336.9420418107284,TERN SEA,219814000,11.5
2025-11-22 09:17:12+00:00,55.317587,11.030342,3336.9420418107284,TERN SEA,219814000,11.5
2025-11-22 09:17:12+00:00,55.317587,11.030342,3336.9420418107284,TERN SEA,219814000,11.5
2025-11-22 09:17:16+00:00,55.307583,11.044843,4610.350791052762,RESOLUTE BAY,232005179,12.5
2025-11-22 09:17:16+00:00,55.307583,11.044843,4610.350791052762,RESOLUTE BAY,232005179,12.5
2025-11-22 09:17:16+00:00,55.307583,11.044843,4610.350791052762,RESOLUTE BAY,232005179,12.5
2025-11-22 09:17:20+00:00,55.335573,11.029917,1365.3878866435948,STAVFJORD,259888000,10.8
2025-11-22 09:17:20+00:00,55.380668,11.016145,3724.288068277249,ARC ENDEAVOR,366663000,11.8
2025-11-22 09:17:20+00:00,55.335573,11.029917,1365.3878866435948,STAVFJORD,259888000,10.8
2025-11-22 09:17:20+00:00,55.335573,11.029917,1365.3878866435948,STAVFJORD,259888000,10.8
2025-11-22 09:17:20+00:00,55.335573,11.029917,1365.3878866435948,STAVFJORD,259888000,10.8
2025-11-22 09:17:20+00:00,55.380668,11.016145,3724.288068277249,ARC ENDEAVOR,366663000,11.8
2025-11-22 09:17:20+00:00,55.380668,11.016145,3724.288068277249,ARC ENDEAVOR,366663000,11.8
2025-11-22 09:17:20+00:00,55.380668,11.016145,3724.288068277249,ARC ENDEAVOR,366663000,11.8
2025-11-22 09:17:20+00:00,55.380668,11.016145,3724.288068277249,ARC ENDEAVOR,366663000,11.8
2025-11-22 09:17:22+00:00,55.317105,11.030312,3389.273762164,TERN SEA,219814000,11.5
2025-11-22 09:17:22+00:00,55.317105,11.030312,3389.273762164,TERN SEA,219814000,11.5
2025-11-22 09:17:22+00:00,55.317105,11.030312,3389.273762164,TERN SEA,219814000,11.5
2025-11-22 09:17:25+00:00,55.308083,11.044562,4552.209708432268,RESOLUTE BAY,232005179,12.5
2025-11-22 09:17:25+00:00,55.308083,11.044562,4552.209708432268,RESOLUTE BAY,232005179,12.5
2025-11-22 09:17:25+00:00,55.308083,11.044562,4552.209708432268,RESOLUTE BAY,232005179,12.5
2025-11-22 09:17:25+00:00,55.308083,11.044562,4552.209708432268,RESOLUTE BAY,232005179,12.5
2025-11-22 09:17:29+00:00,55.33507,11.029888,1420.0620721347598,STAVFJORD,259888000,10.9
2025-11-22 09:17:29+00:00,55.33507,11.029888,1420.0620721347598,STAVFJORD,259888000,10.9
2025-11-22 09:17:29+00:00,55.33507,11.029888,1420.0620721347598,STAVFJORD,259888000,10.9
2025-11-22 09:17:30+00:00,55.380152,11.016693,3661.0694385467928,ARC ENDEAVOR,366663000,11.8
2025-11-22 09:17:30+00:00,55.380152,11.016693,3661.0694385467928,ARC ENDEAVOR,366663000,11.8
2025-11-22 09:17:30+00:00,55.380152,11.016693,3661.0694385467928,ARC ENDEAVOR,366663000,11.8
2025-11-22 09:17:30+00:00,55.380152,11.016693,3661.0694385467928,ARC ENDEAVOR,366663000,11.8
2025-11-22 09:17:30+00:00,55.380152,11.016693,3661.0694385467928,ARC ENDEAVOR,366663000,11.8
2025-11-22 09:17:33+00:00,55.316515,11.030272,3453.3500662425663,TERN SEA,219814000,11.5
2025-11-22 09:17:33+00:00,55.316515,11.030272,3453.3500662425663,TERN SEA,219814000,11.5
2025-11-22 09:17:33+00:00,55.316515,11.030272,3453.3500662425663,TERN SEA,219814000,11.5
2025-11-22 09:17:35+00:00,55.316408,11.030262,3464.9455302486576,TERN SEA,219814000,11.5
2025-11-22 09:17:35+00:00,55.316408,11.030262,3464.9455302486576,TERN SEA,219814000,11.5
2025-11-22 09:17:35+00:00,55.316408,11.030262,3464.9455302486576,TERN SEA,219814000,11.5
2025-11-22 09:17:35+00:00,55.316408,11.030262,3464.9455302486576,TERN SEA,219814000,11.5
2025-11-22 09:17:36+00:00,55.316353,11.030257,3470.9083149854096,TERN SEA,219814000,11.5
2025-11-22 09:17:36+00:00,55.316353,11.030257,3470.9083149854096,TERN SEA,219814000,11.5
2025-11-22 09:17:36+00:00,55.308698,11.044235,4480.947488276236,RESOLUTE BAY,232005179,12.5
2025-11-22 09:17:36+00:00,55.308698,11.044235,4480.947488276236,RESOLUTE BAY,232005179,12.5
2025-11-22 09:17:36+00:00,55.308698,11.044235,4480.947488276236,RESOLUTE BAY,232005179,12.5
2025-11-22 09:17:39+00:00,55.316193,11.030233,3488.1494246184384,TERN SEA,219814000,11.5
2025-11-22 09:17:39+00:00,55.316193,11.030233,3488.1494246184384,TERN SEA,219814000,11.5
2025-11-22 09:17:39+00:00,55.316193,11.030233,3488.1494246184384,TERN SEA,219814000,11.5
2025-11-22 09:17:39+00:00,55.316193,11.030233,3488.1494246184384,TERN SEA,219814000,11.5
2025-11-22 09:17:39+00:00,55.334562,11.02988,1475.5174768315821,STAVFJORD,259888000,10.9
2025-11-22 09:17:39+00:00,55.334562,11.02988,1475.5174768315821,STAVFJORD,259888000,10.9
2025-11-22 09:17:39+00:00,55.334562,11.02988,1475.5174768315821,STAVFJORD,259888000,10.9
2025-11-22 09:17:41+00:00,55.379682,11.0172,3603.514966579941,ARC ENDEAVOR,366663000,11.8
2025-11-22 09:17:41+00:00,55.379682,11.0172,3603.514966579941,ARC ENDEAVOR,366663000,11.8
2025-11-22 09:17:41+00:00,55.379682,11.0172,3603.514966579941,ARC ENDEAVOR,366663000,11.8
2025-11-22 09:17:41+00:00,55.379682,11.0172,3603.514966579941,ARC ENDEAVOR,366663000,11.8
2025-11-22 09:17:41+00:00,55.379682,11.0172,3603.514966579941,ARC ENDEAVOR,366663000,11.8
2025-11-22 09:17:42+00:00,55.316037,11.030207,3504.9360395313033,TERN SEA,219814000,11.4
2025-11-22 09:17:43+00:00,55.316037,11.030207,3504.9360395313033,TERN SEA,219814000,11.4
2025-11-22 09:17:43+00:00,55.316037,11.030207,3504.9360395313033,TERN SEA,219814000,11.4
2025-11-22 09:17:43+00:00,55.316037,11.030207,3504.9360395313033,TERN SEA,219814000,11.4
2025-11-22 09:17:45+00:00,55.315878,11.030183,3522.0803147789734,TERN SEA,219814000,11.4
2025-11-22 09:17:45+00:00,55.315878,11.030183,3522.0803147789734,TERN SEA,219814000,11.4
2025-11-22 09:17:45+00:00,55.315878,11.030183,3522.0803147789734,TERN SEA,219814000,11.4
2025-11-22 09:17:45+00:00,55.315878,11.030183,3522.0803147789734,TERN SEA,219814000,11.4
2025-11-22 09:17:46+00:00,55.309262,11.043962,4415.947694100696,RESOLUTE BAY,232005179,12.5
2025-11-22 09:17:46+00:00,55.309262,11.043962,4415.947694100696,RESOLUTE BAY,232005179,12.5
2025-11-22 09:17:46+00:00,55.309262,11.043962,4415.947694100696,RESOLUTE BAY,232005179,12.5
2025-11-22 09:17:46+00:00,55.309262,11.043962,4415.947694100696,RESOLUTE BAY,232005179,12.5
2025-11-22 09:17:49+00:00,55.315667,11.030157,3544.906476970027,TERN SEA,219814000,11.4
2025-11-22 09:17:49+00:00,55.315667,11.030157,3544.906476970027,TERN SEA,219814000,11.4
2025-11-22 09:17:50+00:00,55.379213,11.01771,3545.8387541288357,ARC ENDEAVOR,366663000,11.8
2025-11-22 09:17:50+00:00,55.379213,11.01771,3545.8387541288357,ARC ENDEAVOR,366663000,11.8
2025-11-22 09:17:50+00:00,55.379213,11.01771,3545.8387541288357,ARC ENDEAVOR,366663000,11.8
2025-11-22 09:17:50+00:00,55.379213,11.01771,3545.8387541288357,ARC ENDEAVOR,366663000,11.8
2025-11-22 09:17:50+00:00,55.379213,11.01771,3545.8387541288357,ARC ENDEAVOR,366663000,11.8
2025-11-22 09:17:51+00:00,55.334003,11.029857,1536.348961638405,STAVFJORD,259888000,10.9
2025-11-22 09:17:51+00:00,55.334003,11.029857,1536.348961638405,STAVFJORD,259888000,10.9
2025-11-22 09:17:51+00:00,55.334003,11.029857,1536.348961638405,STAVFJORD,259888000,10.9
2025-11-22 09:17:51+00:00,55.334003,11.029857,1536.348961638405,STAVFJORD,259888000,10.9
2025-11-22 09:17:51+00:00,55.334003,11.029857,1536.348961638405,STAVFJORD,259888000,10.9
2025-11-22 09:17:52+00:00,55.315508,11.030145,3562.197933891377,TERN SEA,219814000,11.4
2025-11-22 09:17:52+00:00,55.315508,11.030145,3562.197933891377,TERN SEA,219814000,11.4
2025-11-22 09:17:52+00:00,55.315508,11.030145,3562.197933891377,TERN SEA,219814000,11.4
2025-11-22 09:17:52+00:00,55.315508,11.030145,3562.197933891377,TERN SEA,219814000,11.4
2025-11-22 09:17:56+00:00,55.309883,11.043693,4344.787428548687,RESOLUTE BAY,232005179,12.5
2025-11-22 09:17:56+00:00,55.309883,11.043693,4344.787428548687,RESOLUTE BAY,232005179,12.5
2025-11-22 09:17:56+00:00,55.309883,11.043693,4344.787428548687,RESOLUTE BAY,232005179,12.5
2025-11-22 09:17:56+00:00,55.309883,11.043693,4344.787428548687,RESOLUTE BAY,232005179,12.5
2025-11-22 09:17:56+00:00,55.315297,11.030153,3585.415400358582,TERN SEA,219814000,11.4
2025-11-22 09:17:56+00:00,55.315297,11.030153,3585.415400358582,TERN SEA,219814000,11.4
2025-11-22 09:17:56+00:00,55.315297,11.030153,3585.415400358582,TERN SEA,219814000,11.4
2025-11-22 09:17:59+00:00,55.33355,11.029832,1585.5335926979114,STAVFJORD,259888000,10.9
2025-11-22 09:17:59+00:00,55.33355,11.029832,1585.5335926979114,STAVFJORD,259888000,10.9
2025-11-22 09:17:59+00:00,55.33355,11.029832,1585.5335926979114,STAVFJORD,259888000,10.9
2025-11-22 09:17:59+00:00,55.33355,11.029832,1585.5335926979114,STAVFJORD,259888000,10.9
2025-11-22 09:17:59+00:00,55.33355,11.029832,1585.5335926979114,STAVFJORD,259888000,10.9
2025-11-22 09:18:00+00:00,55.315085,11.03017,3608.845220517183,TERN SEA,219814000,11.4
2025-11-22 09:18:00+00:00,55.315085,11.03017,3608.845220517183,TERN SEA,219814000,11.4
2025-11-22 09:18:01+00:00,55.378748,11.018227,3487.7789542615906,ARC ENDEAVOR,366663000,11.8
2025-11-22 09:18:01+00:00,55.378748,11.018227,3487.7789542615906,ARC ENDEAVOR,366663000,11.8
2025-11-22 09:18:01+00:00,55.378748,11.018227,3487.7789542615906,ARC ENDEAVOR,366663000,11.8
2025-11-22 09:18:03+00:00,55.314925,11.030185,3626.5536146961,TERN SEA,219814000,11.4
2025-11-22 09:18:03+00:00,55.314925,11.030185,3626.5536146961,TERN SEA,219814000,11.4
2025-11-22 09:18:03+00:00,55.314925,11.030185,3626.5536146961,TERN SEA,219814000,11.4
2025-11-22 09:18:03+00:00,55.314925,11.030185,3626.5536146961,TERN SEA,219814000,11.4
2025-11-22 09:18:05+00:00,55.314817,11.030197,3638.528039392681,TERN SEA,219814000,11.4
2025-11-22 09:18:05+00:00,55.314817,11.030197,3638.528039392681,TERN SEA,219814000,11.4
2025-11-22 09:18:05+00:00,55.314817,11.030197,3638.528039392681,TERN SEA,219814000,11.4
2025-11-22 09:18:05+00:00,55.314817,11.030197,3638.528039392681,TERN SEA,219814000,11.4
2025-11-22 09:18:06+00:00,55.310393,11.043488,4286.5512808700805,RESOLUTE BAY,232005179,12.5
2025-11-22 09:18:06+00:00,55.310393,11.043488,4286.5512808700805,RESOLUTE BAY,232005179,12.5
2025-11-22 09:18:06+00:00,55.310393,11.043488,4286.5512808700805,RESOLUTE BAY,232005179,12.5
2025-11-22 09:18:09+00:00,55.314605,11.03023,3662.137729595291,TERN SEA,219814000,11.4
2025-11-22 09:18:09+00:00,55.314605,11.03023,3662.137729595291,TERN SEA,219814000,11.4
2025-11-22 09:18:09+00:00,55.314605,11.03023,3662.137729595291,TERN SEA,219814000,11.4
2025-11-22 09:18:09+00:00,55.314605,11.03023,3662.137729595291,TERN SEA,219814000,11.4
2025-11-22 09:18:09+00:00,55.333047,11.029803,1640.1264872172724,STAVFJORD,259888000,10.9
2025-11-22 09:18:09+00:00,55.333047,11.029803,1640.1264872172724,STAVFJORD,259888000,10.9
2025-11-22 09:18:09+00:00,55.333047,11.029803,1640.1264872172724,STAVFJORD,259888000,10.9
2025-11-22 09:18:09+00:00,55.333047,11.029803,1640.1264872172724,STAVFJORD,259888000,10.9
2025-11-22 09:18:09+00:00,55.333047,11.029803,1640.1264872172724,STAVFJORD,259888000,10.9
2025-11-22 09:18:11+00:00,55.37828,11.018738,3429.5927529282826,ARC ENDEAVOR,366663000,11.8
2025-11-22 09:18:11+00:00,55.37828,11.018738,3429.5927529282826,ARC ENDEAVOR,366663000,11.8
2025-11-22 09:18:11+00:00,55.37828,11.018738,3429.5927529282826,ARC ENDEAVOR,366663000,11.8
2025-11-22 09:18:11+00:00,55.37828,11.018738,3429.5927529282826,ARC ENDEAVOR,366663000,11.8
2025-11-22 09:18:11+00:00,55.37828,11.018738,3429.5927529282826,ARC ENDEAVOR,366663000,11.8
2025-11-22 09:18:12+00:00,55.314393,11.030265,3685.769340829712,TERN SEA,219814000,11.4
2025-11-22 09:18:12+00:00,55.314393,11.030265,3685.769340829712,TERN SEA,219814000,11.4
2025-11-22 09:18:12+00:00,55.314393,11.030265,3685.769340829712,TERN SEA,219814000,11.4
2025-11-22 09:18:12+00:00,55.314393,11.030265,3685.769340829712,TERN SEA,219814000,11.4
2025-11-22 09:18:15+00:00,55.314285,11.030285,3697.8317118906357,TERN SEA,219814000,11.4
2025-11-22 09:18:15+00:00,55.314285,11.030285,3697.8317118906357,TERN SEA,219814000,11.4
2025-11-22 09:18:15+00:00,55.314285,11.030285,3697.8317118906357,TERN SEA,219814000,11.4
2025-11-22 09:18:15+00:00,55.314285,11.030285,3697.8317118906357,TERN SEA,219814000,11.4
2025-11-22 09:18:16+00:00,55.310965,11.043272,4221.413631914101,RESOLUTE BAY,232005179,12.5
2025-11-22 09:18:16+00:00,55.310965,11.043272,4221.413631914101,RESOLUTE BAY,232005179,12.5
2025-11-22 09:18:16+00:00,55.310965,11.043272,4221.413631914101,RESOLUTE BAY,232005179,12.5
2025-11-22 09:18:19+00:00,55.314072,11.030328,3721.660581246647,TERN SEA,219814000,11.4
2025-11-22 09:18:19+00:00,55.314072,11.030328,3721.660581246647,TERN SEA,219814000,11.4
2025-11-22 09:18:19+00:00,55.314072,11.030328,3721.660581246647,TERN SEA,219814000,11.4
2025-11-22 09:18:19+00:00,55.314072,11.030328,3721.660581246647,TERN SEA,219814000,11.4
2025-11-22 09:18:20+00:00,55.332545,11.029778,1694.6570494220866,STAVFJORD,259888000,10.9
2025-11-22 09:18:20+00:00,55.332545,11.029778,1694.6570494220866,STAVFJORD,259888000,10.9
2025-11-22 09:18:20+00:00,55.332545,11.029778,1694.6570494220866,STAVFJORD,259888000,10.9
2025-11-22 09:18:20+00:00,55.332545,11.029778,1694.6570494220866,STAVFJORD,259888000,10.9
2025-11-22 09:18:20+00:00,55.37786,11.019193,3377.5206985022937,ARC ENDEAVOR,366663000,11.8
2025-11-22 09:18:20+00:00,55.37786,11.019193,3377.5206985022937,ARC ENDEAVOR,366663000,11.8
2025-11-22 09:18:20+00:00,55.37786,11.019193,3377.5206985022937,ARC ENDEAVOR,366663000,11.8
2025-11-22 09:18:20+00:00,55.37786,11.019193,3377.5206985022937,ARC ENDEAVOR,366663000,11.8
2025-11-22 09:18:20+00:00,55.37786,11.019193,3377.5206985022937,ARC ENDEAVOR,366663000,11.8
2025-11-22 09:18:22+00:00,55.31391,11.030365,3739.830847813461,TERN SEA,219814000,11.4
2025-11-22 09:18:22+00:00,55.31391,11.030365,3739.830847813461,TERN SEA,219814000,11.4
2025-11-22 09:18:22+00:00,55.31391,11.030365,3739.830847813461,TERN SEA,219814000,11.4
2025-11-22 09:18:25+00:00,55.311477,11.04308,4163.125843465154,RESOLUTE BAY,232005179,12.5
2025-11-22 09:18:25+00:00,55.311477,11.04308,4163.125843465154,RESOLUTE BAY,232005179,12.5
2025-11-22 09:18:25+00:00,55.311477,11.04308,4163.125843465154,RESOLUTE BAY,232005179,12.5
2025-11-22 09:18:25+00:00,55.311477,11.04308,4163.125843465154,RESOLUTE BAY,232005179,12.5
2025-11-22 09:18:26+00:00,55.313698,11.030413,3763.604821958713,TERN SEA,219814000,11.4
2025-11-22 09:18:26+00:00,55.313698,11.030413,3763.604821958713,TERN SEA,219814000,11.4
2025-11-22 09:18:29+00:00,55.332038,11.029748,1749.6784116815963,STAVFJORD,259888000,10.9
2025-11-22 09:18:29+00:00,55.332038,11.029748,1749.6784116815963,STAVFJORD,259888000,10.9
2025-11-22 09:18:29+00:00,55.31354,11.030448,3781.314512615442,TERN SEA,219814000,11.4
2025-11-22 09:18:29+00:00,55.332038,11.029748,1749.6784116815963,STAVFJORD,259888000,10.9
2025-11-22 09:18:30+00:00,55.37734,11.019735,3313.4730290475854,ARC ENDEAVOR,366663000,11.8
2025-11-22 09:18:30+00:00,55.37734,11.019735,3313.4730290475854,ARC ENDEAVOR,366663000,11.8
2025-11-22 09:18:30+00:00,55.37734,11.019735,3313.4730290475854,ARC ENDEAVOR,366663000,11.8
2025-11-22 09:18:30+00:00,55.37734,11.019735,3313.4730290475854,ARC ENDEAVOR,366663000,11.8
2025-11-22 09:18:30+00:00,55.37734,11.019735,3313.4730290475854,ARC ENDEAVOR,366663000,11.8
2025-11-22 09:18:33+00:00,55.313327,11.030492,3805.154345564587,TERN SEA,219814000,11.4
2025-11-22 09:18:35+00:00,55.312105,11.042858,4091.804582229813,RESOLUTE BAY,232005179,12.5
2025-11-22 09:18:35+00:00,55.312105,11.042858,4091.804582229813,RESOLUTE BAY,232005179,12.5
2025-11-22 09:18:35+00:00,55.312105,11.042858,4091.804582229813,RESOLUTE BAY,232005179,12.5
2025-11-22 09:18:35+00:00,55.31322,11.030513,3817.1180365555183,TERN SEA,219814000,11.5
2025-11-22 09:18:35+00:00,55.31322,11.030513,3817.1180365555183,TERN SEA,219814000,11.5
2025-11-22 09:18:35+00:00,55.312105,11.042858,4091.804582229813,RESOLUTE BAY,232005179,12.5
2025-11-22 09:18:38+00:00,55.313012,11.030575,3840.6064937941496,TERN SEA,219814000,11.4
2025-11-22 09:18:38+00:00,55.313012,11.030575,3840.6064937941496,TERN SEA,219814000,11.4
2025-11-22 09:18:38+00:00,55.313012,11.030575,3840.6064937941496,TERN SEA,219814000,11.4
2025-11-22 09:18:38+00:00,55.313012,11.030575,3840.6064937941496,TERN SEA,219814000,11.4
2025-11-22 09:18:39+00:00,55.331533,11.029715,1804.4478649867083,STAVFJORD,259888000,10.9
2025-11-22 09:18:39+00:00,55.331533,11.029715,1804.4478649867083,STAVFJORD,259888000,10.9
2025-11-22 09:18:39+00:00,55.331533,11.029715,1804.4478649867083,STAVFJORD,259888000,10.9
2025-11-22 09:18:39+00:00,55.331533,11.029715,1804.4478649867083,STAVFJORD,259888000,10.9
2025-11-22 09:18:39+00:00,55.331533,11.029715,1804.4478649867083,STAVFJORD,259888000,10.9
2025-11-22 09:18:41+00:00,55.376865,11.020213,3255.3132863683677,ARC ENDEAVOR,366663000,11.8
2025-11-22 09:18:41+00:00,55.376865,11.020213,3255.3132863683677,ARC ENDEAVOR,366663000,11.8
2025-11-22 09:18:41+00:00,55.376865,11.020213,3255.3132863683677,ARC ENDEAVOR,366663000,11.8
2025-11-22 09:18:41+00:00,55.376865,11.020213,3255.3132863683677,ARC ENDEAVOR,366663000,11.8
2025-11-22 09:18:41+00:00,55.376865,11.020213,3255.3132863683677,ARC ENDEAVOR,366663000,11.8
2025-11-22 09:18:42+00:00,55.312805,11.030638,3863.996235719901,TERN SEA,219814000,11.4
2025-11-22 09:18:43+00:00,55.312805,11.030638,3863.996235719901,TERN SEA,219814000,11.4
2025-11-22 09:18:43+00:00,55.312805,11.030638,3863.996235719901,TERN SEA,219814000,11.4
2025-11-22 09:18:43+00:00,55.312805,11.030638,3863.996235719901,TERN SEA,219814000,11.4
2025-11-22 09:18:45+00:00,55.312648,11.030682,3881.6948997576005,TERN SEA,219814000,11.5
2025-11-22 09:18:45+00:00,55.312648,11.030682,3881.6948997576005,TERN SEA,219814000,11.5
2025-11-22 09:18:45+00:00,55.312648,11.030682,3881.6948997576005,TERN SEA,219814000,11.5
2025-11-22 09:18:45+00:00,55.312648,11.030682,3881.6948997576005,TERN SEA,219814000,11.5
2025-11-22 09:18:46+00:00,55.312678,11.042675,4026.9795571030318,RESOLUTE BAY,232005179,12.5
2025-11-22 09:18:46+00:00,55.312678,11.042675,4026.9795571030318,RESOLUTE BAY,232005179,12.5
2025-11-22 09:18:46+00:00,55.312678,11.042675,4026.9795571030318,RESOLUTE BAY,232005179,12.5
2025-11-22 09:18:46+00:00,55.312678,11.042675,4026.9795571030318,RESOLUTE BAY,232005179,12.5
2025-11-22 09:18:49+00:00,55.331027,11.029682,1859.3310407073507,STAVFJORD,259888000,10.9
2025-11-22 09:18:49+00:00,55.331027,11.029682,1859.3310407073507,STAVFJORD,259888000,10.9
2025-11-22 09:18:49+00:00,55.331027,11.029682,1859.3310407073507,STAVFJORD,259888000,10.9
2025-11-22 09:18:49+00:00,55.331027,11.029682,1859.3310407073507,STAVFJORD,259888000,10.9
2025-11-22 09:18:50+00:00,55.376388,11.020678,3197.206972080767,ARC ENDEAVOR,366663000,11.8
2025-11-22 09:18:50+00:00,55.376388,11.020678,3197.206972080767,ARC ENDEAVOR,366663000,11.8
2025-11-22 09:18:50+00:00,55.376388,11.020678,3197.206972080767,ARC ENDEAVOR,366663000,11.8
2025-11-22 09:18:50+00:00,55.376388,11.020678,3197.206972080767,ARC ENDEAVOR,366663000,11.8
2025-11-22 09:18:50+00:00,55.312442,11.030752,3905.0515779539287,TERN SEA,219814000,11.5
2025-11-22 09:18:50+00:00,55.312442,11.030752,3905.0515779539287,TERN SEA,219814000,11.5
2025-11-22 09:18:50+00:00,55.312442,11.030752,3905.0515779539287,TERN SEA,219814000,11.5
2025-11-22 09:18:50+00:00,55.312442,11.030752,3905.0515779539287,TERN SEA,219814000,11.5
2025-11-22 09:18:52+00:00,55.312338,11.030795,3916.9272177003786,TERN SEA,219814000,11.5
2025-11-22 09:18:52+00:00,55.312338,11.030795,3916.9272177003786,TERN SEA,219814000,11.5
2025-11-22 09:18:52+00:00,55.312338,11.030795,3916.9272177003786,TERN SEA,219814000,11.5
2025-11-22 09:18:52+00:00,55.312338,11.030795,3916.9272177003786,TERN SEA,219814000,11.5
2025-11-22 09:18:55+00:00,55.313193,11.042532,3968.9920005723634,RESOLUTE BAY,232005179,12.5
2025-11-22 09:18:55+00:00,55.313193,11.042532,3968.9920005723634,RESOLUTE BAY,232005179,12.5
2025-11-22 09:18:55+00:00,55.313193,11.042532,3968.9920005723634,RESOLUTE BAY,232005179,12.5
2025-11-22 09:18:55+00:00,55.313193,11.042532,3968.9920005723634,RESOLUTE BAY,232005179,12.5
2025-11-22 09:18:59+00:00,55.330518,11.029663,1914.6881372339642,STAVFJORD,259888000,10.9
2025-11-22 09:18:59+00:00,55.330518,11.029663,1914.6881372339642,STAVFJORD,259888000,10.9
2025-11-22 09:18:59+00:00,55.330518,11.029663,1914.6881372339642,STAVFJORD,259888000,10.9
2025-11-22 09:18:59+00:00,55.330518,11.029663,1914.6881372339642,STAVFJORD,259888000,10.9
2025-11-22 09:18:59+00:00,55.330518,11.029663,1914.6881372339642,STAVFJORD,259888000,10.9
2025-11-22 09:19:01+00:00,55.375907,11.021128,3138.8916796424833,ARC ENDEAVOR,366663000,11.8
2025-11-22 09:19:01+00:00,55.375907,11.021128,3138.8916796424833,ARC ENDEAVOR,366663000,11.8
2025-11-22 09:19:01+00:00,55.375907,11.021128,3138.8916796424833,ARC ENDEAVOR,366663000,11.8
2025-11-22 09:19:03+00:00,55.311823,11.03102,3975.866240799712,TERN SEA,219814000,11.5
2025-11-22 09:19:03+00:00,55.311823,11.03102,3975.866240799712,TERN SEA,219814000,11.5
2025-11-22 09:19:03+00:00,55.311823,11.03102,3975.866240799712,TERN SEA,219814000,11.5
2025-11-22 09:19:06+00:00,55.313825,11.042375,3898.0714221336257,RESOLUTE BAY,232005179,12.5
2025-11-22 09:19:06+00:00,55.313825,11.042375,3898.0714221336257,RESOLUTE BAY,232005179,12.5
2025-11-22 09:19:06+00:00,55.313825,11.042375,3898.0714221336257,RESOLUTE BAY,232005179,12.5
2025-11-22 09:19:07+00:00,55.330518,11.029663,1914.6881372339642,STAVFJORD,259888000,10.9
2025-11-22 09:19:07+00:00,55.330518,11.029663,1914.6881372339642,STAVFJORD,259888000,10.9
2025-11-22 09:19:09+00:00,55.33001,11.029663,1970.175464112796,STAVFJORD,259888000,10.9
2025-11-22 09:19:09+00:00,55.33001,11.029663,1970.175464112796,STAVFJORD,259888000,10.9
2025-11-22 09:19:09+00:00,55.33001,11.029663,1970.175464112796,STAVFJORD,259888000,10.9
2025-11-22 09:19:09+00:00,55.33001,11.029663,1970.175464112796,STAVFJORD,259888000,10.9
2025-11-22 09:19:11+00:00,55.375422,11.021565,3080.363323839524,ARC ENDEAVOR,366663000,11.8
2025-11-22 09:19:11+00:00,55.375422,11.021565,3080.363323839524,ARC ENDEAVOR,366663000,11.8
2025-11-22 09:19:11+00:00,55.375422,11.021565,3080.363323839524,ARC ENDEAVOR,366663000,11.8
2025-11-22 09:19:11+00:00,55.375422,11.021565,3080.363323839524,ARC ENDEAVOR,366663000,11.8
2025-11-22 09:19:12+00:00,55.311312,11.031283,4034.7826530230336,TERN SEA,219814000,11.5
2025-11-22 09:19:12+00:00,55.311312,11.031283,4034.7826530230336,TERN SEA,219814000,11.5
2025-11-22 09:19:12+00:00,55.311312,11.031283,4034.7826530230336,TERN SEA,219814000,11.5
2025-11-22 09:19:12+00:00,55.311312,11.031283,4034.7826530230336,TERN SEA,219814000,11.5
2025-11-22 09:19:16+00:00,55.3144,11.042243,3833.69238738391,RESOLUTE BAY,232005179,12.5
2025-11-22 09:19:16+00:00,55.3144,11.042243,3833.69238738391,RESOLUTE BAY,232005179,12.5
2025-11-22 09:19:16+00:00,55.3144,11.042243,3833.69238738391,RESOLUTE BAY,232005179,12.5
2025-11-22 09:19:19+00:00,55.329548,11.02967,2020.7428253783519,STAVFJORD,259888000,10.9
2025-11-22 09:19:19+00:00,55.329548,11.02967,2020.7428253783519,STAVFJORD,259888000,10.9
2025-11-22 09:19:19+00:00,55.329548,11.02967,2020.7428253783519,STAVFJORD,259888000,10.9
2025-11-22 09:19:19+00:00,55.329548,11.02967,2020.7428253783519,STAVFJORD,259888000,10.9
2025-11-22 09:19:20+00:00,55.374982,11.02196,3027.218142439941,ARC ENDEAVOR,366663000,11.8
2025-11-22 09:19:20+00:00,55.374982,11.02196,3027.218142439941,ARC ENDEAVOR,366663000,11.8
2025-11-22 09:19:20+00:00,55.374982,11.02196,3027.218142439941,ARC ENDEAVOR,366663000,11.8
2025-11-22 09:19:20+00:00,55.374982,11.02196,3027.218142439941,ARC ENDEAVOR,366663000,11.8
2025-11-22 09:19:22+00:00,55.310802,11.031572,4093.884948452677,TERN SEA,219814000,11.5
2025-11-22 09:19:22+00:00,55.310802,11.031572,4093.884948452677,TERN SEA,219814000,11.5
2025-11-22 09:19:22+00:00,55.310802,11.031572,4093.884948452677,TERN SEA,219814000,11.5
2025-11-22 09:19:25+00:00,55.314917,11.042135,3775.9520543080507,RESOLUTE BAY,232005179,12.5
2025-11-22 09:19:25+00:00,55.314917,11.042135,3775.9520543080507,RESOLUTE BAY,232005179,12.5
2025-11-22 09:19:25+00:00,55.314917,11.042135,3775.9520543080507,RESOLUTE BAY,232005179,12.5
2025-11-22 09:19:29+00:00,55.328987,11.029682,2082.189456794459,STAVFJORD,259888000,10.9
2025-11-22 09:19:29+00:00,55.328987,11.029682,2082.189456794459,STAVFJORD,259888000,10.9
2025-11-22 09:19:29+00:00,55.328987,11.029682,2082.189456794459,STAVFJORD,259888000,10.9
2025-11-22 09:19:29+00:00,55.328987,11.029682,2082.189456794459,STAVFJORD,259888000,10.9
2025-11-22 09:19:30+00:00,55.374443,11.022438,2961.684098639264,ARC ENDEAVOR,366663000,11.8
2025-11-22 09:19:30+00:00,55.374443,11.022438,2961.684098639264,ARC ENDEAVOR,366663000,11.8
2025-11-22 09:19:30+00:00,55.374443,11.022438,2961.684098639264,ARC ENDEAVOR,366663000,11.8
2025-11-22 09:19:30+00:00,55.374443,11.022438,2961.684098639264,ARC ENDEAVOR,366663000,11.8
2025-11-22 09:19:30+00:00,55.374443,11.022438,2961.684098639264,ARC ENDEAVOR,366663000,11.8
2025-11-22 09:19:33+00:00,55.310242,11.031902,4158.9425358812205,TERN SEA,219814000,11.6
2025-11-22 09:19:35+00:00,55.315548,11.042015,3705.6449287503065,RESOLUTE BAY,232005179,12.5
2025-11-22 09:19:35+00:00,55.315548,11.042015,3705.6449287503065,RESOLUTE BAY,232005179,12.5
2025-11-22 09:19:35+00:00,55.315548,11.042015,3705.6449287503065,RESOLUTE BAY,232005179,12.5
2025-11-22 09:19:35+00:00,55.315548,11.042015,3705.6449287503065,RESOLUTE BAY,232005179,12.5
2025-11-22 09:19:36+00:00,55.374443,11.022438,2961.684098639264,ARC ENDEAVOR,366663000,11.8
2025-11-22 09:19:36+00:00,55.374443,11.022438,2961.684098639264,ARC ENDEAVOR,366663000,11.8
2025-11-22 09:19:36+00:00,55.374443,11.022438,2961.684098639264,ARC ENDEAVOR,366663000,11.8
2025-11-22 09:19:36+00:00,55.374443,11.022438,2961.684098639264,ARC ENDEAVOR,366663000,11.8
2025-11-22 09:19:39+00:00,55.328475,11.0297,2138.3745138354384,STAVFJORD,259888000,10.9
2025-11-22 09:19:39+00:00,55.328475,11.0297,2138.3745138354384,STAVFJORD,259888000,10.9
2025-11-22 09:19:39+00:00,55.328475,11.0297,2138.3745138354384,STAVFJORD,259888000,10.9
2025-11-22 09:19:39+00:00,55.328475,11.0297,2138.3745138354384,STAVFJORD,259888000,10.9
2025-11-22 09:19:39+00:00,55.328475,11.0297,2138.3745138354384,STAVFJORD,259888000,10.9
2025-11-22 09:19:41+00:00,55.37395,11.022878,2901.769338254824,ARC ENDEAVOR,366663000,11.8
2025-11-22 09:19:41+00:00,55.37395,11.022878,2901.769338254824,ARC ENDEAVOR,366663000,11.8
2025-11-22 09:19:41+00:00,55.37395,11.022878,2901.769338254824,ARC ENDEAVOR,366663000,11.8
2025-11-22 09:19:41+00:00,55.37395,11.022878,2901.769338254824,ARC ENDEAVOR,366663000,11.8
2025-11-22 09:19:42+00:00,55.309782,11.032172,4212.387125438948,TERN SEA,219814000,11.6
2025-11-22 09:19:43+00:00,55.309782,11.032172,4212.387125438948,TERN SEA,219814000,11.6
2025-11-22 09:19:43+00:00,55.309782,11.032172,4212.387125438948,TERN SEA,219814000,11.6
2025-11-22 09:19:43+00:00,55.309782,11.032172,4212.387125438948,TERN SEA,219814000,11.6
2025-11-22 09:19:43+00:00,55.309782,11.032172,4212.387125438948,TERN SEA,219814000,11.6
2025-11-22 09:19:43+00:00,55.309782,11.032172,4212.387125438948,TERN SEA,219814000,11.6
2025-11-22 09:19:43+00:00,55.309782,11.032172,4212.387125438948,TERN SEA,219814000,11.6
2025-11-22 09:19:46+00:00,55.316125,11.041918,3641.527892495493,RESOLUTE BAY,232005179,12.4
2025-11-22 09:19:46+00:00,55.316125,11.041918,3641.527892495493,RESOLUTE BAY,232005179,12.4
2025-11-22 09:19:46+00:00,55.316125,11.041918,3641.527892495493,RESOLUTE BAY,232005179,12.4
2025-11-22 09:19:46+00:00,55.316125,11.041918,3641.527892495493,RESOLUTE BAY,232005179,12.4
2025-11-22 09:19:49+00:00,55.327963,11.029712,2194.4970755757613,STAVFJORD,259888000,11.0
2025-11-22 09:19:49+00:00,55.327963,11.029712,2194.4970755757613,STAVFJORD,259888000,11.0
2025-11-22 09:19:49+00:00,55.327963,11.029712,2194.4970755757613,STAVFJORD,259888000,11.0
2025-11-22 09:19:49+00:00,55.327963,11.029712,2194.4970755757613,STAVFJORD,259888000,11.0
2025-11-22 09:19:50+00:00,55.373462,11.023317,2842.4816678565385,ARC ENDEAVOR,366663000,11.8
2025-11-22 09:19:50+00:00,55.373462,11.023317,2842.4816678565385,ARC ENDEAVOR,366663000,11.8
2025-11-22 09:19:50+00:00,55.373462,11.023317,2842.4816678565385,ARC ENDEAVOR,366663000,11.8
2025-11-22 09:19:50+00:00,55.373462,11.023317,2842.4816678565385,ARC ENDEAVOR,366663000,11.8
2025-11-22 09:19:50+00:00,55.373462,11.023317,2842.4816678565385,ARC ENDEAVOR,366663000,11.8
2025-11-22 09:19:52+00:00,55.309268,11.032472,4272.102863666853,TERN SEA,219814000,11.6
2025-11-22 09:19:52+00:00,55.309268,11.032472,4272.102863666853,TERN SEA,219814000,11.6
2025-11-22 09:19:52+00:00,55.309268,11.032472,4272.102863666853,TERN SEA,219814000,11.6
2025-11-22 09:19:52+00:00,55.309268,11.032472,4272.102863666853,TERN SEA,219814000,11.6
2025-11-22 09:19:55+00:00,55.316643,11.041838,3584.060276245608,RESOLUTE BAY,232005179,12.4
2025-11-22 09:19:55+00:00,55.316643,11.041838,3584.060276245608,RESOLUTE BAY,232005179,12.4
2025-11-22 09:19:55+00:00,55.316643,11.041838,3584.060276245608,RESOLUTE BAY,232005179,12.4
2025-11-22 09:19:55+00:00,55.316643,11.041838,3584.060276245608,RESOLUTE BAY,232005179,12.4
2025-11-22 09:19:59+00:00,55.32745,11.029723,2250.7224950901814,STAVFJORD,259888000,11.0
2025-11-22 09:19:59+00:00,55.32745,11.029723,2250.7224950901814,STAVFJORD,259888000,11.0
2025-11-22 09:19:59+00:00,55.32745,11.029723,2250.7224950901814,STAVFJORD,259888000,11.0
2025-11-22 09:19:59+00:00,55.32745,11.029723,2250.7224950901814,STAVFJORD,259888000,11.0
2025-11-22 09:19:59+00:00,55.32745,11.029723,2250.7224950901814,STAVFJORD,259888000,11.0
2025-11-22 09:20:01+00:00,55.37297,11.02375,2782.9208174730948,ARC ENDEAVOR,366663000,11.8
2025-11-22 09:20:01+00:00,55.37297,11.02375,2782.9208174730948,ARC ENDEAVOR,366663000,11.8
2025-11-22 09:20:01+00:00,55.37297,11.02375,2782.9208174730948,ARC ENDEAVOR,366663000,11.8
2025-11-22 09:20:03+00:00,55.308708,11.032825,4337.4854885132345,TERN SEA,219814000,11.7
2025-11-22 09:20:03+00:00,55.308708,11.032825,4337.4854885132345,TERN SEA,219814000,11.7
2025-11-22 09:20:03+00:00,55.308708,11.032825,4337.4854885132345,TERN SEA,219814000,11.7
2025-11-22 09:20:03+00:00,55.308708,11.032825,4337.4854885132345,TERN SEA,219814000,11.7
2025-11-22 09:20:06+00:00,55.317275,11.041733,3513.850648366751,RESOLUTE BAY,232005179,12.4
2025-11-22 09:20:06+00:00,55.317275,11.041733,3513.850648366751,RESOLUTE BAY,232005179,12.4
2025-11-22 09:20:06+00:00,55.317275,11.041733,3513.850648366751,RESOLUTE BAY,232005179,12.4
2025-11-22 09:20:09+00:00,55.317275,11.041733,3513.850648366751,RESOLUTE BAY,232005179,12.4
2025-11-22 09:20:11+00:00,55.326887,11.029737,2312.485288432557,STAVFJORD,259888000,11.0
2025-11-22 09:20:11+00:00,55.37248,11.024172,2723.8053316312303,ARC ENDEAVOR,366663000,11.8
2025-11-22 09:20:11+00:00,55.37248,11.024172,2723.8053316312303,ARC ENDEAVOR,366663000,11.8
2025-11-22 09:20:11+00:00,55.37248,11.024172,2723.8053316312303,ARC ENDEAVOR,366663000,11.8
2025-11-22 09:20:11+00:00,55.37248,11.024172,2723.8053316312303,ARC ENDEAVOR,366663000,11.8
2025-11-22 09:20:11+00:00,55.326887,11.029737,2312.485288432557,STAVFJORD,259888000,11.0
2025-11-22 09:20:11+00:00,55.326887,11.029737,2312.485288432557,STAVFJORD,259888000,11.0
2025-11-22 09:20:11+00:00,55.326887,11.029737,2312.485288432557,STAVFJORD,259888000,11.0
2025-11-22 09:20:12+00:00,55.308195,11.03315,4397.42262679567,TERN SEA,219814000,11.7
2025-11-22 09:20:12+00:00,55.308195,11.03315,4397.42262679567,TERN SEA,219814000,11.7
2025-11-22 09:20:12+00:00,55.308195,11.03315,4397.42262679567,TERN SEA,219814000,11.7
2025-11-22 09:20:12+00:00,55.308195,11.03315,4397.42262679567,TERN SEA,219814000,11.7
2025-11-22 09:20:16+00:00,55.317848,11.041633,3450.1457594168755,RESOLUTE BAY,232005179,12.4
2025-11-22 09:20:16+00:00,55.317848,11.041633,3450.1457594168755,RESOLUTE BAY,232005179,12.4
2025-11-22 09:20:16+00:00,55.317848,11.041633,3450.1457594168755,RESOLUTE BAY,232005179,12.4
2025-11-22 09:20:19+00:00,55.326477,11.029748,2357.4879809369672,STAVFJORD,259888000,11.0
2025-11-22 09:20:19+00:00,55.326477,11.029748,2357.4879809369672,STAVFJORD,259888000,11.0
2025-11-22 09:20:19+00:00,55.326477,11.029748,2357.4879809369672,STAVFJORD,259888000,11.0
2025-11-22 09:20:19+00:00,55.326477,11.029748,2357.4879809369672,STAVFJORD,259888000,11.0
2025-11-22 09:20:20+00:00,55.372032,11.024543,2670.02259348494,ARC ENDEAVOR,366663000,11.8
2025-11-22 09:20:20+00:00,55.372032,11.024543,2670.02259348494,ARC ENDEAVOR,366663000,11.8
2025-11-22 09:20:22+00:00,55.307737,11.033457,4451.152300114791,TERN SEA,219814000,11.7
2025-11-22 09:20:22+00:00,55.307737,11.033457,4451.152300114791,TERN SEA,219814000,11.7
2025-11-22 09:20:22+00:00,55.307737,11.033457,4451.152300114791,TERN SEA,219814000,11.7
2025-11-22 09:20:22+00:00,55.307737,11.033457,4451.152300114791,TERN SEA,219814000,11.7
2025-11-22 09:20:26+00:00,55.31842,11.041537,3386.618887306129,RESOLUTE BAY,232005179,12.4
2025-11-22 09:20:26+00:00,55.31842,11.041537,3386.618887306129,RESOLUTE BAY,232005179,12.4
2025-11-22 09:20:26+00:00,55.31842,11.041537,3386.618887306129,RESOLUTE BAY,232005179,12.4
2025-11-22 09:20:26+00:00,55.31842,11.041537,3386.618887306129,RESOLUTE BAY,232005179,12.4
2025-11-22 09:20:29+00:00,55.325912,11.029763,2419.502310707668,STAVFJORD,259888000,11.0
2025-11-22 09:20:29+00:00,55.325912,11.029763,2419.502310707668,STAVFJORD,259888000,11.0
2025-11-22 09:20:29+00:00,55.325912,11.029763,2419.502310707668,STAVFJORD,259888000,11.0
2025-11-22 09:20:29+00:00,55.325912,11.029763,2419.502310707668,STAVFJORD,259888000,11.0
2025-11-22 09:20:30+00:00,55.371487,11.024985,2604.7950524630837,ARC ENDEAVOR,366663000,11.8
2025-11-22 09:20:30+00:00,55.371487,11.024985,2604.7950524630837,ARC ENDEAVOR,366663000,11.8
2025-11-22 09:20:30+00:00,55.371487,11.024985,2604.7950524630837,ARC ENDEAVOR,366663000,11.8
2025-11-22 09:20:30+00:00,55.371487,11.024985,2604.7950524630837,ARC ENDEAVOR,366663000,11.8
2025-11-22 09:20:33+00:00,55.307182,11.03385,4516.542404969445,TERN SEA,219814000,11.7
2025-11-22 09:20:35+00:00,55.318993,11.04145,3323.1233083563684,RESOLUTE BAY,232005179,12.4
2025-11-22 09:20:35+00:00,55.318993,11.04145,3323.1233083563684,RESOLUTE BAY,232005179,12.4
2025-11-22 09:20:35+00:00,55.318993,11.04145,3323.1233083563684,RESOLUTE BAY,232005179,12.4
2025-11-22 09:20:35+00:00,55.318993,11.04145,3323.1233083563684,RESOLUTE BAY,232005179,12.4
2025-11-22 09:20:40+00:00,55.3254,11.029772,2475.6682733069474,STAVFJORD,259888000,11.0
2025-11-22 09:20:40+00:00,55.3254,11.029772,2475.6682733069474,STAVFJORD,259888000,11.0
2025-11-22 09:20:40+00:00,55.3254,11.029772,2475.6682733069474,STAVFJORD,259888000,11.0
2025-11-22 09:20:40+00:00,55.3254,11.029772,2475.6682733069474,STAVFJORD,259888000,11.0
2025-11-22 09:20:41+00:00,55.370993,11.025387,2545.725824720663,ARC ENDEAVOR,366663000,11.8
2025-11-22 09:20:41+00:00,55.370993,11.025387,2545.725824720663,ARC ENDEAVOR,366663000,11.8
2025-11-22 09:20:41+00:00,55.370993,11.025387,2545.725824720663,ARC ENDEAVOR,366663000,11.8
2025-11-22 09:20:41+00:00,55.370993,11.025387,2545.725824720663,ARC ENDEAVOR,366663000,11.8
2025-11-22 09:20:42+00:00,55.30673,11.034187,4570.030879226901,TERN SEA,219814000,11.7
2025-11-22 09:20:43+00:00,55.30673,11.034187,4570.030879226901,TERN SEA,219814000,11.7
2025-11-22 09:20:43+00:00,55.30673,11.034187,4570.030879226901,TERN SEA,219814000,11.7
2025-11-22 09:20:43+00:00,55.30673,11.034187,4570.030879226901,TERN SEA,219814000,11.7
2025-11-22 09:20:45+00:00,55.31951,11.04138,3265.9685435270726,RESOLUTE BAY,232005179,12.4
2025-11-22 09:20:45+00:00,55.31951,11.04138,3265.9685435270726,RESOLUTE BAY,232005179,12.4
2025-11-22 09:20:45+00:00,55.31951,11.04138,3265.9685435270726,RESOLUTE BAY,232005179,12.4
2025-11-22 09:20:45+00:00,55.31951,11.04138,3265.9685435270726,RESOLUTE BAY,232005179,12.4
2025-11-22 09:20:45+00:00,55.31951,11.04138,3265.9685435270726,RESOLUTE BAY,232005179,12.4
2025-11-22 09:20:49+00:00,55.324888,11.029772,2531.7717743169214,STAVFJORD,259888000,11.0
2025-11-22 09:20:49+00:00,55.324888,11.029772,2531.7717743169214,STAVFJORD,259888000,11.0
2025-11-22 09:20:49+00:00,55.324888,11.029772,2531.7717743169214,STAVFJORD,259888000,11.0
2025-11-22 09:20:49+00:00,55.324888,11.029772,2531.7717743169214,STAVFJORD,259888000,11.0
2025-11-22 09:20:50+00:00,55.370497,11.02579,2486.500262454543,ARC ENDEAVOR,366663000,11.8
2025-11-22 09:20:50+00:00,55.370497,11.02579,2486.500262454543,ARC ENDEAVOR,366663000,11.8
2025-11-22 09:20:50+00:00,55.370497,11.02579,2486.500262454543,ARC ENDEAVOR,366663000,11.8
2025-11-22 09:20:52+00:00,55.306225,11.034568,4629.879890204084,TERN SEA,219814000,11.8
2025-11-22 09:20:52+00:00,55.306225,11.034568,4629.879890204084,TERN SEA,219814000,11.8
2025-11-22 09:20:52+00:00,55.306225,11.034568,4629.879890204084,TERN SEA,219814000,11.8
2025-11-22 09:20:52+00:00,55.306225,11.034568,4629.879890204084,TERN SEA,219814000,11.8
2025-11-22 09:20:55+00:00,55.320083,11.041315,3202.8231608682954,RESOLUTE BAY,232005179,12.4
2025-11-22 09:20:55+00:00,55.320083,11.041315,3202.8231608682954,RESOLUTE BAY,232005179,12.4
2025-11-22 09:20:55+00:00,55.320083,11.041315,3202.8231608682954,RESOLUTE BAY,232005179,12.4
2025-11-22 09:20:55+00:00,55.320083,11.041315,3202.8231608682954,RESOLUTE BAY,232005179,12.4
2025-11-22 09:20:55+00:00,55.320083,11.041315,3202.8231608682954,RESOLUTE BAY,232005179,12.4
2025-11-22 09:20:59+00:00,55.324377,11.029778,2587.8699374818275,STAVFJORD,259888000,11.1
2025-11-22 09:20:59+00:00,55.324377,11.029778,2587.8699374818275,STAVFJORD,259888000,11.1
2025-11-22 09:20:59+00:00,55.324377,11.029778,2587.8699374818275,STAVFJORD,259888000,11.1
2025-11-22 09:20:59+00:00,55.324377,11.029778,2587.8699374818275,STAVFJORD,259888000,11.1
2025-11-22 09:21:01+00:00,55.37,11.026183,2427.3636727185694,ARC ENDEAVOR,366663000,11.7
2025-11-22 09:21:01+00:00,55.37,11.026183,2427.3636727185694,ARC ENDEAVOR,366663000,11.7
2025-11-22 09:21:01+00:00,55.37,11.026183,2427.3636727185694,ARC ENDEAVOR,366663000,11.7
2025-11-22 09:21:03+00:00,55.305718,11.03495,4689.9947603656055,TERN SEA,219814000,11.8
2025-11-22 09:21:03+00:00,55.305718,11.03495,4689.9947603656055,TERN SEA,219814000,11.8
2025-11-22 09:21:03+00:00,55.305718,11.03495,4689.9947603656055,TERN SEA,219814000,11.8
2025-11-22 09:21:03+00:00,55.305718,11.03495,4689.9947603656055,TERN SEA,219814000,11.8
2025-11-22 09:21:06+00:00,55.320715,11.041255,3133.379027464004,RESOLUTE BAY,232005179,12.4
2025-11-22 09:21:06+00:00,55.320715,11.041255,3133.379027464004,RESOLUTE BAY,232005179,12.4
2025-11-22 09:21:06+00:00,55.320715,11.041255,3133.379027464004,RESOLUTE BAY,232005179,12.4
2025-11-22 09:21:11+00:00,55.323813,11.0298,2649.9826392760715,STAVFJORD,259888000,11.1
2025-11-22 09:21:11+00:00,55.323813,11.0298,2649.9826392760715,STAVFJORD,259888000,11.1
2025-11-22 09:21:11+00:00,55.323813,11.0298,2649.9826392760715,STAVFJORD,259888000,11.1
2025-11-22 09:21:11+00:00,55.323813,11.0298,2649.9826392760715,STAVFJORD,259888000,11.1
2025-11-22 09:21:11+00:00,55.3695,11.026563,2368.124467846549,ARC ENDEAVOR,366663000,11.7
2025-11-22 09:21:11+00:00,55.3695,11.026563,2368.124467846549,ARC ENDEAVOR,366663000,11.7
2025-11-22 09:21:11+00:00,55.3695,11.026563,2368.124467846549,ARC ENDEAVOR,366663000,11.7
2025-11-22 09:21:11+00:00,55.3695,11.026563,2368.124467846549,ARC ENDEAVOR,366663000,11.7
2025-11-22 09:21:11+00:00,55.3695,11.026563,2368.124467846549,ARC ENDEAVOR,366663000,11.7
2025-11-22 09:21:13+00:00,55.305165,11.035372,4755.669619004624,TERN SEA,219814000,11.8
2025-11-22 09:21:13+00:00,55.305165,11.035372,4755.669619004624,TERN SEA,219814000,11.8
2025-11-22 09:21:13+00:00,55.305165,11.035372,4755.669619004624,TERN SEA,219814000,11.8
2025-11-22 09:21:16+00:00,55.321293,11.041213,3070.095385295991,RESOLUTE BAY,232005179,12.4
2025-11-22 09:21:16+00:00,55.321293,11.041213,3070.095385295991,RESOLUTE BAY,232005179,12.4
2025-11-22 09:21:16+00:00,55.321293,11.041213,3070.095385295991,RESOLUTE BAY,232005179,12.4
2025-11-22 09:21:19+00:00,55.323353,11.02982,2700.6867466773942,STAVFJORD,259888000,11.1
2025-11-22 09:21:19+00:00,55.323353,11.02982,2700.6867466773942,STAVFJORD,259888000,11.1
2025-11-22 09:21:19+00:00,55.323353,11.02982,2700.6867466773942,STAVFJORD,259888000,11.1
2025-11-22 09:21:19+00:00,55.323353,11.02982,2700.6867466773942,STAVFJORD,259888000,11.1
2025-11-22 09:21:21+00:00,55.368952,11.026978,2303.30009094874,ARC ENDEAVOR,366663000,11.7
2025-11-22 09:21:21+00:00,55.368952,11.026978,2303.30009094874,ARC ENDEAVOR,366663000,11.7
2025-11-22 09:21:21+00:00,55.368952,11.026978,2303.30009094874,ARC ENDEAVOR,366663000,11.7
2025-11-22 09:21:21+00:00,55.368952,11.026978,2303.30009094874,ARC ENDEAVOR,366663000,11.7
2025-11-22 09:21:21+00:00,55.368952,11.026978,2303.30009094874,ARC ENDEAVOR,366663000,11.7
2025-11-22 09:21:22+00:00,55.304712,11.03572,4809.428204049552,TERN SEA,219814000,11.8
2025-11-22 09:21:22+00:00,55.304712,11.03572,4809.428204049552,TERN SEA,219814000,11.8
2025-11-22 09:21:26+00:00,55.321872,11.041177,3006.838788911548,RESOLUTE BAY,232005179,12.4
2025-11-22 09:21:26+00:00,55.321872,11.041177,3006.838788911548,RESOLUTE BAY,232005179,12.4
2025-11-22 09:21:26+00:00,55.321872,11.041177,3006.838788911548,RESOLUTE BAY,232005179,12.4
2025-11-22 09:21:26+00:00,55.321872,11.041177,3006.838788911548,RESOLUTE BAY,232005179,12.4
2025-11-22 09:21:29+00:00,55.322842,11.029838,2756.9914973340956,STAVFJORD,259888000,11.1
2025-11-22 09:21:29+00:00,55.322842,11.029838,2756.9914973340956,STAVFJORD,259888000,11.1
2025-11-22 09:21:29+00:00,55.322842,11.029838,2756.9914973340956,STAVFJORD,259888000,11.1
2025-11-22 09:21:29+00:00,55.322842,11.029838,2756.9914973340956,STAVFJORD,259888000,11.1
2025-11-22 09:21:31+00:00,55.368497,11.02731,2249.6895435121296,ARC ENDEAVOR,366663000,11.7
2025-11-22 09:21:31+00:00,55.368497,11.02731,2249.6895435121296,ARC ENDEAVOR,366663000,11.7
2025-11-22 09:21:31+00:00,55.368497,11.02731,2249.6895435121296,ARC ENDEAVOR,366663000,11.7
2025-11-22 09:21:31+00:00,55.368497,11.02731,2249.6895435121296,ARC ENDEAVOR,366663000,11.7
2025-11-22 09:21:31+00:00,55.368497,11.02731,2249.6895435121296,ARC ENDEAVOR,366663000,11.7
2025-11-22 09:21:33+00:00,55.304158,11.036143,4874.808018603693,TERN SEA,219814000,11.8
2025-11-22 09:21:35+00:00,55.322448,11.041142,2943.967548352736,RESOLUTE BAY,232005179,12.4
2025-11-22 09:21:35+00:00,55.322448,11.041142,2943.967548352736,RESOLUTE BAY,232005179,12.4
2025-11-22 09:21:35+00:00,55.322448,11.041142,2943.967548352736,RESOLUTE BAY,232005179,12.4
2025-11-22 09:21:35+00:00,55.322448,11.041142,2943.967548352736,RESOLUTE BAY,232005179,12.4
2025-11-22 09:21:35+00:00,55.322448,11.041142,2943.967548352736,RESOLUTE BAY,232005179,12.4
2025-11-22 09:21:40+00:00,55.32233,11.029862,2813.489982952342,STAVFJORD,259888000,11.1
2025-11-22 09:21:40+00:00,55.32233,11.029862,2813.489982952342,STAVFJORD,259888000,11.1
2025-11-22 09:21:40+00:00,55.32233,11.029862,2813.489982952342,STAVFJORD,259888000,11.1
2025-11-22 09:21:40+00:00,55.32233,11.029862,2813.489982952342,STAVFJORD,259888000,11.1
2025-11-22 09:21:40+00:00,55.32233,11.029862,2813.489982952342,STAVFJORD,259888000,11.1
2025-11-22 09:21:41+00:00,55.367998,11.027677,2190.9341489229064,ARC ENDEAVOR,366663000,11.7
2025-11-22 09:21:41+00:00,55.367998,11.027677,2190.9341489229064,ARC ENDEAVOR,366663000,11.7
2025-11-22 09:21:41+00:00,55.367998,11.027677,2190.9341489229064,ARC ENDEAVOR,366663000,11.7
2025-11-22 09:21:41+00:00,55.367998,11.027677,2190.9341489229064,ARC ENDEAVOR,366663000,11.7
2025-11-22 09:21:41+00:00,55.367998,11.027677,2190.9341489229064,ARC ENDEAVOR,366663000,11.7
2025-11-22 09:21:42+00:00,55.303707,11.03649,4928.09888560136,TERN SEA,219814000,11.8
2025-11-22 09:21:42+00:00,55.303707,11.03649,4928.09888560136,TERN SEA,219814000,11.8
2025-11-22 09:21:42+00:00,55.303707,11.03649,4928.09888560136,TERN SEA,219814000,11.8
2025-11-22 09:21:43+00:00,55.303707,11.03649,4928.09888560136,TERN SEA,219814000,11.8
2025-11-22 09:21:45+00:00,55.322962,11.041112,2887.930474006697,RESOLUTE BAY,232005179,12.4
2025-11-22 09:21:45+00:00,55.322962,11.041112,2887.930474006697,RESOLUTE BAY,232005179,12.4
2025-11-22 09:21:45+00:00,55.322962,11.041112,2887.930474006697,RESOLUTE BAY,232005179,12.4
2025-11-22 09:21:45+00:00,55.322962,11.041112,2887.930474006697,RESOLUTE BAY,232005179,12.4
2025-11-22 09:21:45+00:00,55.322962,11.041112,2887.930474006697,RESOLUTE BAY,232005179,12.4
2025-11-22 09:21:49+00:00,55.321817,11.02988,2869.6850693952238,STAVFJORD,259888000,11.1
2025-11-22 09:21:49+00:00,55.321817,11.02988,2869.6850693952238,STAVFJORD,259888000,11.1
2025-11-22 09:21:49+00:00,55.321817,11.02988,2869.6850693952238,STAVFJORD,259888000,11.1
2025-11-22 09:21:49+00:00,55.321817,11.02988,2869.6850693952238,STAVFJORD,259888000,11.1
2025-11-22 09:21:50+00:00,55.3675,11.028035,2132.465046746173,ARC ENDEAVOR,366663000,11.7
2025-11-22 09:21:50+00:00,55.3675,11.028035,2132.465046746173,ARC ENDEAVOR,366663000,11.7
2025-11-22 09:21:50+00:00,55.3675,11.028035,2132.465046746173,ARC ENDEAVOR,366663000,11.7
2025-11-22 09:21:50+00:00,55.3675,11.028035,2132.465046746173,ARC ENDEAVOR,366663000,11.7
2025-11-22 09:21:50+00:00,55.3675,11.028035,2132.465046746173,ARC ENDEAVOR,366663000,11.7
2025-11-22 09:21:52+00:00,55.303205,11.03688,4987.498057350568,TERN SEA,219814000,11.9
2025-11-22 09:21:52+00:00,55.303205,11.03688,4987.498057350568,TERN SEA,219814000,11.9
2025-11-22 09:21:52+00:00,55.303205,11.03688,4987.498057350568,TERN SEA,219814000,11.9
2025-11-22 09:21:52+00:00,55.303205,11.03688,4987.498057350568,TERN SEA,219814000,11.9
2025-11-22 09:21:55+00:00,55.323537,11.041082,2825.356152070779,RESOLUTE BAY,232005179,12.4
2025-11-22 09:21:55+00:00,55.323537,11.041082,2825.356152070779,RESOLUTE BAY,232005179,12.4
2025-11-22 09:21:55+00:00,55.323537,11.041082,2825.356152070779,RESOLUTE BAY,232005179,12.4
2025-11-22 09:21:55+00:00,55.323537,11.041082,2825.356152070779,RESOLUTE BAY,232005179,12.4
2025-11-22 09:21:55+00:00,55.323537,11.041082,2825.356152070779,RESOLUTE BAY,232005179,12.4
2025-11-22 09:22:01+00:00,55.367003,11.028387,2074.2485442970333,ARC ENDEAVOR,366663000,11.6
2025-11-22 09:22:01+00:00,55.367003,11.028387,2074.2485442970333,ARC ENDEAVOR,366663000,11.6
2025-11-22 09:22:01+00:00,55.367003,11.028387,2074.2485442970333,ARC ENDEAVOR,366663000,11.6
2025-11-22 09:22:01+00:00,55.321252,11.029902,2931.512343416278,STAVFJORD,259888000,11.1
2025-11-22 09:22:01+00:00,55.321252,11.029902,2931.512343416278,STAVFJORD,259888000,11.1
2025-11-22 09:22:01+00:00,55.321252,11.029902,2931.512343416278,STAVFJORD,259888000,11.1
2025-11-22 09:22:01+00:00,55.321252,11.029902,2931.512343416278,STAVFJORD,259888000,11.1
2025-11-22 09:22:03+00:00,55.302703,11.037273,5046.973203471374,TERN SEA,219814000,11.9
2025-11-22 09:22:03+00:00,55.302703,11.037273,5046.973203471374,TERN SEA,219814000,11.9
2025-11-22 09:22:03+00:00,55.302703,11.037273,5046.973203471374,TERN SEA,219814000,11.9
2025-11-22 09:22:03+00:00,55.302703,11.037273,5046.973203471374,TERN SEA,219814000,11.9
2025-11-22 09:22:06+00:00,55.324167,11.041047,2756.840157466332,RESOLUTE BAY,232005179,12.4
2025-11-22 09:22:06+00:00,55.324167,11.041047,2756.840157466332,RESOLUTE BAY,232005179,12.4
2025-11-22 09:22:06+00:00,55.324167,11.041047,2756.840157466332,RESOLUTE BAY,232005179,12.4
2025-11-22 09:22:06+00:00,55.324167,11.041047,2756.840157466332,RESOLUTE BAY,232005179,12.4
2025-11-22 09:22:06+00:00,55.324167,11.041047,2756.840157466332,RESOLUTE BAY,232005179,12.4
2025-11-22 09:22:09+00:00,55.366553,11.028695,2021.6878514157133,ARC ENDEAVOR,366663000,11.6
2025-11-22 09:22:09+00:00,55.366553,11.028695,2021.6878514157133,ARC ENDEAVOR,366663000,11.6
2025-11-22 09:22:09+00:00,55.366553,11.028695,2021.6878514157133,ARC ENDEAVOR,366663000,11.6
2025-11-22 09:22:09+00:00,55.366553,11.028695,2021.6878514157133,ARC ENDEAVOR,366663000,11.6
2025-11-22 09:22:09+00:00,55.366553,11.028695,2021.6878514157133,ARC ENDEAVOR,366663000,11.6
2025-11-22 09:22:11+00:00,55.320737,11.029922,2987.8856324444896,STAVFJORD,259888000,11.1
2025-11-22 09:22:11+00:00,55.320737,11.029922,2987.8856324444896,STAVFJORD,259888000,11.1
2025-11-22 09:22:11+00:00,55.320737,11.029922,2987.8856324444896,STAVFJORD,259888000,11.1
2025-11-22 09:22:11+00:00,55.320737,11.029922,2987.8856324444896,STAVFJORD,259888000,11.1
2025-11-22 09:22:11+00:00,55.320737,11.029922,2987.8856324444896,STAVFJORD,259888000,11.1
2025-11-22 09:22:13+00:00,55.302152,11.037705,5112.295524913414,TERN SEA,219814000,11.9
2025-11-22 09:22:13+00:00,55.302152,11.037705,5112.295524913414,TERN SEA,219814000,11.9
2025-11-22 09:22:13+00:00,55.302152,11.037705,5112.295524913414,TERN SEA,219814000,11.9
2025-11-22 09:22:16+00:00,55.324738,11.041015,2694.2140551084326,RESOLUTE BAY,232005179,12.4
2025-11-22 09:22:16+00:00,55.324738,11.041015,2694.2140551084326,RESOLUTE BAY,232005179,12.4
2025-11-22 09:22:16+00:00,55.324738,11.041015,2694.2140551084326,RESOLUTE BAY,232005179,12.4
2025-11-22 09:22:19+00:00,55.320273,11.02994,3038.7073392128814,STAVFJORD,259888000,11.1
2025-11-22 09:22:19+00:00,55.320273,11.02994,3038.7073392128814,STAVFJORD,259888000,11.1
2025-11-22 09:22:19+00:00,55.320273,11.02994,3038.7073392128814,STAVFJORD,259888000,11.1
2025-11-22 09:22:19+00:00,55.320273,11.02994,3038.7073392128814,STAVFJORD,259888000,11.1
2025-11-22 09:22:19+00:00,55.320273,11.02994,3038.7073392128814,STAVFJORD,259888000,11.1
2025-11-22 09:22:21+00:00,55.36596,11.029097,1952.4751892050922,ARC ENDEAVOR,366663000,11.5
2025-11-22 09:22:21+00:00,55.36596,11.029097,1952.4751892050922,ARC ENDEAVOR,366663000,11.5
2025-11-22 09:22:21+00:00,55.36596,11.029097,1952.4751892050922,ARC ENDEAVOR,366663000,11.5
2025-11-22 09:22:21+00:00,55.36596,11.029097,1952.4751892050922,ARC ENDEAVOR,366663000,11.5
2025-11-22 09:22:22+00:00,55.3017,11.038065,5165.951672537475,TERN SEA,219814000,11.9
2025-11-22 09:22:22+00:00,55.3017,11.038065,5165.951672537475,TERN SEA,219814000,11.9
2025-11-22 09:22:26+00:00,55.325315,11.040985,2630.8816283326883,RESOLUTE BAY,232005179,12.4
2025-11-22 09:22:26+00:00,55.325315,11.040985,2630.8816283326883,RESOLUTE BAY,232005179,12.4
2025-11-22 09:22:26+00:00,55.325315,11.040985,2630.8816283326883,RESOLUTE BAY,232005179,12.4
2025-11-22 09:22:26+00:00,55.325315,11.040985,2630.8816283326883,RESOLUTE BAY,232005179,12.4
2025-11-22 09:22:26+00:00,55.325315,11.040985,2630.8816283326883,RESOLUTE BAY,232005179,12.4
2025-11-22 09:22:29+00:00,55.319752,11.029963,3095.8347996577177,STAVFJORD,259888000,11.1
2025-11-22 09:22:29+00:00,55.319752,11.029963,3095.8347996577177,STAVFJORD,259888000,11.1
2025-11-22 09:22:29+00:00,55.319752,11.029963,3095.8347996577177,STAVFJORD,259888000,11.1
2025-11-22 09:22:29+00:00,55.319752,11.029963,3095.8347996577177,STAVFJORD,259888000,11.1
2025-11-22 09:22:31+00:00,55.365512,11.029392,1900.3320208362998,ARC ENDEAVOR,366663000,11.4
2025-11-22 09:22:31+00:00,55.365512,11.029392,1900.3320208362998,ARC ENDEAVOR,366663000,11.4
2025-11-22 09:22:31+00:00,55.365512,11.029392,1900.3320208362998,ARC ENDEAVOR,366663000,11.4
2025-11-22 09:22:31+00:00,55.365512,11.029392,1900.3320208362998,ARC ENDEAVOR,366663000,11.4
2025-11-22 09:22:31+00:00,55.365512,11.029392,1900.3320208362998,ARC ENDEAVOR,366663000,11.4
2025-11-22 09:22:33+00:00,55.301147,11.038502,5231.596100083976,TERN SEA,219814000,11.9
2025-11-22 09:22:35+00:00,55.325893,11.04096,2567.551730160589,RESOLUTE BAY,232005179,12.4
2025-11-22 09:22:35+00:00,55.325893,11.04096,2567.551730160589,RESOLUTE BAY,232005179,12.4
2025-11-22 09:22:35+00:00,55.325893,11.04096,2567.551730160589,RESOLUTE BAY,232005179,12.4
2025-11-22 09:22:35+00:00,55.325893,11.04096,2567.551730160589,RESOLUTE BAY,232005179,12.4
2025-11-22 09:22:35+00:00,55.325893,11.04096,2567.551730160589,RESOLUTE BAY,232005179,12.4
2025-11-22 09:22:40+00:00,55.319232,11.029992,3152.9590719354483,STAVFJORD,259888000,11.1
2025-11-22 09:22:40+00:00,55.319232,11.029992,3152.9590719354483,STAVFJORD,259888000,11.1
2025-11-22 09:22:40+00:00,55.319232,11.029992,3152.9590719354483,STAVFJORD,259888000,11.1
2025-11-22 09:22:40+00:00,55.319232,11.029992,3152.9590719354483,STAVFJORD,259888000,11.1
2025-11-22 09:22:40+00:00,55.319232,11.029992,3152.9590719354483,STAVFJORD,259888000,11.1
2025-11-22 09:22:41+00:00,55.365015,11.029705,1842.6905443759786,ARC ENDEAVOR,366663000,11.3
2025-11-22 09:22:41+00:00,55.365015,11.029705,1842.6905443759786,ARC ENDEAVOR,366663000,11.3
2025-11-22 09:22:41+00:00,55.365015,11.029705,1842.6905443759786,ARC ENDEAVOR,366663000,11.3
2025-11-22 09:22:41+00:00,55.365015,11.029705,1842.6905443759786,ARC ENDEAVOR,366663000,11.3
2025-11-22 09:22:41+00:00,55.365015,11.029705,1842.6905443759786,ARC ENDEAVOR,366663000,11.3
2025-11-22 09:22:41+00:00,55.365015,11.029705,1842.6905443759786,ARC ENDEAVOR,366663000,11.3
2025-11-22 09:22:42+00:00,55.300692,11.038857,5285.582834740761,TERN SEA,219814000,11.9
2025-11-22 09:22:42+00:00,55.300692,11.038857,5285.582834740761,TERN SEA,219814000,11.9
2025-11-22 09:22:42+00:00,55.300692,11.038857,5285.582834740761,TERN SEA,219814000,11.9
2025-11-22 09:22:45+00:00,55.326415,11.040935,2510.3708013063665,RESOLUTE BAY,232005179,12.4
2025-11-22 09:22:45+00:00,55.326415,11.040935,2510.3708013063665,RESOLUTE BAY,232005179,12.4
2025-11-22 09:22:45+00:00,55.326415,11.040935,2510.3708013063665,RESOLUTE BAY,232005179,12.4
2025-11-22 09:22:45+00:00,55.326415,11.040935,2510.3708013063665,RESOLUTE BAY,232005179,12.4
2025-11-22 09:22:45+00:00,55.326415,11.040935,2510.3708013063665,RESOLUTE BAY,232005179,12.4
2025-11-22 09:22:45+00:00,55.326415,11.040935,2510.3708013063665,RESOLUTE BAY,232005179,12.4
2025-11-22 09:22:49+00:00,55.318713,11.030022,3210.0148277922517,STAVFJORD,259888000,11.1
2025-11-22 09:22:49+00:00,55.318713,11.030022,3210.0148277922517,STAVFJORD,259888000,11.1
2025-11-22 09:22:49+00:00,55.318713,11.030022,3210.0148277922517,STAVFJORD,259888000,11.1
2025-11-22 09:22:51+00:00,55.36452,11.030002,1785.4832840402914,ARC ENDEAVOR,366663000,11.2
2025-11-22 09:22:51+00:00,55.36452,11.030002,1785.4832840402914,ARC ENDEAVOR,366663000,11.2
2025-11-22 09:22:51+00:00,55.36452,11.030002,1785.4832840402914,ARC ENDEAVOR,366663000,11.2
2025-11-22 09:22:51+00:00,55.36452,11.030002,1785.4832840402914,ARC ENDEAVOR,366663000,11.2
2025-11-22 09:22:51+00:00,55.36452,11.030002,1785.4832840402914,ARC ENDEAVOR,366663000,11.2
2025-11-22 09:22:51+00:00,55.36452,11.030002,1785.4832840402914,ARC ENDEAVOR,366663000,11.2
2025-11-22 09:22:52+00:00,55.300188,11.039248,5345.366161993518,TERN SEA,219814000,11.9
2025-11-22 09:22:52+00:00,55.300188,11.039248,5345.366161993518,TERN SEA,219814000,11.9
2025-11-22 09:22:52+00:00,55.300188,11.039248,5345.366161993518,TERN SEA,219814000,11.9
2025-11-22 09:22:52+00:00,55.300188,11.039248,5345.366161993518,TERN SEA,219814000,11.9
2025-11-22 09:22:55+00:00,55.326997,11.040913,2446.737677200783,RESOLUTE BAY,232005179,12.5
2025-11-22 09:22:55+00:00,55.326997,11.040913,2446.737677200783,RESOLUTE BAY,232005179,12.5
2025-11-22 09:22:55+00:00,55.326997,11.040913,2446.737677200783,RESOLUTE BAY,232005179,12.5
2025-11-22 09:22:55+00:00,55.326997,11.040913,2446.737677200783,RESOLUTE BAY,232005179,12.5
2025-11-22 09:22:55+00:00,55.326997,11.040913,2446.737677200783,RESOLUTE BAY,232005179,12.5
2025-11-22 09:22:55+00:00,55.326997,11.040913,2446.737677200783,RESOLUTE BAY,232005179,12.5
2025-11-22 09:23:01+00:00,55.318145,11.030055,3272.4897632583047,STAVFJORD,259888000,11.1
2025-11-22 09:23:01+00:00,55.318145,11.030055,3272.4897632583047,STAVFJORD,259888000,11.1
2025-11-22 09:23:01+00:00,55.318145,11.030055,3272.4897632583047,STAVFJORD,259888000,11.1
2025-11-22 09:23:01+00:00,55.318145,11.030055,3272.4897632583047,STAVFJORD,259888000,11.1
2025-11-22 09:23:01+00:00,55.364027,11.030278,1728.740659698202,ARC ENDEAVOR,366663000,11.1
2025-11-22 09:23:01+00:00,55.364027,11.030278,1728.740659698202,ARC ENDEAVOR,366663000,11.1
2025-11-22 09:23:01+00:00,55.364027,11.030278,1728.740659698202,ARC ENDEAVOR,366663000,11.1
2025-11-22 09:23:03+00:00,55.299635,11.039683,5411.051774540468,TERN SEA,219814000,11.8
2025-11-22 09:23:03+00:00,55.299635,11.039683,5411.051774540468,TERN SEA,219814000,11.8
2025-11-22 09:23:03+00:00,55.299635,11.039683,5411.051774540468,TERN SEA,219814000,11.8
2025-11-22 09:23:03+00:00,55.299635,11.039683,5411.051774540468,TERN SEA,219814000,11.8
2025-11-22 09:23:06+00:00,55.32764,11.04089,2376.459034623462,RESOLUTE BAY,232005179,12.5
2025-11-22 09:23:06+00:00,55.32764,11.04089,2376.459034623462,RESOLUTE BAY,232005179,12.5
2025-11-22 09:23:06+00:00,55.32764,11.04089,2376.459034623462,RESOLUTE BAY,232005179,12.5
2025-11-22 09:23:06+00:00,55.32764,11.04089,2376.459034623462,RESOLUTE BAY,232005179,12.5
2025-11-22 09:23:06+00:00,55.32764,11.04089,2376.459034623462,RESOLUTE BAY,232005179,12.5
2025-11-22 09:23:06+00:00,55.32764,11.04089,2376.459034623462,RESOLUTE BAY,232005179,12.5
2025-11-22 09:23:09+00:00,55.36358,11.030512,1677.47407516641,ARC ENDEAVOR,366663000,11.1
2025-11-22 09:23:09+00:00,55.36358,11.030512,1677.47407516641,ARC ENDEAVOR,366663000,11.1
2025-11-22 09:23:09+00:00,55.36358,11.030512,1677.47407516641,ARC ENDEAVOR,366663000,11.1
2025-11-22 09:23:10+00:00,55.36358,11.030512,1677.47407516641,ARC ENDEAVOR,366663000,11.1
2025-11-22 09:23:11+00:00,55.317627,11.030083,3329.4665225404474,STAVFJORD,259888000,11.1
2025-11-22 09:23:11+00:00,55.317627,11.030083,3329.4665225404474,STAVFJORD,259888000,11.1
2025-11-22 09:23:11+00:00,55.317627,11.030083,3329.4665225404474,STAVFJORD,259888000,11.1
2025-11-22 09:23:11+00:00,55.317627,11.030083,3329.4665225404474,STAVFJORD,259888000,11.1
2025-11-22 09:23:13+00:00,55.299132,11.040077,5470.802785869657,TERN SEA,219814000,11.8
2025-11-22 09:23:13+00:00,55.299132,11.040077,5470.802785869657,TERN SEA,219814000,11.8
2025-11-22 09:23:13+00:00,55.299132,11.040077,5470.802785869657,TERN SEA,219814000,11.8
2025-11-22 09:23:15+00:00,55.328165,11.040875,2318.7338398597926,RESOLUTE BAY,232005179,12.6
2025-11-22 09:23:15+00:00,55.328165,11.040875,2318.7338398597926,RESOLUTE BAY,232005179,12.6
2025-11-22 09:23:15+00:00,55.328165,11.040875,2318.7338398597926,RESOLUTE BAY,232005179,12.6
2025-11-22 09:23:15+00:00,55.328165,11.040875,2318.7338398597926,RESOLUTE BAY,232005179,12.6
2025-11-22 09:23:19+00:00,55.20061,11.093998,16904.592168488507,DUSK,629009770,10.6
2025-11-22 09:23:19+00:00,55.317158,11.030107,3381.058843952883,STAVFJORD,259888000,11.1
2025-11-22 09:23:19+00:00,55.20061,11.093998,16904.592168488507,DUSK,629009770,10.6
2025-11-22 09:23:19+00:00,55.317158,11.030107,3381.058843952883,STAVFJORD,259888000,11.1
2025-11-22 09:23:19+00:00,55.317158,11.030107,3381.058843952883,STAVFJORD,259888000,11.1
2025-11-22 09:23:19+00:00,55.317158,11.030107,3381.058843952883,STAVFJORD,259888000,11.1
2025-11-22 09:23:21+00:00,55.362988,11.03079,1609.5858733802197,ARC ENDEAVOR,366663000,11.0
2025-11-22 09:23:21+00:00,55.362988,11.03079,1609.5858733802197,ARC ENDEAVOR,366663000,11.0
2025-11-22 09:23:21+00:00,55.362988,11.03079,1609.5858733802197,ARC ENDEAVOR,366663000,11.0
2025-11-22 09:23:21+00:00,55.362988,11.03079,1609.5858733802197,ARC ENDEAVOR,366663000,11.0
2025-11-22 09:23:22+00:00,55.298678,11.04043,5524.703854847539,TERN SEA,219814000,11.8
2025-11-22 09:23:22+00:00,55.298678,11.04043,5524.703854847539,TERN SEA,219814000,11.8
2025-11-22 09:23:26+00:00,55.328812,11.040857,2247.600822972733,RESOLUTE BAY,232005179,12.6
2025-11-22 09:23:26+00:00,55.328812,11.040857,2247.600822972733,RESOLUTE BAY,232005179,12.6
2025-11-22 09:23:26+00:00,55.328812,11.040857,2247.600822972733,RESOLUTE BAY,232005179,12.6
2025-11-22 09:23:26+00:00,55.328812,11.040857,2247.600822972733,RESOLUTE BAY,232005179,12.6
2025-11-22 09:23:26+00:00,55.328812,11.040857,2247.600822972733,RESOLUTE BAY,232005179,12.6
2025-11-22 09:23:29+00:00,55.316645,11.030092,3437.0392990109463,STAVFJORD,259888000,11.1
2025-11-22 09:23:29+00:00,55.316645,11.030092,3437.0392990109463,STAVFJORD,259888000,11.1
2025-11-22 09:23:29+00:00,55.316645,11.030092,3437.0392990109463,STAVFJORD,259888000,11.1
2025-11-22 09:23:29+00:00,55.316645,11.030092,3437.0392990109463,STAVFJORD,259888000,11.1
2025-11-22 09:23:30+00:00,55.20107,11.094502,16861.185472924346,DUSK,629009770,10.6
2025-11-22 09:23:30+00:00,55.20107,11.094502,16861.185472924346,DUSK,629009770,10.6
2025-11-22 09:23:31+00:00,55.362545,11.030982,1558.8355562141787,ARC ENDEAVOR,366663000,10.9
2025-11-22 09:23:31+00:00,55.362545,11.030982,1558.8355562141787,ARC ENDEAVOR,366663000,10.9
2025-11-22 09:23:31+00:00,55.362545,11.030982,1558.8355562141787,ARC ENDEAVOR,366663000,10.9
2025-11-22 09:23:31+00:00,55.362545,11.030982,1558.8355562141787,ARC ENDEAVOR,366663000,10.9
2025-11-22 09:23:33+00:00,55.298127,11.040855,5590.10498741514,TERN SEA,219814000,11.8
2025-11-22 09:23:35+00:00,55.329398,11.04084,2183.170701191491,RESOLUTE BAY,232005179,12.6
2025-11-22 09:23:35+00:00,55.329398,11.04084,2183.170701191491,RESOLUTE BAY,232005179,12.6
2025-11-22 09:23:35+00:00,55.329398,11.04084,2183.170701191491,RESOLUTE BAY,232005179,12.6
2025-11-22 09:23:35+00:00,55.329398,11.04084,2183.170701191491,RESOLUTE BAY,232005179,12.6
2025-11-22 09:23:35+00:00,55.329398,11.04084,2183.170701191491,RESOLUTE BAY,232005179,12.6
2025-11-22 09:23:39+00:00,55.201498,11.094958,16820.71804877602,DUSK,629009770,10.6
2025-11-22 09:23:39+00:00,55.201498,11.094958,16820.71804877602,DUSK,629009770,10.6
2025-11-22 09:23:40+00:00,55.316128,11.030083,3493.562536080451,STAVFJORD,259888000,11.1
2025-11-22 09:23:40+00:00,55.316128,11.030083,3493.562536080451,STAVFJORD,259888000,11.1
2025-11-22 09:23:40+00:00,55.316128,11.030083,3493.562536080451,STAVFJORD,259888000,11.1
2025-11-22 09:23:40+00:00,55.316128,11.030083,3493.562536080451,STAVFJORD,259888000,11.1
2025-11-22 09:23:41+00:00,55.362052,11.031175,1502.6138874687952,ARC ENDEAVOR,366663000,10.9
2025-11-22 09:23:41+00:00,55.362052,11.031175,1502.6138874687952,ARC ENDEAVOR,366663000,10.9
2025-11-22 09:23:41+00:00,55.362052,11.031175,1502.6138874687952,ARC ENDEAVOR,366663000,10.9
2025-11-22 09:23:41+00:00,55.362052,11.031175,1502.6138874687952,ARC ENDEAVOR,366663000,10.9
2025-11-22 09:23:41+00:00,55.362052,11.031175,1502.6138874687952,ARC ENDEAVOR,366663000,10.9
2025-11-22 09:23:42+00:00,55.297675,11.041205,5643.776382226448,TERN SEA,219814000,11.8
2025-11-22 09:23:42+00:00,55.297675,11.041205,5643.776382226448,TERN SEA,219814000,11.8
2025-11-22 09:23:45+00:00,55.329928,11.04083,2124.9941141883164,RESOLUTE BAY,232005179,12.6
2025-11-22 09:23:45+00:00,55.329928,11.04083,2124.9941141883164,RESOLUTE BAY,232005179,12.6
2025-11-22 09:23:45+00:00,55.329928,11.04083,2124.9941141883164,RESOLUTE BAY,232005179,12.6
2025-11-22 09:23:45+00:00,55.329928,11.04083,2124.9941141883164,RESOLUTE BAY,232005179,12.6
2025-11-22 09:23:45+00:00,55.329928,11.04083,2124.9941141883164,RESOLUTE BAY,232005179,12.6
2025-11-22 09:23:49+00:00,55.31561,11.030137,3550.9295136652117,STAVFJORD,259888000,11.1
2025-11-22 09:23:49+00:00,55.31561,11.030137,3550.9295136652117,STAVFJORD,259888000,11.1
2025-11-22 09:23:49+00:00,55.31561,11.030137,3550.9295136652117,STAVFJORD,259888000,11.1
2025-11-22 09:23:49+00:00,55.31561,11.030137,3550.9295136652117,STAVFJORD,259888000,11.1
2025-11-22 09:23:49+00:00,55.31561,11.030137,3550.9295136652117,STAVFJORD,259888000,11.1
2025-11-22 09:23:51+00:00,55.36156,11.03135,1446.7264983145974,ARC ENDEAVOR,366663000,10.8
2025-11-22 09:23:51+00:00,55.201977,11.095432,16772.911299776926,DUSK,629009770,10.6
2025-11-22 09:23:51+00:00,55.36156,11.03135,1446.7264983145974,ARC ENDEAVOR,366663000,10.8
2025-11-22 09:23:51+00:00,55.36156,11.03135,1446.7264983145974,ARC ENDEAVOR,366663000,10.8
2025-11-22 09:23:51+00:00,55.36156,11.03135,1446.7264983145974,ARC ENDEAVOR,366663000,10.8
2025-11-22 09:23:51+00:00,55.36156,11.03135,1446.7264983145974,ARC ENDEAVOR,366663000,10.8
2025-11-22 09:23:52+00:00,55.297173,11.041592,5703.341084647687,TERN SEA,219814000,11.8
2025-11-22 09:23:52+00:00,55.297173,11.041592,5703.341084647687,TERN SEA,219814000,11.8
2025-11-22 09:23:52+00:00,55.297173,11.041592,5703.341084647687,TERN SEA,219814000,11.8
2025-11-22 09:23:52+00:00,55.297173,11.041592,5703.341084647687,TERN SEA,219814000,11.8
2025-11-22 09:23:55+00:00,55.330518,11.040807,2060.1439723207595,RESOLUTE BAY,232005179,12.6
2025-11-22 09:23:55+00:00,55.330518,11.040807,2060.1439723207595,RESOLUTE BAY,232005179,12.6
2025-11-22 09:23:55+00:00,55.330518,11.040807,2060.1439723207595,RESOLUTE BAY,232005179,12.6
2025-11-22 09:24:01+00:00,55.36107,11.031505,1391.307537934716,ARC ENDEAVOR,366663000,10.7
2025-11-22 09:24:01+00:00,55.36107,11.031505,1391.307537934716,ARC ENDEAVOR,366663000,10.7
2025-11-22 09:24:01+00:00,55.36107,11.031505,1391.307537934716,ARC ENDEAVOR,366663000,10.7
2025-11-22 09:24:01+00:00,55.202412,11.095815,16729.052341576436,DUSK,629009770,10.5
2025-11-22 09:24:01+00:00,55.315043,11.030212,3613.913277181668,STAVFJORD,259888000,11.0
2025-11-22 09:24:01+00:00,55.315043,11.030212,3613.913277181668,STAVFJORD,259888000,11.0
2025-11-22 09:24:01+00:00,55.315043,11.030212,3613.913277181668,STAVFJORD,259888000,11.0
2025-11-22 09:24:01+00:00,55.315043,11.030212,3613.913277181668,STAVFJORD,259888000,11.0
2025-11-22 09:24:03+00:00,55.31489,11.030242,3631.0184151808066,STAVFJORD,259888000,11.0
2025-11-22 09:24:03+00:00,55.31489,11.030242,3631.0184151808066,STAVFJORD,259888000,11.0
2025-11-22 09:24:03+00:00,55.31489,11.030242,3631.0184151808066,STAVFJORD,259888000,11.0
2025-11-22 09:24:03+00:00,55.31489,11.030242,3631.0184151808066,STAVFJORD,259888000,11.0
2025-11-22 09:24:03+00:00,55.31489,11.030242,3631.0184151808066,STAVFJORD,259888000,11.0
2025-11-22 09:24:03+00:00,55.31489,11.030242,3631.0184151808066,STAVFJORD,259888000,11.0
2025-11-22 09:24:03+00:00,55.31489,11.030242,3631.0184151808066,STAVFJORD,259888000,11.0
2025-11-22 09:24:03+00:00,55.31489,11.030242,3631.0184151808066,STAVFJORD,259888000,11.0
2025-11-22 09:24:03+00:00,55.29662,11.042018,5768.961013067798,TERN SEA,219814000,11.8
2025-11-22 09:24:03+00:00,55.29662,11.042018,5768.961013067798,TERN SEA,219814000,11.8
2025-11-22 09:24:03+00:00,55.29662,11.042018,5768.961013067798,TERN SEA,219814000,11.8
2025-11-22 09:24:03+00:00,55.31489,11.030242,3631.0184151808066,STAVFJORD,259888000,11.0
2025-11-22 09:24:06+00:00,55.331162,11.040778,1989.3673872647141,RESOLUTE BAY,232005179,12.6
2025-11-22 09:24:06+00:00,55.331162,11.040778,1989.3673872647141,RESOLUTE BAY,232005179,12.6
2025-11-22 09:24:06+00:00,55.331162,11.040778,1989.3673872647141,RESOLUTE BAY,232005179,12.6
2025-11-22 09:24:06+00:00,55.331162,11.040778,1989.3673872647141,RESOLUTE BAY,232005179,12.6
2025-11-22 09:24:06+00:00,55.314788,11.030265,3642.4550761368846,STAVFJORD,259888000,11.0
2025-11-22 09:24:06+00:00,55.314788,11.030265,3642.4550761368846,STAVFJORD,259888000,11.0
2025-11-22 09:24:06+00:00,55.314788,11.030265,3642.4550761368846,STAVFJORD,259888000,11.0
2025-11-22 09:24:06+00:00,55.331162,11.040778,1989.3673872647141,RESOLUTE BAY,232005179,12.6
2025-11-22 09:24:09+00:00,55.360627,11.03163,1341.3941112417824,ARC ENDEAVOR,366663000,10.7
2025-11-22 09:24:09+00:00,55.360627,11.03163,1341.3941112417824,ARC ENDEAVOR,366663000,10.7
2025-11-22 09:24:09+00:00,55.360627,11.03163,1341.3941112417824,ARC ENDEAVOR,366663000,10.7
2025-11-22 09:24:09+00:00,55.360627,11.03163,1341.3941112417824,ARC ENDEAVOR,366663000,10.7
2025-11-22 09:24:10+00:00,55.360627,11.03163,1341.3941112417824,ARC ENDEAVOR,366663000,10.7
2025-11-22 09:24:11+00:00,55.314538,11.030335,3670.6364089331155,STAVFJORD,259888000,11.0
2025-11-22 09:24:11+00:00,55.314538,11.030335,3670.6364089331155,STAVFJORD,259888000,11.0
2025-11-22 09:24:11+00:00,55.314538,11.030335,3670.6364089331155,STAVFJORD,259888000,11.0
2025-11-22 09:24:11+00:00,55.314538,11.030335,3670.6364089331155,STAVFJORD,259888000,11.0
2025-11-22 09:24:13+00:00,55.296118,11.042403,5828.510975778744,TERN SEA,219814000,11.8
2025-11-22 09:24:13+00:00,55.296118,11.042403,5828.510975778744,TERN SEA,219814000,11.8
2025-11-22 09:24:13+00:00,55.296118,11.042403,5828.510975778744,TERN SEA,219814000,11.8
2025-11-22 09:24:14+00:00,55.31434,11.030405,3693.116429596131,STAVFJORD,259888000,10.9
2025-11-22 09:24:14+00:00,55.31434,11.030405,3693.116429596131,STAVFJORD,259888000,10.9
2025-11-22 09:24:15+00:00,55.331687,11.040748,1931.6204502719147,RESOLUTE BAY,232005179,12.6
2025-11-22 09:24:15+00:00,55.331687,11.040748,1931.6204502719147,RESOLUTE BAY,232005179,12.6
2025-11-22 09:24:15+00:00,55.331687,11.040748,1931.6204502719147,RESOLUTE BAY,232005179,12.6
2025-11-22 09:24:17+00:00,55.314193,11.030468,3709.9279087158875,STAVFJORD,259888000,10.9
2025-11-22 09:24:17+00:00,55.314193,11.030468,3709.9279087158875,STAVFJORD,259888000,10.9
2025-11-22 09:24:17+00:00,55.314193,11.030468,3709.9279087158875,STAVFJORD,259888000,10.9
2025-11-22 09:24:17+00:00,55.314193,11.030468,3709.9279087158875,STAVFJORD,259888000,10.9
2025-11-22 09:24:19+00:00,55.20321,11.096418,16647.702141466794,DUSK,629009770,10.5
2025-11-22 09:24:19+00:00,55.20321,11.096418,16647.702141466794,DUSK,629009770,10.5
2025-11-22 09:24:19+00:00,55.20321,11.096418,16647.702141466794,DUSK,629009770,10.5
2025-11-22 09:24:19+00:00,55.314097,11.030512,3720.9385905409426,STAVFJORD,259888000,10.9
2025-11-22 09:24:19+00:00,55.314097,11.030512,3720.9385905409426,STAVFJORD,259888000,10.9
2025-11-22 09:24:19+00:00,55.314097,11.030512,3720.9385905409426,STAVFJORD,259888000,10.9
2025-11-22 09:24:19+00:00,55.314097,11.030512,3720.9385905409426,STAVFJORD,259888000,10.9
2025-11-22 09:24:21+00:00,55.360037,11.031772,1275.2059543482726,ARC ENDEAVOR,366663000,10.6
2025-11-22 09:24:21+00:00,55.360037,11.031772,1275.2059543482726,ARC ENDEAVOR,366663000,10.6
2025-11-22 09:24:21+00:00,55.360037,11.031772,1275.2059543482726,ARC ENDEAVOR,366663000,10.6
2025-11-22 09:24:21+00:00,55.360037,11.031772,1275.2059543482726,ARC ENDEAVOR,366663000,10.6
2025-11-22 09:24:22+00:00,55.295618,11.042792,5887.8958061566545,TERN SEA,219814000,11.8
2025-11-22 09:24:22+00:00,55.295618,11.042792,5887.8958061566545,TERN SEA,219814000,11.8
2025-11-22 09:24:23+00:00,55.313903,11.030608,3743.268538743966,STAVFJORD,259888000,10.9
2025-11-22 09:24:23+00:00,55.313903,11.030608,3743.268538743966,STAVFJORD,259888000,10.9
2025-11-22 09:24:23+00:00,55.313903,11.030608,3743.268538743966,STAVFJORD,259888000,10.9
2025-11-22 09:24:23+00:00,55.313903,11.030608,3743.268538743966,STAVFJORD,259888000,10.9
2025-11-22 09:24:26+00:00,55.313758,11.030687,3760.039937148401,STAVFJORD,259888000,10.9
2025-11-22 09:24:26+00:00,55.313758,11.030687,3760.039937148401,STAVFJORD,259888000,10.9
2025-11-22 09:24:26+00:00,55.332328,11.040708,1861.073940144518,RESOLUTE BAY,232005179,12.6
2025-11-22 09:24:26+00:00,55.313758,11.030687,3760.039937148401,STAVFJORD,259888000,10.9
2025-11-22 09:24:26+00:00,55.332328,11.040708,1861.073940144518,RESOLUTE BAY,232005179,12.6
2025-11-22 09:24:26+00:00,55.332328,11.040708,1861.073940144518,RESOLUTE BAY,232005179,12.6
2025-11-22 09:24:26+00:00,55.332328,11.040708,1861.073940144518,RESOLUTE BAY,232005179,12.6
2025-11-22 09:24:29+00:00,55.313615,11.03077,3776.637990051206,STAVFJORD,259888000,10.9
2025-11-22 09:24:29+00:00,55.313615,11.03077,3776.637990051206,STAVFJORD,259888000,10.9
2025-11-22 09:24:29+00:00,55.313615,11.03077,3776.637990051206,STAVFJORD,259888000,10.9
2025-11-22 09:24:29+00:00,55.313615,11.03077,3776.637990051206,STAVFJORD,259888000,10.9
2025-11-22 09:24:30+00:00,55.203705,11.096727,16596.631235148958,DUSK,629009770,10.4
2025-11-22 09:24:30+00:00,55.203705,11.096727,16596.631235148958,DUSK,629009770,10.4
2025-11-22 09:24:31+00:00,55.359598,11.031865,1226.1085687133411,ARC ENDEAVOR,366663000,10.6
2025-11-22 09:24:31+00:00,55.359598,11.031865,1226.1085687133411,ARC ENDEAVOR,366663000,10.6
2025-11-22 09:24:31+00:00,55.359598,11.031865,1226.1085687133411,ARC ENDEAVOR,366663000,10.6
2025-11-22 09:24:31+00:00,55.359598,11.031865,1226.1085687133411,ARC ENDEAVOR,366663000,10.6
2025-11-22 09:24:31+00:00,55.359598,11.031865,1226.1085687133411,ARC ENDEAVOR,366663000,10.6
2025-11-22 09:24:32+00:00,55.295167,11.043143,5941.446825019712,TERN SEA,219814000,11.8
2025-11-22 09:24:32+00:00,55.295167,11.043143,5941.446825019712,TERN SEA,219814000,11.8
2025-11-22 09:24:32+00:00,55.295167,11.043143,5941.446825019712,TERN SEA,219814000,11.8
2025-11-22 09:24:32+00:00,55.313472,11.030853,3793.237552818399,STAVFJORD,259888000,10.9
2025-11-22 09:24:32+00:00,55.313472,11.030853,3793.237552818399,STAVFJORD,259888000,10.9
2025-11-22 09:24:32+00:00,55.313472,11.030853,3793.237552818399,STAVFJORD,259888000,10.9
2025-11-22 09:24:35+00:00,55.332908,11.04067,1797.244223390378,RESOLUTE BAY,232005179,12.6
2025-11-22 09:24:35+00:00,55.332908,11.04067,1797.244223390378,RESOLUTE BAY,232005179,12.6
2025-11-22 09:24:35+00:00,55.332908,11.04067,1797.244223390378,RESOLUTE BAY,232005179,12.6
2025-11-22 09:24:35+00:00,55.332908,11.04067,1797.244223390378,RESOLUTE BAY,232005179,12.6
2025-11-22 09:24:39+00:00,55.204155,11.09698,16549.946279935637,DUSK,629009770,10.4
2025-11-22 09:24:39+00:00,55.204155,11.09698,16549.946279935637,DUSK,629009770,10.4
2025-11-22 09:24:40+00:00,55.359157,11.03194,1177.0117787620115,ARC ENDEAVOR,366663000,10.6
2025-11-22 09:24:40+00:00,55.359157,11.03194,1177.0117787620115,ARC ENDEAVOR,366663000,10.6
2025-11-22 09:24:40+00:00,55.359157,11.03194,1177.0117787620115,ARC ENDEAVOR,366663000,10.6
2025-11-22 09:24:40+00:00,55.359157,11.03194,1177.0117787620115,ARC ENDEAVOR,366663000,10.6
2025-11-22 09:24:40+00:00,55.359157,11.03194,1177.0117787620115,ARC ENDEAVOR,366663000,10.6
2025-11-22 09:24:40+00:00,55.313138,11.031053,3832.08371341491,STAVFJORD,259888000,10.9
2025-11-22 09:24:40+00:00,55.313138,11.031053,3832.08371341491,STAVFJORD,259888000,10.9
2025-11-22 09:24:40+00:00,55.313138,11.031053,3832.08371341491,STAVFJORD,259888000,10.9
2025-11-22 09:24:40+00:00,55.313138,11.031053,3832.08371341491,STAVFJORD,259888000,10.9
2025-11-22 09:24:40+00:00,55.359157,11.03194,1177.0117787620115,ARC ENDEAVOR,366663000,10.6
2025-11-22 09:24:42+00:00,55.294668,11.04353,6000.598162474736,TERN SEA,219814000,11.8
2025-11-22 09:24:42+00:00,55.294668,11.04353,6000.598162474736,TERN SEA,219814000,11.8
2025-11-22 09:24:42+00:00,55.294668,11.04353,6000.598162474736,TERN SEA,219814000,11.8
2025-11-22 09:24:45+00:00,55.333433,11.040632,1739.4285655437106,RESOLUTE BAY,232005179,12.6
2025-11-22 09:24:45+00:00,55.333433,11.040632,1739.4285655437106,RESOLUTE BAY,232005179,12.6
2025-11-22 09:24:45+00:00,55.333433,11.040632,1739.4285655437106,RESOLUTE BAY,232005179,12.6
2025-11-22 09:24:45+00:00,55.333433,11.040632,1739.4285655437106,RESOLUTE BAY,232005179,12.6
2025-11-22 09:24:45+00:00,55.333433,11.040632,1739.4285655437106,RESOLUTE BAY,232005179,12.6
2025-11-22 09:24:50+00:00,55.31261,11.031373,3893.555388928034,STAVFJORD,259888000,10.9
2025-11-22 09:24:50+00:00,55.31261,11.031373,3893.555388928034,STAVFJORD,259888000,10.9
2025-11-22 09:24:50+00:00,55.31261,11.031373,3893.555388928034,STAVFJORD,259888000,10.9
2025-11-22 09:24:51+00:00,55.35862,11.032018,1117.390913307054,ARC ENDEAVOR,366663000,10.6
2025-11-22 09:24:51+00:00,55.35862,11.032018,1117.390913307054,ARC ENDEAVOR,366663000,10.6
2025-11-22 09:24:51+00:00,55.35862,11.032018,1117.390913307054,ARC ENDEAVOR,366663000,10.6
2025-11-22 09:24:51+00:00,55.35862,11.032018,1117.390913307054,ARC ENDEAVOR,366663000,10.6
2025-11-22 09:24:51+00:00,55.35862,11.032018,1117.390913307054,ARC ENDEAVOR,366663000,10.6
2025-11-22 09:24:51+00:00,55.35862,11.032018,1117.390913307054,ARC ENDEAVOR,366663000,10.6
2025-11-22 09:24:51+00:00,55.204657,11.097253,16497.80864485215,DUSK,629009770,10.3
2025-11-22 09:24:51+00:00,55.204657,11.097253,16497.80864485215,DUSK,629009770,10.3
2025-11-22 09:24:52+00:00,55.294117,11.04396,6065.9313018388275,TERN SEA,219814000,11.8
2025-11-22 09:24:52+00:00,55.294117,11.04396,6065.9313018388275,TERN SEA,219814000,11.8
2025-11-22 09:24:52+00:00,55.294117,11.04396,6065.9313018388275,TERN SEA,219814000,11.8
2025-11-22 09:24:52+00:00,55.294117,11.04396,6065.9313018388275,TERN SEA,219814000,11.8
2025-11-22 09:24:55+00:00,55.334028,11.040602,1674.0571229512018,RESOLUTE BAY,232005179,12.6
2025-11-22 09:24:55+00:00,55.334028,11.040602,1674.0571229512018,RESOLUTE BAY,232005179,12.6
2025-11-22 09:24:55+00:00,55.334028,11.040602,1674.0571229512018,RESOLUTE BAY,232005179,12.6
2025-11-22 09:25:01+00:00,55.31213,11.031668,3949.5057958140396,STAVFJORD,259888000,10.9
2025-11-22 09:25:01+00:00,55.31213,11.031668,3949.5057958140396,STAVFJORD,259888000,10.9
2025-11-22 09:25:01+00:00,55.31213,11.031668,3949.5057958140396,STAVFJORD,259888000,10.9
2025-11-22 09:25:01+00:00,55.31213,11.031668,3949.5057958140396,STAVFJORD,259888000,10.9
2025-11-22 09:25:01+00:00,55.205115,11.09748,16450.03724725883,DUSK,629009770,10.3
2025-11-22 09:25:01+00:00,55.205115,11.09748,16450.03724725883,DUSK,629009770,10.3
2025-11-22 09:25:01+00:00,55.358122,11.032067,1062.3908625184465,ARC ENDEAVOR,366663000,10.5
2025-11-22 09:25:03+00:00,55.293617,11.044353,6125.264918397785,TERN SEA,219814000,11.8
2025-11-22 09:25:03+00:00,55.293617,11.044353,6125.264918397785,TERN SEA,219814000,11.8
2025-11-22 09:25:03+00:00,55.293617,11.044353,6125.264918397785,TERN SEA,219814000,11.8
2025-11-22 09:25:03+00:00,55.293617,11.044353,6125.264918397785,TERN SEA,219814000,11.8
2025-11-22 09:25:05+00:00,55.334617,11.040563,1609.2267723326202,RESOLUTE BAY,232005179,12.6
2025-11-22 09:25:05+00:00,55.334617,11.040563,1609.2267723326202,RESOLUTE BAY,232005179,12.6
2025-11-22 09:25:05+00:00,55.334617,11.040563,1609.2267723326202,RESOLUTE BAY,232005179,12.6
2025-11-22 09:25:06+00:00,55.31213,11.031668,3949.5057958140396,STAVFJORD,259888000,10.9
2025-11-22 09:25:06+00:00,55.31213,11.031668,3949.5057958140396,STAVFJORD,259888000,10.9
2025-11-22 09:25:06+00:00,55.31213,11.031668,3949.5057958140396,STAVFJORD,259888000,10.9
2025-11-22 09:25:09+00:00,55.357682,11.032107,1013.4612313384396,ARC ENDEAVOR,366663000,10.5
2025-11-22 09:25:09+00:00,55.357682,11.032107,1013.4612313384396,ARC ENDEAVOR,366663000,10.5
2025-11-22 09:25:09+00:00,55.357682,11.032107,1013.4612313384396,ARC ENDEAVOR,366663000,10.5
2025-11-22 09:25:09+00:00,55.357682,11.032107,1013.4612313384396,ARC ENDEAVOR,366663000,10.5
2025-11-22 09:25:09+00:00,55.357682,11.032107,1013.4612313384396,ARC ENDEAVOR,366663000,10.5
2025-11-22 09:25:10+00:00,55.20553,11.097648,16406.364391256455,DUSK,629009770,10.3
2025-11-22 09:25:10+00:00,55.20553,11.097648,16406.364391256455,DUSK,629009770,10.3
2025-11-22 09:25:11+00:00,55.311648,11.03195,4005.5416191364925,STAVFJORD,259888000,10.9
2025-11-22 09:25:11+00:00,55.311648,11.03195,4005.5416191364925,STAVFJORD,259888000,10.9
2025-11-22 09:25:11+00:00,55.311648,11.03195,4005.5416191364925,STAVFJORD,259888000,10.9
2025-11-22 09:25:11+00:00,55.311648,11.03195,4005.5416191364925,STAVFJORD,259888000,10.9
2025-11-22 09:25:13+00:00,55.293117,11.044747,6184.616816524446,TERN SEA,219814000,11.8
2025-11-22 09:25:13+00:00,55.293117,11.044747,6184.616816524446,TERN SEA,219814000,11.8
2025-11-22 09:25:15+00:00,55.335202,11.040525,1544.8640390156902,RESOLUTE BAY,232005179,12.6
2025-11-22 09:25:15+00:00,55.335202,11.040525,1544.8640390156902,RESOLUTE BAY,232005179,12.6
2025-11-22 09:25:15+00:00,55.335202,11.040525,1544.8640390156902,RESOLUTE BAY,232005179,12.6
2025-11-22 09:25:15+00:00,55.335202,11.040525,1544.8640390156902,RESOLUTE BAY,232005179,12.6
2025-11-22 09:25:21+00:00,55.357093,11.032138,948.0861238262476,ARC ENDEAVOR,366663000,10.5
2025-11-22 09:25:21+00:00,55.357093,11.032138,948.0861238262476,ARC ENDEAVOR,366663000,10.5
2025-11-22 09:25:21+00:00,55.357093,11.032138,948.0861238262476,ARC ENDEAVOR,366663000,10.5
2025-11-22 09:25:21+00:00,55.357093,11.032138,948.0861238262476,ARC ENDEAVOR,366663000,10.5
2025-11-22 09:25:22+00:00,55.292665,11.045097,6238.222625595478,TERN SEA,219814000,11.8
2025-11-22 09:25:22+00:00,55.292665,11.045097,6238.222625595478,TERN SEA,219814000,11.8
2025-11-22 09:25:22+00:00,55.292665,11.045097,6238.222625595478,TERN SEA,219814000,11.8
2025-11-22 09:25:23+00:00,55.292665,11.045097,6238.222625595478,TERN SEA,219814000,11.8
2025-11-22 09:25:26+00:00,55.335847,11.040478,1473.8797304497496,RESOLUTE BAY,232005179,12.7
2025-11-22 09:25:26+00:00,55.335847,11.040478,1473.8797304497496,RESOLUTE BAY,232005179,12.7
2025-11-22 09:25:26+00:00,55.335847,11.040478,1473.8797304497496,RESOLUTE BAY,232005179,12.7
2025-11-22 09:25:26+00:00,55.335847,11.040478,1473.8797304497496,RESOLUTE BAY,232005179,12.7
2025-11-22 09:25:26+00:00,55.335847,11.040478,1473.8797304497496,RESOLUTE BAY,232005179,12.7
2025-11-22 09:25:29+00:00,55.310743,11.032558,4111.733691493016,STAVFJORD,259888000,11.0
2025-11-22 09:25:29+00:00,55.310743,11.032558,4111.733691493016,STAVFJORD,259888000,11.0
2025-11-22 09:25:29+00:00,55.310743,11.032558,4111.733691493016,STAVFJORD,259888000,11.0
2025-11-22 09:25:29+00:00,55.310743,11.032558,4111.733691493016,STAVFJORD,259888000,11.0
2025-11-22 09:25:30+00:00,55.20646,11.097983,16308.108860668488,DUSK,629009770,10.3
2025-11-22 09:25:30+00:00,55.20646,11.097983,16308.108860668488,DUSK,629009770,10.3
2025-11-22 09:25:31+00:00,55.356647,11.032155,898.6547828445076,ARC ENDEAVOR,366663000,10.7
2025-11-22 09:25:31+00:00,55.356647,11.032155,898.6547828445076,ARC ENDEAVOR,366663000,10.7
2025-11-22 09:25:31+00:00,55.356647,11.032155,898.6547828445076,ARC ENDEAVOR,366663000,10.7
2025-11-22 09:25:31+00:00,55.356647,11.032155,898.6547828445076,ARC ENDEAVOR,366663000,10.7
2025-11-22 09:25:31+00:00,55.356647,11.032155,898.6547828445076,ARC ENDEAVOR,366663000,10.7
2025-11-22 09:25:31+00:00,55.356647,11.032155,898.6547828445076,ARC ENDEAVOR,366663000,10.7
2025-11-22 09:25:32+00:00,55.292213,11.045447,6291.852728756534,TERN SEA,219814000,11.8
2025-11-22 09:25:32+00:00,55.292213,11.045447,6291.852728756534,TERN SEA,219814000,11.8
2025-11-22 09:25:32+00:00,55.292213,11.045447,6291.852728756534,TERN SEA,219814000,11.8
2025-11-22 09:25:32+00:00,55.292213,11.045447,6291.852728756534,TERN SEA,219814000,11.8
2025-11-22 09:25:35+00:00,55.336377,11.040443,1415.5975670503021,RESOLUTE BAY,232005179,12.7
2025-11-22 09:25:35+00:00,55.336377,11.040443,1415.5975670503021,RESOLUTE BAY,232005179,12.7
2025-11-22 09:25:35+00:00,55.336377,11.040443,1415.5975670503021,RESOLUTE BAY,232005179,12.7
2025-11-22 09:25:35+00:00,55.336377,11.040443,1415.5975670503021,RESOLUTE BAY,232005179,12.7
2025-11-22 09:25:35+00:00,55.336377,11.040443,1415.5975670503021,RESOLUTE BAY,232005179,12.7
2025-11-22 09:25:38+00:00,55.356647,11.032155,898.6547828445076,ARC ENDEAVOR,366663000,10.7
2025-11-22 09:25:38+00:00,55.356647,11.032155,898.6547828445076,ARC ENDEAVOR,366663000,10.7
2025-11-22 09:25:38+00:00,55.356647,11.032155,898.6547828445076,ARC ENDEAVOR,366663000,10.7
2025-11-22 09:25:38+00:00,55.356647,11.032155,898.6547828445076,ARC ENDEAVOR,366663000,10.7
2025-11-22 09:25:38+00:00,55.356647,11.032155,898.6547828445076,ARC ENDEAVOR,366663000,10.7
2025-11-22 09:25:39+00:00,55.206927,11.098165,16258.959426353169,DUSK,629009770,10.3
2025-11-22 09:25:39+00:00,55.206927,11.098165,16258.959426353169,DUSK,629009770,10.3
2025-11-22 09:25:40+00:00,55.35619,11.032175,848.0118248550532,ARC ENDEAVOR,366663000,10.9
2025-11-22 09:25:40+00:00,55.35619,11.032175,848.0118248550532,ARC ENDEAVOR,366663000,10.9
2025-11-22 09:25:40+00:00,55.35619,11.032175,848.0118248550532,ARC ENDEAVOR,366663000,10.9
2025-11-22 09:25:40+00:00,55.35619,11.032175,848.0118248550532,ARC ENDEAVOR,366663000,10.9
2025-11-22 09:25:40+00:00,55.35619,11.032175,848.0118248550532,ARC ENDEAVOR,366663000,10.9
2025-11-22 09:25:40+00:00,55.310278,11.032895,4166.629837581376,STAVFJORD,259888000,11.0
2025-11-22 09:25:40+00:00,55.310278,11.032895,4166.629837581376,STAVFJORD,259888000,11.0
2025-11-22 09:25:40+00:00,55.310278,11.032895,4166.629837581376,STAVFJORD,259888000,11.0
2025-11-22 09:25:40+00:00,55.310278,11.032895,4166.629837581376,STAVFJORD,259888000,11.0
2025-11-22 09:25:40+00:00,55.310278,11.032895,4166.629837581376,STAVFJORD,259888000,11.0
2025-11-22 09:25:40+00:00,55.35619,11.032175,848.0118248550532,ARC ENDEAVOR,366663000,10.9
2025-11-22 09:25:42+00:00,55.291667,11.04588,6356.792990694005,TERN SEA,219814000,11.8
2025-11-22 09:25:42+00:00,55.291667,11.04588,6356.792990694005,TERN SEA,219814000,11.8
2025-11-22 09:25:42+00:00,55.291667,11.04588,6356.792990694005,TERN SEA,219814000,11.8
2025-11-22 09:25:45+00:00,55.336967,11.040412,1350.8628022170271,RESOLUTE BAY,232005179,12.7
2025-11-22 09:25:45+00:00,55.336967,11.040412,1350.8628022170271,RESOLUTE BAY,232005179,12.7
2025-11-22 09:25:45+00:00,55.336967,11.040412,1350.8628022170271,RESOLUTE BAY,232005179,12.7
2025-11-22 09:25:45+00:00,55.336967,11.040412,1350.8628022170271,RESOLUTE BAY,232005179,12.7
2025-11-22 09:25:45+00:00,55.336967,11.040412,1350.8628022170271,RESOLUTE BAY,232005179,12.7
2025-11-22 09:25:46+00:00,55.291667,11.04588,6356.792990694005,TERN SEA,219814000,11.8
2025-11-22 09:25:46+00:00,55.291667,11.04588,6356.792990694005,TERN SEA,219814000,11.8
2025-11-22 09:25:46+00:00,55.291667,11.04588,6356.792990694005,TERN SEA,219814000,11.8
2025-11-22 09:25:50+00:00,55.309767,11.033288,4227.270735156482,STAVFJORD,259888000,11.0
2025-11-22 09:25:50+00:00,55.309767,11.033288,4227.270735156482,STAVFJORD,259888000,11.0
2025-11-22 09:25:50+00:00,55.309767,11.033288,4227.270735156482,STAVFJORD,259888000,11.0
2025-11-22 09:25:50+00:00,55.309767,11.033288,4227.270735156482,STAVFJORD,259888000,11.0
2025-11-22 09:25:50+00:00,55.309767,11.033288,4227.270735156482,STAVFJORD,259888000,11.0
2025-11-22 09:25:51+00:00,55.355628,11.032217,785.6294641918715,ARC ENDEAVOR,366663000,11.0
2025-11-22 09:25:51+00:00,55.355628,11.032217,785.6294641918715,ARC ENDEAVOR,366663000,11.0
2025-11-22 09:25:51+00:00,55.355628,11.032217,785.6294641918715,ARC ENDEAVOR,366663000,11.0
2025-11-22 09:25:51+00:00,55.355628,11.032217,785.6294641918715,ARC ENDEAVOR,366663000,11.0
2025-11-22 09:25:51+00:00,55.355628,11.032217,785.6294641918715,ARC ENDEAVOR,366663000,11.0
2025-11-22 09:25:51+00:00,55.20743,11.098338,16205.790049231928,DUSK,629009770,10.3
2025-11-22 09:25:51+00:00,55.20743,11.098338,16205.790049231928,DUSK,629009770,10.3
2025-11-22 09:25:51+00:00,55.355628,11.032217,785.6294641918715,ARC ENDEAVOR,366663000,11.0
2025-11-22 09:25:52+00:00,55.291168,11.04628,6416.228169725631,TERN SEA,219814000,11.8
2025-11-22 09:25:52+00:00,55.291168,11.04628,6416.228169725631,TERN SEA,219814000,11.8
2025-11-22 09:25:52+00:00,55.291168,11.04628,6416.228169725631,TERN SEA,219814000,11.8
2025-11-22 09:25:52+00:00,55.291168,11.04628,6416.228169725631,TERN SEA,219814000,11.8
2025-11-22 09:25:56+00:00,55.337617,11.040382,1279.6950852861394,RESOLUTE BAY,232005179,12.8
2025-11-22 09:25:56+00:00,55.337617,11.040382,1279.6950852861394,RESOLUTE BAY,232005179,12.8
2025-11-22 09:25:56+00:00,55.337617,11.040382,1279.6950852861394,RESOLUTE BAY,232005179,12.8
2025-11-22 09:25:56+00:00,55.337617,11.040382,1279.6950852861394,RESOLUTE BAY,232005179,12.8
2025-11-22 09:25:56+00:00,55.337617,11.040382,1279.6950852861394,RESOLUTE BAY,232005179,12.8
2025-11-22 09:26:01+00:00,55.35511,11.032252,728.2010471373324,ARC ENDEAVOR,366663000,11.1
2025-11-22 09:26:01+00:00,55.35511,11.032252,728.2010471373324,ARC ENDEAVOR,366663000,11.1
2025-11-22 09:26:01+00:00,55.207895,11.098457,16156.196016857022,DUSK,629009770,10.3
2025-11-22 09:26:01+00:00,55.35511,11.032252,728.2010471373324,ARC ENDEAVOR,366663000,11.1
2025-11-22 09:26:01+00:00,55.3093,11.033658,4282.8633714497755,STAVFJORD,259888000,11.0
2025-11-22 09:26:01+00:00,55.3093,11.033658,4282.8633714497755,STAVFJORD,259888000,11.0
2025-11-22 09:26:01+00:00,55.3093,11.033658,4282.8633714497755,STAVFJORD,259888000,11.0
2025-11-22 09:26:01+00:00,55.207895,11.098457,16156.196016857022,DUSK,629009770,10.3
2025-11-22 09:26:03+00:00,55.290622,11.046727,6481.413488350462,TERN SEA,219814000,11.8
2025-11-22 09:26:03+00:00,55.290622,11.046727,6481.413488350462,TERN SEA,219814000,11.8
2025-11-22 09:26:03+00:00,55.290622,11.046727,6481.413488350462,TERN SEA,219814000,11.8
2025-11-22 09:26:03+00:00,55.290622,11.046727,6481.413488350462,TERN SEA,219814000,11.8
2025-11-22 09:26:05+00:00,55.338158,11.040357,1220.4864004289363,RESOLUTE BAY,232005179,12.8
2025-11-22 09:26:05+00:00,55.338158,11.040357,1220.4864004289363,RESOLUTE BAY,232005179,12.8
2025-11-22 09:26:05+00:00,55.338158,11.040357,1220.4864004289363,RESOLUTE BAY,232005179,12.8
2025-11-22 09:26:05+00:00,55.338158,11.040357,1220.4864004289363,RESOLUTE BAY,232005179,12.8
2025-11-22 09:26:09+00:00,55.35464,11.032282,676.1525160129852,ARC ENDEAVOR,366663000,11.2
2025-11-22 09:26:09+00:00,55.338158,11.040357,1220.4864004289363,RESOLUTE BAY,232005179,12.8
2025-11-22 09:26:09+00:00,55.338158,11.040357,1220.4864004289363,RESOLUTE BAY,232005179,12.8
2025-11-22 09:26:09+00:00,55.338158,11.040357,1220.4864004289363,RESOLUTE BAY,232005179,12.8
2025-11-22 09:26:09+00:00,55.338158,11.040357,1220.4864004289363,RESOLUTE BAY,232005179,12.8
2025-11-22 09:26:09+00:00,55.338158,11.040357,1220.4864004289363,RESOLUTE BAY,232005179,12.8
2025-11-22 09:26:09+00:00,55.35464,11.032282,676.1525160129852,ARC ENDEAVOR,366663000,11.2
2025-11-22 09:26:09+00:00,55.35464,11.032282,676.1525160129852,ARC ENDEAVOR,366663000,11.2
2025-11-22 09:26:09+00:00,55.35464,11.032282,676.1525160129852,ARC ENDEAVOR,366663000,11.2
2025-11-22 09:26:09+00:00,55.35464,11.032282,676.1525160129852,ARC ENDEAVOR,366663000,11.2
2025-11-22 09:26:11+00:00,55.208363,11.098563,16106.142153642153,DUSK,629009770,10.2
2025-11-22 09:26:11+00:00,55.308833,11.034028,4338.493748140925,STAVFJORD,259888000,11.1
2025-11-22 09:26:11+00:00,55.208363,11.098563,16106.142153642153,DUSK,629009770,10.2
2025-11-22 09:26:11+00:00,55.308833,11.034028,4338.493748140925,STAVFJORD,259888000,11.1
2025-11-22 09:26:11+00:00,55.308833,11.034028,4338.493748140925,STAVFJORD,259888000,11.1
2025-11-22 09:26:11+00:00,55.308833,11.034028,4338.493748140925,STAVFJORD,259888000,11.1
2025-11-22 09:26:12+00:00,55.290177,11.047095,6534.60559409206,TERN SEA,219814000,11.8
2025-11-22 09:26:12+00:00,55.290177,11.047095,6534.60559409206,TERN SEA,219814000,11.8
2025-11-22 09:26:12+00:00,55.290177,11.047095,6534.60559409206,TERN SEA,219814000,11.8
2025-11-22 09:26:12+00:00,55.290177,11.047095,6534.60559409206,TERN SEA,219814000,11.8
2025-11-22 09:26:15+00:00,55.33876,11.040333,1154.5614553296855,RESOLUTE BAY,232005179,12.8
2025-11-22 09:26:15+00:00,55.33876,11.040333,1154.5614553296855,RESOLUTE BAY,232005179,12.8
2025-11-22 09:26:20+00:00,55.308408,11.034363,4389.125314171259,STAVFJORD,259888000,11.1
2025-11-22 09:26:20+00:00,55.308408,11.034363,4389.125314171259,STAVFJORD,259888000,11.1
2025-11-22 09:26:21+00:00,55.354003,11.032302,605.899422990833,ARC ENDEAVOR,366663000,11.4
2025-11-22 09:26:21+00:00,55.354003,11.032302,605.899422990833,ARC ENDEAVOR,366663000,11.4
2025-11-22 09:26:21+00:00,55.354003,11.032302,605.899422990833,ARC ENDEAVOR,366663000,11.4
2025-11-22 09:26:21+00:00,55.354003,11.032302,605.899422990833,ARC ENDEAVOR,366663000,11.4
2025-11-22 09:26:22+00:00,55.289683,11.047507,6593.7043208624555,TERN SEA,219814000,11.8
2025-11-22 09:26:22+00:00,55.289683,11.047507,6593.7043208624555,TERN SEA,219814000,11.8
2025-11-22 09:26:22+00:00,55.289683,11.047507,6593.7043208624555,TERN SEA,219814000,11.8
2025-11-22 09:26:22+00:00,55.289683,11.047507,6593.7043208624555,TERN SEA,219814000,11.8
2025-11-22 09:26:26+00:00,55.339417,11.040315,1082.3704933045804,RESOLUTE BAY,232005179,12.8
2025-11-22 09:26:26+00:00,55.339417,11.040315,1082.3704933045804,RESOLUTE BAY,232005179,12.8
2025-11-22 09:26:26+00:00,55.339417,11.040315,1082.3704933045804,RESOLUTE BAY,232005179,12.8
2025-11-22 09:26:26+00:00,55.339417,11.040315,1082.3704933045804,RESOLUTE BAY,232005179,12.8
2025-11-22 09:26:26+00:00,55.339417,11.040315,1082.3704933045804,RESOLUTE BAY,232005179,12.8
2025-11-22 09:26:29+00:00,55.307937,11.034733,4444.961668845366,STAVFJORD,259888000,11.1
2025-11-22 09:26:29+00:00,55.307937,11.034733,4444.961668845366,STAVFJORD,259888000,11.1
2025-11-22 09:26:29+00:00,55.307937,11.034733,4444.961668845366,STAVFJORD,259888000,11.1
2025-11-22 09:26:29+00:00,55.307937,11.034733,4444.961668845366,STAVFJORD,259888000,11.1
2025-11-22 09:26:30+00:00,55.209257,11.09884,16011.430893139925,DUSK,629009770,10.3
2025-11-22 09:26:30+00:00,55.209257,11.09884,16011.430893139925,DUSK,629009770,10.3
2025-11-22 09:26:31+00:00,55.353467,11.03231,546.8994698772127,ARC ENDEAVOR,366663000,11.5
2025-11-22 09:26:31+00:00,55.353467,11.03231,546.8994698772127,ARC ENDEAVOR,366663000,11.5
2025-11-22 09:26:31+00:00,55.353467,11.03231,546.8994698772127,ARC ENDEAVOR,366663000,11.5
2025-11-22 09:26:31+00:00,55.353467,11.03231,546.8994698772127,ARC ENDEAVOR,366663000,11.5
2025-11-22 09:26:31+00:00,55.353467,11.03231,546.8994698772127,ARC ENDEAVOR,366663000,11.5
2025-11-22 09:26:31+00:00,55.353467,11.03231,546.8994698772127,ARC ENDEAVOR,366663000,11.5
2025-11-22 09:26:32+00:00,55.289235,11.047883,6647.355166205713,TERN SEA,219814000,11.8
2025-11-22 09:26:32+00:00,55.289235,11.047883,6647.355166205713,TERN SEA,219814000,11.8
2025-11-22 09:26:32+00:00,55.289235,11.047883,6647.355166205713,TERN SEA,219814000,11.8
2025-11-22 09:26:32+00:00,55.289235,11.047883,6647.355166205713,TERN SEA,219814000,11.8
2025-11-22 09:26:35+00:00,55.339952,11.040305,1023.6896576636731,RESOLUTE BAY,232005179,12.8
2025-11-22 09:26:35+00:00,55.339952,11.040305,1023.6896576636731,RESOLUTE BAY,232005179,12.8
2025-11-22 09:26:35+00:00,55.339952,11.040305,1023.6896576636731,RESOLUTE BAY,232005179,12.8
2025-11-22 09:26:35+00:00,55.339952,11.040305,1023.6896576636731,RESOLUTE BAY,232005179,12.8
2025-11-22 09:26:35+00:00,55.339952,11.040305,1023.6896576636731,RESOLUTE BAY,232005179,12.8
2025-11-22 09:26:39+00:00,55.209722,11.09899,15962.267973419852,DUSK,629009770,10.3
2025-11-22 09:26:39+00:00,55.209722,11.09899,15962.267973419852,DUSK,629009770,10.3
2025-11-22 09:26:40+00:00,55.353035,11.032307,499.44598427578296,ARC ENDEAVOR,366663000,11.6
2025-11-22 09:26:40+00:00,55.353035,11.032307,499.44598427578296,ARC ENDEAVOR,366663000,11.6
2025-11-22 09:26:40+00:00,55.353035,11.032307,499.44598427578296,ARC ENDEAVOR,366663000,11.6
2025-11-22 09:26:40+00:00,55.353035,11.032307,499.44598427578296,ARC ENDEAVOR,366663000,11.6
2025-11-22 09:26:40+00:00,55.307462,11.035102,4501.084889058397,STAVFJORD,259888000,11.1
2025-11-22 09:26:40+00:00,55.307462,11.035102,4501.084889058397,STAVFJORD,259888000,11.1
2025-11-22 09:26:40+00:00,55.307462,11.035102,4501.084889058397,STAVFJORD,259888000,11.1
2025-11-22 09:26:40+00:00,55.307462,11.035102,4501.084889058397,STAVFJORD,259888000,11.1
2025-11-22 09:26:40+00:00,55.353035,11.032307,499.44598427578296,ARC ENDEAVOR,366663000,11.6
2025-11-22 09:26:42+00:00,55.28869,11.048343,6712.691980958637,TERN SEA,219814000,11.8
2025-11-22 09:26:42+00:00,55.28869,11.048343,6712.691980958637,TERN SEA,219814000,11.8
2025-11-22 09:26:42+00:00,55.28869,11.048343,6712.691980958637,TERN SEA,219814000,11.8
2025-11-22 09:26:42+00:00,55.28869,11.048343,6712.691980958637,TERN SEA,219814000,11.8
2025-11-22 09:26:45+00:00,55.340537,11.040293,959.5602782062067,RESOLUTE BAY,232005179,12.9
2025-11-22 09:26:45+00:00,55.340537,11.040293,959.5602782062067,RESOLUTE BAY,232005179,12.9
2025-11-22 09:26:45+00:00,55.340537,11.040293,959.5602782062067,RESOLUTE BAY,232005179,12.9
2025-11-22 09:26:45+00:00,55.340537,11.040293,959.5602782062067,RESOLUTE BAY,232005179,12.9
2025-11-22 09:26:50+00:00,55.30694,11.03551,4562.837542909322,STAVFJORD,259888000,11.1
2025-11-22 09:26:50+00:00,55.30694,11.03551,4562.837542909322,STAVFJORD,259888000,11.1
2025-11-22 09:26:50+00:00,55.30694,11.03551,4562.837542909322,STAVFJORD,259888000,11.1
2025-11-22 09:26:50+00:00,55.30694,11.03551,4562.837542909322,STAVFJORD,259888000,11.1
2025-11-22 09:26:50+00:00,55.30694,11.03551,4562.837542909322,STAVFJORD,259888000,11.1
2025-11-22 09:26:51+00:00,55.352432,11.0323,433.42312880698057,ARC ENDEAVOR,366663000,11.8
2025-11-22 09:26:51+00:00,55.210245,11.099147,15906.862294352302,DUSK,629009770,10.4
2025-11-22 09:26:51+00:00,55.210245,11.099147,15906.862294352302,DUSK,629009770,10.4
2025-11-22 09:26:51+00:00,55.352432,11.0323,433.42312880698057,ARC ENDEAVOR,366663000,11.8
2025-11-22 09:26:51+00:00,55.352432,11.0323,433.42312880698057,ARC ENDEAVOR,366663000,11.8
2025-11-22 09:26:51+00:00,55.352432,11.0323,433.42312880698057,ARC ENDEAVOR,366663000,11.8
2025-11-22 09:26:51+00:00,55.352432,11.0323,433.42312880698057,ARC ENDEAVOR,366663000,11.8
2025-11-22 09:26:51+00:00,55.352432,11.0323,433.42312880698057,ARC ENDEAVOR,366663000,11.8
2025-11-22 09:26:52+00:00,55.288195,11.048763,6772.095081787805,TERN SEA,219814000,11.8
2025-11-22 09:26:52+00:00,55.288195,11.048763,6772.095081787805,TERN SEA,219814000,11.8
2025-11-22 09:26:52+00:00,55.288195,11.048763,6772.095081787805,TERN SEA,219814000,11.8
2025-11-22 09:26:52+00:00,55.288195,11.048763,6772.095081787805,TERN SEA,219814000,11.8
2025-11-22 09:26:56+00:00,55.341187,11.0403,888.5624597710213,RESOLUTE BAY,232005179,12.9
2025-11-22 09:26:56+00:00,55.341187,11.0403,888.5624597710213,RESOLUTE BAY,232005179,12.9
2025-11-22 09:26:56+00:00,55.341187,11.0403,888.5624597710213,RESOLUTE BAY,232005179,12.9
2025-11-22 09:26:56+00:00,55.341187,11.0403,888.5624597710213,RESOLUTE BAY,232005179,12.9
2025-11-22 09:27:01+00:00,55.351878,11.032283,373.21325250869114,ARC ENDEAVOR,366663000,11.9
2025-11-22 09:27:01+00:00,55.351878,11.032283,373.21325250869114,ARC ENDEAVOR,366663000,11.9
2025-11-22 09:27:01+00:00,55.351878,11.032283,373.21325250869114,ARC ENDEAVOR,366663000,11.9
2025-11-22 09:27:01+00:00,55.306467,11.035883,4618.875076787222,STAVFJORD,259888000,11.2
2025-11-22 09:27:01+00:00,55.351878,11.032283,373.21325250869114,ARC ENDEAVOR,366663000,11.9
2025-11-22 09:27:01+00:00,55.306467,11.035883,4618.875076787222,STAVFJORD,259888000,11.2
2025-11-22 09:27:01+00:00,55.306467,11.035883,4618.875076787222,STAVFJORD,259888000,11.2
2025-11-22 09:27:01+00:00,55.210715,11.099272,15856.904347506672,DUSK,629009770,10.4
2025-11-22 09:27:01+00:00,55.210715,11.099272,15856.904347506672,DUSK,629009770,10.4
2025-11-22 09:27:01+00:00,55.306467,11.035883,4618.875076787222,STAVFJORD,259888000,11.2
2025-11-22 09:27:03+00:00,55.287653,11.049217,6837.095482591009,TERN SEA,219814000,11.8
2025-11-22 09:27:03+00:00,55.287653,11.049217,6837.095482591009,TERN SEA,219814000,11.8
2025-11-22 09:27:03+00:00,55.287653,11.049217,6837.095482591009,TERN SEA,219814000,11.8
2025-11-22 09:27:05+00:00,55.341718,11.040293,830.436786655615,RESOLUTE BAY,232005179,12.9
2025-11-22 09:27:05+00:00,55.341718,11.040293,830.436786655615,RESOLUTE BAY,232005179,12.9
2025-11-22 09:27:05+00:00,55.341718,11.040293,830.436786655615,RESOLUTE BAY,232005179,12.9
2025-11-22 09:27:09+00:00,55.30604,11.036225,4669.559596289177,STAVFJORD,259888000,11.2
2025-11-22 09:27:09+00:00,55.351378,11.03227,319.29511239278213,ARC ENDEAVOR,366663000,12.0
2025-11-22 09:27:09+00:00,55.351378,11.03227,319.29511239278213,ARC ENDEAVOR,366663000,12.0
2025-11-22 09:27:09+00:00,55.351378,11.03227,319.29511239278213,ARC ENDEAVOR,366663000,12.0
2025-11-22 09:27:09+00:00,55.30604,11.036225,4669.559596289177,STAVFJORD,259888000,11.2
2025-11-22 09:27:09+00:00,55.30604,11.036225,4669.559596289177,STAVFJORD,259888000,11.2
2025-11-22 09:27:09+00:00,55.30604,11.036225,4669.559596289177,STAVFJORD,259888000,11.2
2025-11-22 09:27:11+00:00,55.211185,11.099385,15806.823520308735,DUSK,629009770,10.4
2025-11-22 09:27:11+00:00,55.211185,11.099385,15806.823520308735,DUSK,629009770,10.4
2025-11-22 09:27:12+00:00,55.287212,11.049588,6890.031131624861,TERN SEA,219814000,11.8
2025-11-22 09:27:12+00:00,55.287212,11.049588,6890.031131624861,TERN SEA,219814000,11.8
2025-11-22 09:27:12+00:00,55.287212,11.049588,6890.031131624861,TERN SEA,219814000,11.8
2025-11-22 09:27:12+00:00,55.287212,11.049588,6890.031131624861,TERN SEA,219814000,11.8
2025-11-22 09:27:15+00:00,55.342308,11.040337,766.3834471676985,RESOLUTE BAY,232005179,12.9
2025-11-22 09:27:15+00:00,55.342308,11.040337,766.3834471676985,RESOLUTE BAY,232005179,12.9
2025-11-22 09:27:15+00:00,55.342308,11.040337,766.3834471676985,RESOLUTE BAY,232005179,12.9
2025-11-22 09:27:15+00:00,55.342308,11.040337,766.3834471676985,RESOLUTE BAY,232005179,12.9
2025-11-22 09:27:20+00:00,55.305565,11.036605,4725.961060689742,STAVFJORD,259888000,11.2
2025-11-22 09:27:20+00:00,55.305565,11.036605,4725.961060689742,STAVFJORD,259888000,11.2
2025-11-22 09:27:20+00:00,55.305565,11.036605,4725.961060689742,STAVFJORD,259888000,11.2
2025-11-22 09:27:21+00:00,55.350702,11.032255,247.35435873778,ARC ENDEAVOR,366663000,12.1
2025-11-22 09:27:21+00:00,55.350702,11.032255,247.35435873778,ARC ENDEAVOR,366663000,12.1
2025-11-22 09:27:21+00:00,55.350702,11.032255,247.35435873778,ARC ENDEAVOR,366663000,12.1
2025-11-22 09:27:21+00:00,55.350702,11.032255,247.35435873778,ARC ENDEAVOR,366663000,12.1
2025-11-22 09:27:22+00:00,55.28672,11.050002,6949.117682109369,TERN SEA,219814000,11.8
2025-11-22 09:27:22+00:00,55.28672,11.050002,6949.117682109369,TERN SEA,219814000,11.8
2025-11-22 09:27:22+00:00,55.28672,11.050002,6949.117682109369,TERN SEA,219814000,11.8
2025-11-22 09:27:22+00:00,55.28672,11.050002,6949.117682109369,TERN SEA,219814000,11.8
2025-11-22 09:27:26+00:00,55.342935,11.040322,697.5676033354912,RESOLUTE BAY,232005179,12.9
2025-11-22 09:27:26+00:00,55.342935,11.040322,697.5676033354912,RESOLUTE BAY,232005179,12.9
2025-11-22 09:27:26+00:00,55.342935,11.040322,697.5676033354912,RESOLUTE BAY,232005179,12.9
2025-11-22 09:27:26+00:00,55.342935,11.040322,697.5676033354912,RESOLUTE BAY,232005179,12.9
2025-11-22 09:27:30+00:00,55.305088,11.036985,4782.588218588213,STAVFJORD,259888000,11.2
2025-11-22 09:27:30+00:00,55.305088,11.036985,4782.588218588213,STAVFJORD,259888000,11.2
2025-11-22 09:27:30+00:00,55.305088,11.036985,4782.588218588213,STAVFJORD,259888000,11.2
2025-11-22 09:27:30+00:00,55.212085,11.099545,15710.299342074588,DUSK,629009770,10.3
2025-11-22 09:27:30+00:00,55.212085,11.099545,15710.299342074588,DUSK,629009770,10.3
2025-11-22 09:27:30+00:00,55.212085,11.099545,15710.299342074588,DUSK,629009770,10.3
2025-11-22 09:27:31+00:00,55.350192,11.032248,193.15184842927763,ARC ENDEAVOR,366663000,12.2
2025-11-22 09:27:31+00:00,55.350192,11.032248,193.15184842927763,ARC ENDEAVOR,366663000,12.2
2025-11-22 09:27:31+00:00,55.350192,11.032248,193.15184842927763,ARC ENDEAVOR,366663000,12.2
2025-11-22 09:27:31+00:00,55.350192,11.032248,193.15184842927763,ARC ENDEAVOR,366663000,12.2
2025-11-22 09:27:32+00:00,55.286278,11.050373,7002.2113756724675,TERN SEA,219814000,11.8
2025-11-22 09:27:32+00:00,55.286278,11.050373,7002.2113756724675,TERN SEA,219814000,11.8
2025-11-22 09:27:32+00:00,55.286278,11.050373,7002.2113756724675,TERN SEA,219814000,11.8
2025-11-22 09:27:32+00:00,55.286278,11.050373,7002.2113756724675,TERN SEA,219814000,11.8
2025-11-22 09:27:35+00:00,55.343518,11.04031,633.5989704505782,RESOLUTE BAY,232005179,12.9
2025-11-22 09:27:35+00:00,55.343518,11.04031,633.5989704505782,RESOLUTE BAY,232005179,12.9
2025-11-22 09:27:35+00:00,55.343518,11.04031,633.5989704505782,RESOLUTE BAY,232005179,12.9
2025-11-22 09:27:35+00:00,55.343518,11.04031,633.5989704505782,RESOLUTE BAY,232005179,12.9
2025-11-22 09:27:35+00:00,55.343518,11.04031,633.5989704505782,RESOLUTE BAY,232005179,12.9
2025-11-22 09:27:39+00:00,55.212555,11.099612,15659.714263795166,DUSK,629009770,10.3
2025-11-22 09:27:39+00:00,55.212555,11.099612,15659.714263795166,DUSK,629009770,10.3
2025-11-22 09:27:40+00:00,55.349678,11.032237,137.64761049983332,ARC ENDEAVOR,366663000,12.2
2025-11-22 09:27:40+00:00,55.349678,11.032237,137.64761049983332,ARC ENDEAVOR,366663000,12.2
2025-11-22 09:27:40+00:00,55.349678,11.032237,137.64761049983332,ARC ENDEAVOR,366663000,12.2
2025-11-22 09:27:40+00:00,55.349678,11.032237,137.64761049983332,ARC ENDEAVOR,366663000,12.2
2025-11-22 09:27:40+00:00,55.349678,11.032237,137.64761049983332,ARC ENDEAVOR,366663000,12.2
2025-11-22 09:27:40+00:00,55.304612,11.037368,4839.177113374915,STAVFJORD,259888000,11.2
2025-11-22 09:27:40+00:00,55.304612,11.037368,4839.177113374915,STAVFJORD,259888000,11.2
2025-11-22 09:27:40+00:00,55.304612,11.037368,4839.177113374915,STAVFJORD,259888000,11.2
2025-11-22 09:27:40+00:00,55.304612,11.037368,4839.177113374915,STAVFJORD,259888000,11.2
2025-11-22 09:27:40+00:00,55.304612,11.037368,4839.177113374915,STAVFJORD,259888000,11.2
2025-11-22 09:27:42+00:00,55.285738,11.050832,7067.185971208535,TERN SEA,219814000,11.8
2025-11-22 09:27:42+00:00,55.285738,11.050832,7067.185971208535,TERN SEA,219814000,11.8
2025-11-22 09:27:42+00:00,55.285738,11.050832,7067.185971208535,TERN SEA,219814000,11.8
2025-11-22 09:27:42+00:00,55.285738,11.050832,7067.185971208535,TERN SEA,219814000,11.8
2025-11-22 09:27:45+00:00,55.212555,11.099612,15659.714263795166,DUSK,629009770,10.3
2025-11-22 09:27:45+00:00,55.344115,11.040288,568.0539189144305,RESOLUTE BAY,232005179,12.9
2025-11-22 09:27:45+00:00,55.344115,11.040288,568.0539189144305,RESOLUTE BAY,232005179,12.9
2025-11-22 09:27:45+00:00,55.344115,11.040288,568.0539189144305,RESOLUTE BAY,232005179,12.9
2025-11-22 09:27:45+00:00,55.344115,11.040288,568.0539189144305,RESOLUTE BAY,232005179,12.9
2025-11-22 09:27:45+00:00,55.344115,11.040288,568.0539189144305,RESOLUTE BAY,232005179,12.9
2025-11-22 09:27:45+00:00,55.344115,11.040288,568.0539189144305,RESOLUTE BAY,232005179,12.9
2025-11-22 09:27:50+00:00,55.304088,11.037787,4901.476237737865,STAVFJORD,259888000,11.2
2025-11-22 09:27:50+00:00,55.304088,11.037787,4901.476237737865,STAVFJORD,259888000,11.2
2025-11-22 09:27:50+00:00,55.304088,11.037787,4901.476237737865,STAVFJORD,259888000,11.2
2025-11-22 09:27:50+00:00,55.304088,11.037787,4901.476237737865,STAVFJORD,259888000,11.2
2025-11-22 09:27:51+00:00,55.349052,11.032217,69.4661660121912,ARC ENDEAVOR,366663000,12.3
2025-11-22 09:27:51+00:00,55.349052,11.032217,69.4661660121912,ARC ENDEAVOR,366663000,12.3
2025-11-22 09:27:51+00:00,55.349052,11.032217,69.4661660121912,ARC ENDEAVOR,366663000,12.3
2025-11-22 09:27:51+00:00,55.213075,11.0997,15603.93001894578,DUSK,629009770,10.4
2025-11-22 09:27:51+00:00,55.213075,11.0997,15603.93001894578,DUSK,629009770,10.4
2025-11-22 09:27:51+00:00,55.213075,11.0997,15603.93001894578,DUSK,629009770,10.4
2025-11-22 09:27:51+00:00,55.349052,11.032217,69.4661660121912,ARC ENDEAVOR,366663000,12.3
2025-11-22 09:27:52+00:00,55.285245,11.051247,7126.479143773568,TERN SEA,219814000,11.8
2025-11-22 09:27:52+00:00,55.285245,11.051247,7126.479143773568,TERN SEA,219814000,11.8
2025-11-22 09:27:52+00:00,55.285245,11.051247,7126.479143773568,TERN SEA,219814000,11.8
2025-11-22 09:27:52+00:00,55.285245,11.051247,7126.479143773568,TERN SEA,219814000,11.8
2025-11-22 09:27:56+00:00,55.34478,11.040263,495.11758817912175,RESOLUTE BAY,232005179,12.9
2025-11-22 09:27:56+00:00,55.34478,11.040263,495.11758817912175,RESOLUTE BAY,232005179,12.9
2025-11-22 09:27:56+00:00,55.34478,11.040263,495.11758817912175,RESOLUTE BAY,232005179,12.9
2025-11-22 09:27:56+00:00,55.34478,11.040263,495.11758817912175,RESOLUTE BAY,232005179,12.9
2025-11-22 09:27:56+00:00,55.34478,11.040263,495.11758817912175,RESOLUTE BAY,232005179,12.9
2025-11-22 09:27:59+00:00,55.303658,11.03813,4952.594567214126,STAVFJORD,259888000,11.2
2025-11-22 09:27:59+00:00,55.303658,11.03813,4952.594567214126,STAVFJORD,259888000,11.2
2025-11-22 09:27:59+00:00,55.303658,11.03813,4952.594567214126,STAVFJORD,259888000,11.2
2025-11-22 09:27:59+00:00,55.303658,11.03813,4952.594567214126,STAVFJORD,259888000,11.2
2025-11-22 09:27:59+00:00,55.303658,11.03813,4952.594567214126,STAVFJORD,259888000,11.2
2025-11-22 09:27:59+00:00,55.303658,11.03813,4952.594567214126,STAVFJORD,259888000,11.2
2025-11-22 09:28:01+00:00,55.348477,11.03218,7.042227982286818,ARC ENDEAVOR,366663000,12.3
2025-11-22 09:28:01+00:00,55.348477,11.03218,7.042227982286818,ARC ENDEAVOR,366663000,12.3
2025-11-22 09:28:01+00:00,55.348477,11.03218,7.042227982286818,ARC ENDEAVOR,366663000,12.3
2025-11-22 09:28:01+00:00,55.213555,11.099785,15552.498046649996,DUSK,629009770,10.4
2025-11-22 09:28:01+00:00,55.213555,11.099785,15552.498046649996,DUSK,629009770,10.4
2025-11-22 09:28:01+00:00,55.348477,11.03218,7.042227982286818,ARC ENDEAVOR,366663000,12.3
2025-11-22 09:28:03+00:00,55.284703,11.051705,7191.7207972674305,TERN SEA,219814000,11.8
2025-11-22 09:28:03+00:00,55.284703,11.051705,7191.7207972674305,TERN SEA,219814000,11.8
2025-11-22 09:28:03+00:00,55.284703,11.051705,7191.7207972674305,TERN SEA,219814000,11.8
2025-11-22 09:28:03+00:00,55.284703,11.051705,7191.7207972674305,TERN SEA,219814000,11.8
2025-11-22 09:28:03+00:00,55.284703,11.051705,7191.7207972674305,TERN SEA,219814000,11.8
2025-11-22 09:28:05+00:00,55.345323,11.040248,435.6750172109224,RESOLUTE BAY,232005179,12.9
2025-11-22 09:28:09+00:00,55.347962,11.032142,48.856645084010665,ARC ENDEAVOR,366663000,12.4
2025-11-22 09:28:09+00:00,55.347962,11.032142,48.856645084010665,ARC ENDEAVOR,366663000,12.4
2025-11-22 09:28:09+00:00,55.30318,11.038515,5009.486785088226,STAVFJORD,259888000,11.3
2025-11-22 09:28:09+00:00,55.347962,11.032142,48.856645084010665,ARC ENDEAVOR,366663000,12.4
2025-11-22 09:28:09+00:00,55.30318,11.038515,5009.486785088226,STAVFJORD,259888000,11.3
2025-11-22 09:28:09+00:00,55.30318,11.038515,5009.486785088226,STAVFJORD,259888000,11.3
2025-11-22 09:28:09+00:00,55.30318,11.038515,5009.486785088226,STAVFJORD,259888000,11.3
2025-11-22 09:28:11+00:00,55.214035,11.099868,15501.057087979825,DUSK,629009770,10.4
2025-11-22 09:28:11+00:00,55.214035,11.099868,15501.057087979825,DUSK,629009770,10.4
2025-11-22 09:28:12+00:00,55.284258,11.052078,7245.2675789771365,TERN SEA,219814000,11.8
2025-11-22 09:28:12+00:00,55.284258,11.052078,7245.2675789771365,TERN SEA,219814000,11.8
2025-11-22 09:28:12+00:00,55.284258,11.052078,7245.2675789771365,TERN SEA,219814000,11.8
2025-11-22 09:28:12+00:00,55.284258,11.052078,7245.2675789771365,TERN SEA,219814000,11.8
2025-11-22 09:28:15+00:00,55.345927,11.040237,369.9251423181768,RESOLUTE BAY,232005179,12.9
2025-11-22 09:28:15+00:00,55.345927,11.040237,369.9251423181768,RESOLUTE BAY,232005179,12.9
2025-11-22 09:28:15+00:00,55.345927,11.040237,369.9251423181768,RESOLUTE BAY,232005179,12.9
2025-11-22 09:28:15+00:00,55.345927,11.040237,369.9251423181768,RESOLUTE BAY,232005179,12.9
2025-11-22 09:28:15+00:00,55.345927,11.040237,369.9251423181768,RESOLUTE BAY,232005179,12.9
2025-11-22 09:28:20+00:00,55.302703,11.0389,5066.288107087189,STAVFJORD,259888000,11.3
2025-11-22 09:28:20+00:00,55.302703,11.0389,5066.288107087189,STAVFJORD,259888000,11.3
2025-11-22 09:28:20+00:00,55.302703,11.0389,5066.288107087189,STAVFJORD,259888000,11.3
2025-11-22 09:28:21+00:00,55.347263,11.032092,124.64747547640086,ARC ENDEAVOR,366663000,12.5
2025-11-22 09:28:21+00:00,55.347263,11.032092,124.64747547640086,ARC ENDEAVOR,366663000,12.5
2025-11-22 09:28:21+00:00,55.347263,11.032092,124.64747547640086,ARC ENDEAVOR,366663000,12.5
2025-11-22 09:28:21+00:00,55.347263,11.032092,124.64747547640086,ARC ENDEAVOR,366663000,12.5
2025-11-22 09:28:22+00:00,55.283763,11.052492,7304.841877196272,TERN SEA,219814000,11.8
2025-11-22 09:28:22+00:00,55.283763,11.052492,7304.841877196272,TERN SEA,219814000,11.8
2025-11-22 09:28:22+00:00,55.283763,11.052492,7304.841877196272,TERN SEA,219814000,11.8
2025-11-22 09:28:22+00:00,55.283763,11.052492,7304.841877196272,TERN SEA,219814000,11.8
2025-11-22 09:28:26+00:00,55.34659,11.040227,297.92917703747116,RESOLUTE BAY,232005179,12.9
2025-11-22 09:28:26+00:00,55.34659,11.040227,297.92917703747116,RESOLUTE BAY,232005179,12.9
2025-11-22 09:28:26+00:00,55.34659,11.040227,297.92917703747116,RESOLUTE BAY,232005179,12.9
2025-11-22 09:28:26+00:00,55.34659,11.040227,297.92917703747116,RESOLUTE BAY,232005179,12.9
2025-11-22 09:28:26+00:00,55.34659,11.040227,297.92917703747116,RESOLUTE BAY,232005179,12.9
2025-11-22 09:28:26+00:00,55.34659,11.040227,297.92917703747116,RESOLUTE BAY,232005179,12.9
2025-11-22 09:28:30+00:00,55.302225,11.03928,5123.143862599689,STAVFJORD,259888000,11.3
2025-11-22 09:28:30+00:00,55.302225,11.03928,5123.143862599689,STAVFJORD,259888000,11.3
2025-11-22 09:28:30+00:00,55.302225,11.03928,5123.143862599689,STAVFJORD,259888000,11.3
2025-11-22 09:28:30+00:00,55.302225,11.03928,5123.143862599689,STAVFJORD,259888000,11.3
2025-11-22 09:28:30+00:00,55.302225,11.03928,5123.143862599689,STAVFJORD,259888000,11.3
2025-11-22 09:28:30+00:00,55.214948,11.100013,15403.095931938098,DUSK,629009770,10.4
2025-11-22 09:28:30+00:00,55.214948,11.100013,15403.095931938098,DUSK,629009770,10.4
2025-11-22 09:28:31+00:00,55.346737,11.032062,181.73782988701248,ARC ENDEAVOR,366663000,12.6
2025-11-22 09:28:31+00:00,55.346737,11.032062,181.73782988701248,ARC ENDEAVOR,366663000,12.6
2025-11-22 09:28:31+00:00,55.346737,11.032062,181.73782988701248,ARC ENDEAVOR,366663000,12.6
2025-11-22 09:28:31+00:00,55.346737,11.032062,181.73782988701248,ARC ENDEAVOR,366663000,12.6
2025-11-22 09:28:31+00:00,55.346737,11.032062,181.73782988701248,ARC ENDEAVOR,366663000,12.6
2025-11-22 09:28:31+00:00,55.346737,11.032062,181.73782988701248,ARC ENDEAVOR,366663000,12.6
2025-11-22 09:28:32+00:00,55.28327,11.052907,7364.237901836988,TERN SEA,219814000,11.8
2025-11-22 09:28:32+00:00,55.28327,11.052907,7364.237901836988,TERN SEA,219814000,11.8
2025-11-22 09:28:32+00:00,55.28327,11.052907,7364.237901836988,TERN SEA,219814000,11.8
2025-11-22 09:28:35+00:00,55.347135,11.04022,239.12910453972341,RESOLUTE BAY,232005179,13.0
2025-11-22 09:28:35+00:00,55.347135,11.04022,239.12910453972341,RESOLUTE BAY,232005179,13.0
2025-11-22 09:28:35+00:00,55.347135,11.04022,239.12910453972341,RESOLUTE BAY,232005179,13.0
2025-11-22 09:28:35+00:00,55.347135,11.04022,239.12910453972341,RESOLUTE BAY,232005179,13.0
2025-11-22 09:28:35+00:00,55.347135,11.04022,239.12910453972341,RESOLUTE BAY,232005179,13.0
2025-11-22 09:28:35+00:00,55.347135,11.04022,239.12910453972341,RESOLUTE BAY,232005179,13.0
2025-11-22 09:28:39+00:00,55.215382,11.100083,15356.561473852787,DUSK,629009770,10.4
2025-11-22 09:28:39+00:00,55.301743,11.039658,5180.437227987947,STAVFJORD,259888000,11.3
2025-11-22 09:28:39+00:00,55.301743,11.039658,5180.437227987947,STAVFJORD,259888000,11.3
2025-11-22 09:28:39+00:00,55.215382,11.100083,15356.561473852787,DUSK,629009770,10.4
2025-11-22 09:28:39+00:00,55.301743,11.039658,5180.437227987947,STAVFJORD,259888000,11.3
2025-11-22 09:28:39+00:00,55.301743,11.039658,5180.437227987947,STAVFJORD,259888000,11.3
2025-11-22 09:28:39+00:00,55.301743,11.039658,5180.437227987947,STAVFJORD,259888000,11.3
2025-11-22 09:28:39+00:00,55.301743,11.039658,5180.437227987947,STAVFJORD,259888000,11.3
2025-11-22 09:28:40+00:00,55.346212,11.032033,238.6008306449455,ARC ENDEAVOR,366663000,12.6
2025-11-22 09:28:40+00:00,55.346212,11.032033,238.6008306449455,ARC ENDEAVOR,366663000,12.6
2025-11-22 09:28:40+00:00,55.346212,11.032033,238.6008306449455,ARC ENDEAVOR,366663000,12.6
2025-11-22 09:28:40+00:00,55.346212,11.032033,238.6008306449455,ARC ENDEAVOR,366663000,12.6
2025-11-22 09:28:40+00:00,55.346212,11.032033,238.6008306449455,ARC ENDEAVOR,366663000,12.6
2025-11-22 09:28:41+00:00,55.282825,11.053285,7417.9207510261285,TERN SEA,219814000,11.8
2025-11-22 09:28:41+00:00,55.282825,11.053285,7417.9207510261285,TERN SEA,219814000,11.8
2025-11-22 09:28:41+00:00,55.282825,11.053285,7417.9207510261285,TERN SEA,219814000,11.8
2025-11-22 09:28:41+00:00,55.282825,11.053285,7417.9207510261285,TERN SEA,219814000,11.8
2025-11-22 09:28:46+00:00,55.3478,11.040215,167.56530238012328,RESOLUTE BAY,232005179,13.0
2025-11-22 09:28:46+00:00,55.3478,11.040215,167.56530238012328,RESOLUTE BAY,232005179,13.0
2025-11-22 09:28:46+00:00,55.3478,11.040215,167.56530238012328,RESOLUTE BAY,232005179,13.0
2025-11-22 09:28:46+00:00,55.3478,11.040215,167.56530238012328,RESOLUTE BAY,232005179,13.0
2025-11-22 09:28:46+00:00,55.3478,11.040215,167.56530238012328,RESOLUTE BAY,232005179,13.0
2025-11-22 09:28:50+00:00,55.301218,11.040072,5242.857925869653,STAVFJORD,259888000,11.3
2025-11-22 09:28:50+00:00,55.301218,11.040072,5242.857925869653,STAVFJORD,259888000,11.3
2025-11-22 09:28:50+00:00,55.301218,11.040072,5242.857925869653,STAVFJORD,259888000,11.3
2025-11-22 09:28:50+00:00,55.301218,11.040072,5242.857925869653,STAVFJORD,259888000,11.3
2025-11-22 09:28:50+00:00,55.301218,11.040072,5242.857925869653,STAVFJORD,259888000,11.3
2025-11-22 09:28:51+00:00,55.345567,11.032002,307.3577208276064,ARC ENDEAVOR,366663000,12.6
2025-11-22 09:28:51+00:00,55.345567,11.032002,307.3577208276064,ARC ENDEAVOR,366663000,12.6
2025-11-22 09:28:51+00:00,55.345567,11.032002,307.3577208276064,ARC ENDEAVOR,366663000,12.6
2025-11-22 09:28:51+00:00,55.345567,11.032002,307.3577208276064,ARC ENDEAVOR,366663000,12.6
2025-11-22 09:28:51+00:00,55.215967,11.100183,15293.926231285206,DUSK,629009770,10.5
2025-11-22 09:28:51+00:00,55.215967,11.100183,15293.926231285206,DUSK,629009770,10.5
2025-11-22 09:28:51+00:00,55.215967,11.100183,15293.926231285206,DUSK,629009770,10.5
2025-11-22 09:28:51+00:00,55.345567,11.032002,307.3577208276064,ARC ENDEAVOR,366663000,12.6
2025-11-22 09:28:52+00:00,55.282235,11.05378,7488.789970198108,TERN SEA,219814000,11.8
2025-11-22 09:28:52+00:00,55.282235,11.05378,7488.789970198108,TERN SEA,219814000,11.8
2025-11-22 09:28:52+00:00,55.282235,11.05378,7488.789970198108,TERN SEA,219814000,11.8
2025-11-22 09:28:52+00:00,55.282235,11.05378,7488.789970198108,TERN SEA,219814000,11.8
2025-11-22 09:28:56+00:00,55.348402,11.040207,102.3099117414767,RESOLUTE BAY,232005179,13.0
2025-11-22 09:28:56+00:00,55.348402,11.040207,102.3099117414767,RESOLUTE BAY,232005179,13.0
2025-11-22 09:28:56+00:00,55.348402,11.040207,102.3099117414767,RESOLUTE BAY,232005179,13.0
2025-11-22 09:28:56+00:00,55.348402,11.040207,102.3099117414767,RESOLUTE BAY,232005179,13.0
2025-11-22 09:28:56+00:00,55.348402,11.040207,102.3099117414767,RESOLUTE BAY,232005179,13.0
2025-11-22 09:28:56+00:00,55.348402,11.040207,102.3099117414767,RESOLUTE BAY,232005179,13.0
2025-11-22 09:28:59+00:00,55.300787,11.04041,5294.069443834004,STAVFJORD,259888000,11.3
2025-11-22 09:28:59+00:00,55.300787,11.04041,5294.069443834004,STAVFJORD,259888000,11.3
2025-11-22 09:28:59+00:00,55.300787,11.04041,5294.069443834004,STAVFJORD,259888000,11.3
2025-11-22 09:28:59+00:00,55.300787,11.04041,5294.069443834004,STAVFJORD,259888000,11.3
2025-11-22 09:28:59+00:00,55.300787,11.04041,5294.069443834004,STAVFJORD,259888000,11.3
2025-11-22 09:28:59+00:00,55.300787,11.04041,5294.069443834004,STAVFJORD,259888000,11.3
2025-11-22 09:29:01+00:00,55.344982,11.03197,369.3114419705949,ARC ENDEAVOR,366663000,12.6
2025-11-22 09:29:01+00:00,55.344982,11.03197,369.3114419705949,ARC ENDEAVOR,366663000,12.6
2025-11-22 09:29:01+00:00,55.344982,11.03197,369.3114419705949,ARC ENDEAVOR,366663000,12.6
2025-11-22 09:29:01+00:00,55.216447,11.100265,15242.55011290662,DUSK,629009770,10.5
2025-11-22 09:29:01+00:00,55.216447,11.100265,15242.55011290662,DUSK,629009770,10.5
2025-11-22 09:29:01+00:00,55.344982,11.03197,369.3114419705949,ARC ENDEAVOR,366663000,12.6
2025-11-22 09:29:03+00:00,55.281743,11.054195,7547.7813663027455,TERN SEA,219814000,11.8
2025-11-22 09:29:03+00:00,55.281743,11.054195,7547.7813663027455,TERN SEA,219814000,11.8
2025-11-22 09:29:03+00:00,55.281743,11.054195,7547.7813663027455,TERN SEA,219814000,11.8
2025-11-22 09:29:03+00:00,55.281743,11.054195,7547.7813663027455,TERN SEA,219814000,11.8
2025-11-22 09:29:03+00:00,55.281743,11.054195,7547.7813663027455,TERN SEA,219814000,11.8
2025-11-22 09:29:05+00:00,55.348947,11.040197,42.883544505576765,RESOLUTE BAY,232005179,13.0
2025-11-22 09:29:05+00:00,55.348947,11.040197,42.883544505576765,RESOLUTE BAY,232005179,13.0
2025-11-22 09:29:05+00:00,55.348947,11.040197,42.883544505576765,RESOLUTE BAY,232005179,13.0
2025-11-22 09:29:09+00:00,55.300305,11.040788,5351.346629678711,STAVFJORD,259888000,11.3
2025-11-22 09:29:09+00:00,55.300305,11.040788,5351.346629678711,STAVFJORD,259888000,11.3
2025-11-22 09:29:09+00:00,55.300305,11.040788,5351.346629678711,STAVFJORD,259888000,11.3
2025-11-22 09:29:09+00:00,55.344452,11.031943,425.8087112971698,ARC ENDEAVOR,366663000,12.7
2025-11-22 09:29:09+00:00,55.344452,11.031943,425.8087112971698,ARC ENDEAVOR,366663000,12.7
2025-11-22 09:29:09+00:00,55.344452,11.031943,425.8087112971698,ARC ENDEAVOR,366663000,12.7
2025-11-22 09:29:11+00:00,55.216925,11.100347,15191.408237874964,DUSK,629009770,10.5
2025-11-22 09:29:11+00:00,55.216925,11.100347,15191.408237874964,DUSK,629009770,10.5
2025-11-22 09:29:12+00:00,55.2813,11.054563,7600.847667612552,TERN SEA,219814000,11.8
2025-11-22 09:29:12+00:00,55.2813,11.054563,7600.847667612552,TERN SEA,219814000,11.8
2025-11-22 09:29:12+00:00,55.2813,11.054563,7600.847667612552,TERN SEA,219814000,11.8
2025-11-22 09:29:12+00:00,55.2813,11.054563,7600.847667612552,TERN SEA,219814000,11.8
2025-11-22 09:29:12+00:00,55.2813,11.054563,7600.847667612552,TERN SEA,219814000,11.8
2025-11-22 09:29:15+00:00,55.34955,11.040183,23.13236544483726,RESOLUTE BAY,232005179,13.0
2025-11-22 09:29:15+00:00,55.34955,11.040183,23.13236544483726,RESOLUTE BAY,232005179,13.0
2025-11-22 09:29:15+00:00,55.34955,11.040183,23.13236544483726,RESOLUTE BAY,232005179,13.0
2025-11-22 09:29:15+00:00,55.34955,11.040183,23.13236544483726,RESOLUTE BAY,232005179,13.0
2025-11-22 09:29:15+00:00,55.34955,11.040183,23.13236544483726,RESOLUTE BAY,232005179,13.0
2025-11-22 09:29:15+00:00,55.34955,11.040183,23.13236544483726,RESOLUTE BAY,232005179,13.0
2025-11-22 09:29:20+00:00,55.343798,11.031913,496.05320638639796,ARC ENDEAVOR,366663000,12.7
2025-11-22 09:29:20+00:00,55.343798,11.031913,496.05320638639796,ARC ENDEAVOR,366663000,12.7
2025-11-22 09:29:20+00:00,55.343798,11.031913,496.05320638639796,ARC ENDEAVOR,366663000,12.7
2025-11-22 09:29:20+00:00,55.343798,11.031913,496.05320638639796,ARC ENDEAVOR,366663000,12.7
2025-11-22 09:29:20+00:00,55.343798,11.031913,496.05320638639796,ARC ENDEAVOR,366663000,12.7
2025-11-22 09:29:20+00:00,55.343798,11.031913,496.05320638639796,ARC ENDEAVOR,366663000,12.7
2025-11-22 09:29:20+00:00,55.21736,11.100428,15144.961515440687,DUSK,629009770,10.5
2025-11-22 09:29:20+00:00,55.299822,11.041165,5408.724028487787,STAVFJORD,259888000,11.3
2025-11-22 09:29:20+00:00,55.21736,11.100428,15144.961515440687,DUSK,629009770,10.5
2025-11-22 09:29:20+00:00,55.299822,11.041165,5408.724028487787,STAVFJORD,259888000,11.3
2025-11-22 09:29:20+00:00,55.299822,11.041165,5408.724028487787,STAVFJORD,259888000,11.3
2025-11-22 09:29:22+00:00,55.280805,11.05498,7660.2438029990635,TERN SEA,219814000,11.8
2025-11-22 09:29:22+00:00,55.280805,11.05498,7660.2438029990635,TERN SEA,219814000,11.8
2025-11-22 09:29:22+00:00,55.280805,11.05498,7660.2438029990635,TERN SEA,219814000,11.8
2025-11-22 09:29:22+00:00,55.280805,11.05498,7660.2438029990635,TERN SEA,219814000,11.8
2025-11-22 09:29:22+00:00,55.280805,11.05498,7660.2438029990635,TERN SEA,219814000,11.8
2025-11-22 09:29:26+00:00,55.350218,11.04017,96.28181745070272,RESOLUTE BAY,232005179,13.0
2025-11-22 09:29:26+00:00,55.350218,11.04017,96.28181745070272,RESOLUTE BAY,232005179,13.0
2025-11-22 09:29:26+00:00,55.350218,11.04017,96.28181745070272,RESOLUTE BAY,232005179,13.0
2025-11-22 09:29:26+00:00,55.350218,11.04017,96.28181745070272,RESOLUTE BAY,232005179,13.0
2025-11-22 09:29:26+00:00,55.350218,11.04017,96.28181745070272,RESOLUTE BAY,232005179,13.0
2025-11-22 09:29:26+00:00,55.350218,11.04017,96.28181745070272,RESOLUTE BAY,232005179,13.0
2025-11-22 09:29:30+00:00,55.299338,11.041543,5466.226053353604,STAVFJORD,259888000,11.3
2025-11-22 09:29:30+00:00,55.217845,11.100528,15093.31592501705,DUSK,629009770,10.5
2025-11-22 09:29:30+00:00,55.217845,11.100528,15093.31592501705,DUSK,629009770,10.5
2025-11-22 09:29:30+00:00,55.299338,11.041543,5466.226053353604,STAVFJORD,259888000,11.3
2025-11-22 09:29:30+00:00,55.299338,11.041543,5466.226053353604,STAVFJORD,259888000,11.3
2025-11-22 09:29:30+00:00,55.299338,11.041543,5466.226053353604,STAVFJORD,259888000,11.3
2025-11-22 09:29:30+00:00,55.299338,11.041543,5466.226053353604,STAVFJORD,259888000,11.3
2025-11-22 09:29:30+00:00,55.299338,11.041543,5466.226053353604,STAVFJORD,259888000,11.3
2025-11-22 09:29:31+00:00,55.343205,11.031892,560.3009655759704,ARC ENDEAVOR,366663000,12.7
2025-11-22 09:29:31+00:00,55.343205,11.031892,560.3009655759704,ARC ENDEAVOR,366663000,12.7
2025-11-22 09:29:31+00:00,55.343205,11.031892,560.3009655759704,ARC ENDEAVOR,366663000,12.7
2025-11-22 09:29:31+00:00,55.343205,11.031892,560.3009655759704,ARC ENDEAVOR,366663000,12.7
2025-11-22 09:29:31+00:00,55.343205,11.031892,560.3009655759704,ARC ENDEAVOR,366663000,12.7
2025-11-22 09:29:31+00:00,55.343205,11.031892,560.3009655759704,ARC ENDEAVOR,366663000,12.7
2025-11-22 09:29:32+00:00,55.280362,11.055357,7713.457193921388,TERN SEA,219814000,11.8
2025-11-22 09:29:32+00:00,55.280362,11.055357,7713.457193921388,TERN SEA,219814000,11.8
2025-11-22 09:29:32+00:00,55.280362,11.055357,7713.457193921388,TERN SEA,219814000,11.8
2025-11-22 09:29:32+00:00,55.280362,11.055357,7713.457193921388,TERN SEA,219814000,11.8
2025-11-22 09:29:35+00:00,55.350762,11.04016,155.88793126776764,RESOLUTE BAY,232005179,13.0
2025-11-22 09:29:35+00:00,55.350762,11.04016,155.88793126776764,RESOLUTE BAY,232005179,13.0
2025-11-22 09:29:35+00:00,55.350762,11.04016,155.88793126776764,RESOLUTE BAY,232005179,13.0
2025-11-22 09:29:35+00:00,55.350762,11.04016,155.88793126776764,RESOLUTE BAY,232005179,13.0
2025-11-22 09:29:35+00:00,55.350762,11.04016,155.88793126776764,RESOLUTE BAY,232005179,13.0
2025-11-22 09:29:35+00:00,55.350762,11.04016,155.88793126776764,RESOLUTE BAY,232005179,13.0
2025-11-22 09:29:39+00:00,55.218277,11.100615,15047.303730480164,DUSK,629009770,10.6
2025-11-22 09:29:39+00:00,55.218277,11.100615,15047.303730480164,DUSK,629009770,10.6
2025-11-22 09:29:39+00:00,55.298907,11.04188,5517.417832952778,STAVFJORD,259888000,11.3
2025-11-22 09:29:39+00:00,55.218277,11.100615,15047.303730480164,DUSK,629009770,10.6
2025-11-22 09:29:39+00:00,55.298907,11.04188,5517.417832952778,STAVFJORD,259888000,11.3
2025-11-22 09:29:39+00:00,55.298907,11.04188,5517.417832952778,STAVFJORD,259888000,11.3
2025-11-22 09:29:39+00:00,55.298907,11.04188,5517.417832952778,STAVFJORD,259888000,11.3
2025-11-22 09:29:41+00:00,55.279868,11.055777,7772.802854542821,TERN SEA,219814000,11.8
2025-11-22 09:29:41+00:00,55.279868,11.055777,7772.802854542821,TERN SEA,219814000,11.8
2025-11-22 09:29:41+00:00,55.279868,11.055777,7772.802854542821,TERN SEA,219814000,11.8
2025-11-22 09:29:41+00:00,55.279868,11.055777,7772.802854542821,TERN SEA,219814000,11.8
2025-11-22 09:29:41+00:00,55.279868,11.055777,7772.802854542821,TERN SEA,219814000,11.8
2025-11-22 09:29:41+00:00,55.34261,11.031875,624.887287043498,ARC ENDEAVOR,366663000,12.8
2025-11-22 09:29:41+00:00,55.34261,11.031875,624.887287043498,ARC ENDEAVOR,366663000,12.8
2025-11-22 09:29:41+00:00,55.34261,11.031875,624.887287043498,ARC ENDEAVOR,366663000,12.8
2025-11-22 09:29:41+00:00,55.34261,11.031875,624.887287043498,ARC ENDEAVOR,366663000,12.8
2025-11-22 09:29:41+00:00,55.34261,11.031875,624.887287043498,ARC ENDEAVOR,366663000,12.8
2025-11-22 09:29:46+00:00,55.351428,11.040152,228.83571883047907,RESOLUTE BAY,232005179,13.0
2025-11-22 09:29:46+00:00,55.351428,11.040152,228.83571883047907,RESOLUTE BAY,232005179,13.0
2025-11-22 09:29:46+00:00,55.351428,11.040152,228.83571883047907,RESOLUTE BAY,232005179,13.0
2025-11-22 09:29:46+00:00,55.351428,11.040152,228.83571883047907,RESOLUTE BAY,232005179,13.0
2025-11-22 09:29:46+00:00,55.351428,11.040152,228.83571883047907,RESOLUTE BAY,232005179,13.0
2025-11-22 09:29:50+00:00,55.298328,11.042327,5586.030443821556,STAVFJORD,259888000,11.3
2025-11-22 09:29:50+00:00,55.298328,11.042327,5586.030443821556,STAVFJORD,259888000,11.3
2025-11-22 09:29:50+00:00,55.298328,11.042327,5586.030443821556,STAVFJORD,259888000,11.3
2025-11-22 09:29:50+00:00,55.298328,11.042327,5586.030443821556,STAVFJORD,259888000,11.3
2025-11-22 09:29:50+00:00,55.298328,11.042327,5586.030443821556,STAVFJORD,259888000,11.3
2025-11-22 09:29:50+00:00,55.298328,11.042327,5586.030443821556,STAVFJORD,259888000,11.3
2025-11-22 09:29:51+00:00,55.218862,11.100718,14984.829219875633,DUSK,629009770,10.6
2025-11-22 09:29:51+00:00,55.218862,11.100718,14984.829219875633,DUSK,629009770,10.6
2025-11-22 09:29:51+00:00,55.218862,11.100718,14984.829219875633,DUSK,629009770,10.6
2025-11-22 09:29:51+00:00,55.342033,11.031845,687.5606697907942,ARC ENDEAVOR,366663000,12.9
2025-11-22 09:29:51+00:00,55.342033,11.031845,687.5606697907942,ARC ENDEAVOR,366663000,12.9
2025-11-22 09:29:51+00:00,55.342033,11.031845,687.5606697907942,ARC ENDEAVOR,366663000,12.9
2025-11-22 09:29:51+00:00,55.342033,11.031845,687.5606697907942,ARC ENDEAVOR,366663000,12.9
2025-11-22 09:29:51+00:00,55.342033,11.031845,687.5606697907942,ARC ENDEAVOR,366663000,12.9
2025-11-22 09:29:52+00:00,55.279325,11.056237,7838.044309134499,TERN SEA,219814000,11.8
2025-11-22 09:29:52+00:00,55.279325,11.056237,7838.044309134499,TERN SEA,219814000,11.8
2025-11-22 09:29:52+00:00,55.279325,11.056237,7838.044309134499,TERN SEA,219814000,11.8
2025-11-22 09:29:52+00:00,55.279325,11.056237,7838.044309134499,TERN SEA,219814000,11.8
2025-11-22 09:29:56+00:00,55.352032,11.040147,294.96989483421663,RESOLUTE BAY,232005179,13.0
2025-11-22 09:29:56+00:00,55.352032,11.040147,294.96989483421663,RESOLUTE BAY,232005179,13.0
2025-11-22 09:29:56+00:00,55.352032,11.040147,294.96989483421663,RESOLUTE BAY,232005179,13.0
2025-11-22 09:29:56+00:00,55.352032,11.040147,294.96989483421663,RESOLUTE BAY,232005179,13.0
2025-11-22 09:29:59+00:00,55.297895,11.042668,5637.406344289846,STAVFJORD,259888000,11.3
2025-11-22 09:29:59+00:00,55.297895,11.042668,5637.406344289846,STAVFJORD,259888000,11.3
2025-11-22 09:29:59+00:00,55.297895,11.042668,5637.406344289846,STAVFJORD,259888000,11.3
2025-11-22 09:29:59+00:00,55.297895,11.042668,5637.406344289846,STAVFJORD,259888000,11.3
2025-11-22 09:29:59+00:00,55.297895,11.042668,5637.406344289846,STAVFJORD,259888000,11.3
2025-11-22 09:29:59+00:00,55.297895,11.042668,5637.406344289846,STAVFJORD,259888000,11.3
2025-11-22 09:30:01+00:00,55.341547,11.031835,740.6002744341318,ARC ENDEAVOR,366663000,12.7
2025-11-22 09:30:01+00:00,55.341547,11.031835,740.6002744341318,ARC ENDEAVOR,366663000,12.7
2025-11-22 09:30:01+00:00,55.341547,11.031835,740.6002744341318,ARC ENDEAVOR,366663000,12.7
2025-11-22 09:30:01+00:00,55.219343,11.100758,14932.903389186731,DUSK,629009770,10.5
2025-11-22 09:30:01+00:00,55.219343,11.100758,14932.903389186731,DUSK,629009770,10.5
2025-11-22 09:30:01+00:00,55.219343,11.100758,14932.903389186731,DUSK,629009770,10.5
2025-11-22 09:30:01+00:00,55.341547,11.031835,740.6002744341318,ARC ENDEAVOR,366663000,12.7
2025-11-22 09:30:01+00:00,55.341547,11.031835,740.6002744341318,ARC ENDEAVOR,366663000,12.7
2025-11-22 09:30:03+00:00,55.278783,11.056695,7903.1818488220415,TERN SEA,219814000,11.8
2025-11-22 09:30:03+00:00,55.278783,11.056695,7903.1818488220415,TERN SEA,219814000,11.8
2025-11-22 09:30:03+00:00,55.278783,11.056695,7903.1818488220415,TERN SEA,219814000,11.8
2025-11-22 09:30:03+00:00,55.278783,11.056695,7903.1818488220415,TERN SEA,219814000,11.8
2025-11-22 09:30:05+00:00,55.352578,11.040147,354.67257587404606,RESOLUTE BAY,232005179,13.0
2025-11-22 09:30:05+00:00,55.352578,11.040147,354.67257587404606,RESOLUTE BAY,232005179,13.0
2025-11-22 09:30:09+00:00,55.297413,11.043043,5694.557355527197,STAVFJORD,259888000,11.3
2025-11-22 09:30:09+00:00,55.297413,11.043043,5694.557355527197,STAVFJORD,259888000,11.3
2025-11-22 09:30:09+00:00,55.297413,11.043043,5694.557355527197,STAVFJORD,259888000,11.3
2025-11-22 09:30:09+00:00,55.297413,11.043043,5694.557355527197,STAVFJORD,259888000,11.3
2025-11-22 09:30:10+00:00,55.340945,11.031813,806.1899313858374,ARC ENDEAVOR,366663000,12.9
2025-11-22 09:30:10+00:00,55.340945,11.031813,806.1899313858374,ARC ENDEAVOR,366663000,12.9
2025-11-22 09:30:10+00:00,55.340945,11.031813,806.1899313858374,ARC ENDEAVOR,366663000,12.9
2025-11-22 09:30:10+00:00,55.340945,11.031813,806.1899313858374,ARC ENDEAVOR,366663000,12.9
2025-11-22 09:30:10+00:00,55.340945,11.031813,806.1899313858374,ARC ENDEAVOR,366663000,12.9
2025-11-22 09:30:10+00:00,55.340945,11.031813,806.1899313858374,ARC ENDEAVOR,366663000,12.9
2025-11-22 09:30:11+00:00,55.219825,11.100773,14880.556531686385,DUSK,629009770,10.5
2025-11-22 09:30:11+00:00,55.219825,11.100773,14880.556531686385,DUSK,629009770,10.5
2025-11-22 09:30:12+00:00,55.27834,11.05707,7956.453392007337,TERN SEA,219814000,11.8
2025-11-22 09:30:12+00:00,55.27834,11.05707,7956.453392007337,TERN SEA,219814000,11.8
2025-11-22 09:30:12+00:00,55.27834,11.05707,7956.453392007337,TERN SEA,219814000,11.8
2025-11-22 09:30:12+00:00,55.27834,11.05707,7956.453392007337,TERN SEA,219814000,11.8
2025-11-22 09:30:15+00:00,55.353182,11.040147,420.6691624053075,RESOLUTE BAY,232005179,13.0
2025-11-22 09:30:15+00:00,55.353182,11.040147,420.6691624053075,RESOLUTE BAY,232005179,13.0
2025-11-22 09:30:15+00:00,55.353182,11.040147,420.6691624053075,RESOLUTE BAY,232005179,13.0
2025-11-22 09:30:15+00:00,55.353182,11.040147,420.6691624053075,RESOLUTE BAY,232005179,13.0
2025-11-22 09:30:15+00:00,55.353182,11.040147,420.6691624053075,RESOLUTE BAY,232005179,13.0
2025-11-22 09:30:20+00:00,55.34025,11.031798,882.0144021900883,ARC ENDEAVOR,366663000,12.9
2025-11-22 09:30:20+00:00,55.34025,11.031798,882.0144021900883,ARC ENDEAVOR,366663000,12.9
2025-11-22 09:30:20+00:00,55.34025,11.031798,882.0144021900883,ARC ENDEAVOR,366663000,12.9
2025-11-22 09:30:20+00:00,55.34025,11.031798,882.0144021900883,ARC ENDEAVOR,366663000,12.9
2025-11-22 09:30:20+00:00,55.34025,11.031798,882.0144021900883,ARC ENDEAVOR,366663000,12.9
2025-11-22 09:30:20+00:00,55.34025,11.031798,882.0144021900883,ARC ENDEAVOR,366663000,12.9
2025-11-22 09:30:20+00:00,55.220257,11.100795,14833.759096106936,DUSK,629009770,10.5
2025-11-22 09:30:20+00:00,55.220257,11.100795,14833.759096106936,DUSK,629009770,10.5
2025-11-22 09:30:20+00:00,55.220257,11.100795,14833.759096106936,DUSK,629009770,10.5
2025-11-22 09:30:20+00:00,55.296935,11.043425,5751.356996216597,STAVFJORD,259888000,11.3
2025-11-22 09:30:20+00:00,55.296935,11.043425,5751.356996216597,STAVFJORD,259888000,11.3
2025-11-22 09:30:20+00:00,55.296935,11.043425,5751.356996216597,STAVFJORD,259888000,11.3
2025-11-22 09:30:20+00:00,55.296935,11.043425,5751.356996216597,STAVFJORD,259888000,11.3
2025-11-22 09:30:20+00:00,55.296935,11.043425,5751.356996216597,STAVFJORD,259888000,11.3
2025-11-22 09:30:20+00:00,55.296935,11.043425,5751.356996216597,STAVFJORD,259888000,11.3
2025-11-22 09:30:22+00:00,55.277847,11.057488,8015.770598642456,TERN SEA,219814000,11.8
2025-11-22 09:30:22+00:00,55.277847,11.057488,8015.770598642456,TERN SEA,219814000,11.8
2025-11-22 09:30:22+00:00,55.277847,11.057488,8015.770598642456,TERN SEA,219814000,11.8
2025-11-22 09:30:22+00:00,55.277847,11.057488,8015.770598642456,TERN SEA,219814000,11.8
2025-11-22 09:30:22+00:00,55.277847,11.057488,8015.770598642456,TERN SEA,219814000,11.8
2025-11-22 09:30:26+00:00,55.353845,11.040157,492.93525473843926,RESOLUTE BAY,232005179,13.0
2025-11-22 09:30:26+00:00,55.353845,11.040157,492.93525473843926,RESOLUTE BAY,232005179,13.0
2025-11-22 09:30:26+00:00,55.353845,11.040157,492.93525473843926,RESOLUTE BAY,232005179,13.0
2025-11-22 09:30:26+00:00,55.353845,11.040157,492.93525473843926,RESOLUTE BAY,232005179,13.0
2025-11-22 09:30:26+00:00,55.353845,11.040157,492.93525473843926,RESOLUTE BAY,232005179,13.0
2025-11-22 09:30:26+00:00,55.353845,11.040157,492.93525473843926,RESOLUTE BAY,232005179,13.0
2025-11-22 09:30:30+00:00,55.29645,11.043802,5808.8890460136345,STAVFJORD,259888000,11.3
2025-11-22 09:30:30+00:00,55.29645,11.043802,5808.8890460136345,STAVFJORD,259888000,11.3
2025-11-22 09:30:30+00:00,55.29645,11.043802,5808.8890460136345,STAVFJORD,259888000,11.3
2025-11-22 09:30:30+00:00,55.29645,11.043802,5808.8890460136345,STAVFJORD,259888000,11.3
2025-11-22 09:30:30+00:00,55.29645,11.043802,5808.8890460136345,STAVFJORD,259888000,11.3
2025-11-22 09:30:31+00:00,55.33964,11.03177,948.3468988271959,ARC ENDEAVOR,366663000,12.9
2025-11-22 09:30:31+00:00,55.33964,11.03177,948.3468988271959,ARC ENDEAVOR,366663000,12.9
2025-11-22 09:30:31+00:00,55.33964,11.03177,948.3468988271959,ARC ENDEAVOR,366663000,12.9
2025-11-22 09:30:31+00:00,55.33964,11.03177,948.3468988271959,ARC ENDEAVOR,366663000,12.9
2025-11-22 09:30:31+00:00,55.33964,11.03177,948.3468988271959,ARC ENDEAVOR,366663000,12.9
2025-11-22 09:30:31+00:00,55.33964,11.03177,948.3468988271959,ARC ENDEAVOR,366663000,12.9
2025-11-22 09:30:32+00:00,55.277355,11.057908,8075.031531074264,TERN SEA,219814000,11.8
2025-11-22 09:30:32+00:00,55.277355,11.057908,8075.031531074264,TERN SEA,219814000,11.8
2025-11-22 09:30:32+00:00,55.277355,11.057908,8075.031531074264,TERN SEA,219814000,11.8
2025-11-22 09:30:32+00:00,55.277355,11.057908,8075.031531074264,TERN SEA,219814000,11.8
2025-11-22 09:30:35+00:00,55.354385,11.040162,551.8080017537313,RESOLUTE BAY,232005179,13.0
2025-11-22 09:30:35+00:00,55.354385,11.040162,551.8080017537313,RESOLUTE BAY,232005179,13.0
2025-11-22 09:30:35+00:00,55.354385,11.040162,551.8080017537313,RESOLUTE BAY,232005179,13.0
2025-11-22 09:30:35+00:00,55.354385,11.040162,551.8080017537313,RESOLUTE BAY,232005179,13.0
2025-11-22 09:30:39+00:00,55.22118,11.100863,14734.07643574007,DUSK,629009770,10.6
2025-11-22 09:30:39+00:00,55.22118,11.100863,14734.07643574007,DUSK,629009770,10.6
2025-11-22 09:30:39+00:00,55.296013,11.044145,5860.793515521629,STAVFJORD,259888000,11.3
2025-11-22 09:30:39+00:00,55.296013,11.044145,5860.793515521629,STAVFJORD,259888000,11.3
2025-11-22 09:30:39+00:00,55.296013,11.044145,5860.793515521629,STAVFJORD,259888000,11.3
2025-11-22 09:30:39+00:00,55.296013,11.044145,5860.793515521629,STAVFJORD,259888000,11.3
2025-11-22 09:30:39+00:00,55.296013,11.044145,5860.793515521629,STAVFJORD,259888000,11.3
2025-11-22 09:30:41+00:00,55.276913,11.05828,8128.216926770788,TERN SEA,219814000,11.8
2025-11-22 09:30:41+00:00,55.276913,11.05828,8128.216926770788,TERN SEA,219814000,11.8
2025-11-22 09:30:41+00:00,55.276913,11.05828,8128.216926770788,TERN SEA,219814000,11.8
2025-11-22 09:30:41+00:00,55.276913,11.05828,8128.216926770788,TERN SEA,219814000,11.8
2025-11-22 09:30:41+00:00,55.339028,11.031743,1014.9571442295177,ARC ENDEAVOR,366663000,12.9
2025-11-22 09:30:41+00:00,55.339028,11.031743,1014.9571442295177,ARC ENDEAVOR,366663000,12.9
2025-11-22 09:30:41+00:00,55.339028,11.031743,1014.9571442295177,ARC ENDEAVOR,366663000,12.9
2025-11-22 09:30:41+00:00,55.339028,11.031743,1014.9571442295177,ARC ENDEAVOR,366663000,12.9
2025-11-22 09:30:41+00:00,55.339028,11.031743,1014.9571442295177,ARC ENDEAVOR,366663000,12.9
2025-11-22 09:30:41+00:00,55.276913,11.05828,8128.216926770788,TERN SEA,219814000,11.8
2025-11-22 09:30:46+00:00,55.355048,11.040165,624.1538208406693,RESOLUTE BAY,232005179,13.0
2025-11-22 09:30:46+00:00,55.355048,11.040165,624.1538208406693,RESOLUTE BAY,232005179,13.0
2025-11-22 09:30:46+00:00,55.355048,11.040165,624.1538208406693,RESOLUTE BAY,232005179,13.0
2025-11-22 09:30:46+00:00,55.355048,11.040165,624.1538208406693,RESOLUTE BAY,232005179,13.0
2025-11-22 09:30:46+00:00,55.355048,11.040165,624.1538208406693,RESOLUTE BAY,232005179,13.0
2025-11-22 09:30:46+00:00,55.355048,11.040165,624.1538208406693,RESOLUTE BAY,232005179,13.0
2025-11-22 09:30:50+00:00,55.295432,11.044643,5930.357043488426,STAVFJORD,259888000,11.3
2025-11-22 09:30:50+00:00,55.295432,11.044643,5930.357043488426,STAVFJORD,259888000,11.3
2025-11-22 09:30:50+00:00,55.295432,11.044643,5930.357043488426,STAVFJORD,259888000,11.3
2025-11-22 09:30:50+00:00,55.295432,11.044643,5930.357043488426,STAVFJORD,259888000,11.3
2025-11-22 09:30:51+00:00,55.338425,11.031723,1080.164751357631,ARC ENDEAVOR,366663000,12.9
2025-11-22 09:30:51+00:00,55.338425,11.031723,1080.164751357631,ARC ENDEAVOR,366663000,12.9
2025-11-22 09:30:51+00:00,55.338425,11.031723,1080.164751357631,ARC ENDEAVOR,366663000,12.9
2025-11-22 09:30:51+00:00,55.221773,11.100887,14669.79693543037,DUSK,629009770,10.6
2025-11-22 09:30:51+00:00,55.221773,11.100887,14669.79693543037,DUSK,629009770,10.6
2025-11-22 09:30:51+00:00,55.338425,11.031723,1080.164751357631,ARC ENDEAVOR,366663000,12.9
2025-11-22 09:30:52+00:00,55.27637,11.05874,8193.622958824999,TERN SEA,219814000,11.8
2025-11-22 09:30:52+00:00,55.27637,11.05874,8193.622958824999,TERN SEA,219814000,11.8
2025-11-22 09:30:52+00:00,55.27637,11.05874,8193.622958824999,TERN SEA,219814000,11.8
2025-11-22 09:30:52+00:00,55.27637,11.05874,8193.622958824999,TERN SEA,219814000,11.8
2025-11-22 09:30:56+00:00,55.355652,11.040177,689.9682507152568,RESOLUTE BAY,232005179,13.1
2025-11-22 09:30:56+00:00,55.355652,11.040177,689.9682507152568,RESOLUTE BAY,232005179,13.1
2025-11-22 09:30:56+00:00,55.355652,11.040177,689.9682507152568,RESOLUTE BAY,232005179,13.1
2025-11-22 09:30:56+00:00,55.355652,11.040177,689.9682507152568,RESOLUTE BAY,232005179,13.1
2025-11-22 09:30:56+00:00,55.355652,11.040177,689.9682507152568,RESOLUTE BAY,232005179,13.1
2025-11-22 09:30:56+00:00,55.355652,11.040177,689.9682507152568,RESOLUTE BAY,232005179,13.1
2025-11-22 09:30:59+00:00,55.294997,11.045005,5982.342254441799,STAVFJORD,259888000,11.3
2025-11-22 09:30:59+00:00,55.294997,11.045005,5982.342254441799,STAVFJORD,259888000,11.3
2025-11-22 09:30:59+00:00,55.294997,11.045005,5982.342254441799,STAVFJORD,259888000,11.3
2025-11-22 09:30:59+00:00,55.294997,11.045005,5982.342254441799,STAVFJORD,259888000,11.3
2025-11-22 09:30:59+00:00,55.294997,11.045005,5982.342254441799,STAVFJORD,259888000,11.3
2025-11-22 09:31:01+00:00,55.222267,11.100898,14616.141761221694,DUSK,629009770,10.6
2025-11-22 09:31:01+00:00,55.222267,11.100898,14616.141761221694,DUSK,629009770,10.6
2025-11-22 09:31:01+00:00,55.337828,11.031698,1143.8830173643844,ARC ENDEAVOR,366663000,12.9
2025-11-22 09:31:01+00:00,55.337828,11.031698,1143.8830173643844,ARC ENDEAVOR,366663000,12.9
2025-11-22 09:31:01+00:00,55.337828,11.031698,1143.8830173643844,ARC ENDEAVOR,366663000,12.9
2025-11-22 09:31:01+00:00,55.337828,11.031698,1143.8830173643844,ARC ENDEAVOR,366663000,12.9
2025-11-22 09:31:01+00:00,55.337828,11.031698,1143.8830173643844,ARC ENDEAVOR,366663000,12.9
2025-11-22 09:31:03+00:00,55.275828,11.059202,8258.976767542092,TERN SEA,219814000,11.8
2025-11-22 09:31:03+00:00,55.275828,11.059202,8258.976767542092,TERN SEA,219814000,11.8
2025-11-22 09:31:03+00:00,55.275828,11.059202,8258.976767542092,TERN SEA,219814000,11.8
2025-11-22 09:31:03+00:00,55.275828,11.059202,8258.976767542092,TERN SEA,219814000,11.8
2025-11-22 09:31:03+00:00,55.275828,11.059202,8258.976767542092,TERN SEA,219814000,11.8
2025-11-22 09:31:05+00:00,55.356198,11.040183,749.5586958381153,RESOLUTE BAY,232005179,13.1
2025-11-22 09:31:05+00:00,55.356198,11.040183,749.5586958381153,RESOLUTE BAY,232005179,13.1
2025-11-22 09:31:05+00:00,55.356198,11.040183,749.5586958381153,RESOLUTE BAY,232005179,13.1
2025-11-22 09:31:06+00:00,55.294997,11.045005,5982.342254441799,STAVFJORD,259888000,11.3
2025-11-22 09:31:06+00:00,55.294997,11.045005,5982.342254441799,STAVFJORD,259888000,11.3
2025-11-22 09:31:06+00:00,55.294997,11.045005,5982.342254441799,STAVFJORD,259888000,11.3
2025-11-22 09:31:06+00:00,55.294997,11.045005,5982.342254441799,STAVFJORD,259888000,11.3
2025-11-22 09:31:06+00:00,55.294997,11.045005,5982.342254441799,STAVFJORD,259888000,11.3
2025-11-22 09:31:09+00:00,55.222657,11.10091,14573.83347205603,DUSK,629009770,10.6
2025-11-22 09:31:09+00:00,55.222657,11.10091,14573.83347205603,DUSK,629009770,10.6
2025-11-22 09:31:09+00:00,55.294515,11.045365,6039.458471025299,STAVFJORD,259888000,11.3
2025-11-22 09:31:09+00:00,55.294515,11.045365,6039.458471025299,STAVFJORD,259888000,11.3
2025-11-22 09:31:09+00:00,55.294515,11.045365,6039.458471025299,STAVFJORD,259888000,11.3
2025-11-22 09:31:10+00:00,55.337283,11.031675,1202.2921180590258,ARC ENDEAVOR,366663000,13.0
2025-11-22 09:31:10+00:00,55.337283,11.031675,1202.2921180590258,ARC ENDEAVOR,366663000,13.0
2025-11-22 09:31:10+00:00,55.337283,11.031675,1202.2921180590258,ARC ENDEAVOR,366663000,13.0
2025-11-22 09:31:10+00:00,55.337283,11.031675,1202.2921180590258,ARC ENDEAVOR,366663000,13.0
2025-11-22 09:31:10+00:00,55.337283,11.031675,1202.2921180590258,ARC ENDEAVOR,366663000,13.0
2025-11-22 09:31:10+00:00,55.337283,11.031675,1202.2921180590258,ARC ENDEAVOR,366663000,13.0
2025-11-22 09:31:12+00:00,55.275383,11.05958,8312.63647228594,TERN SEA,219814000,11.8
2025-11-22 09:31:12+00:00,55.275383,11.05958,8312.63647228594,TERN SEA,219814000,11.8
2025-11-22 09:31:12+00:00,55.275383,11.05958,8312.63647228594,TERN SEA,219814000,11.8
2025-11-22 09:31:12+00:00,55.275383,11.05958,8312.63647228594,TERN SEA,219814000,11.8
2025-11-22 09:31:12+00:00,55.275383,11.05958,8312.63647228594,TERN SEA,219814000,11.8
2025-11-22 09:31:15+00:00,55.35681,11.040198,816.284673497608,RESOLUTE BAY,232005179,13.1
2025-11-22 09:31:15+00:00,55.35681,11.040198,816.284673497608,RESOLUTE BAY,232005179,13.1
2025-11-22 09:31:15+00:00,55.35681,11.040198,816.284673497608,RESOLUTE BAY,232005179,13.1
2025-11-22 09:31:15+00:00,55.35681,11.040198,816.284673497608,RESOLUTE BAY,232005179,13.1
2025-11-22 09:31:19+00:00,55.294035,11.04574,6096.5581863329335,STAVFJORD,259888000,11.3
2025-11-22 09:31:19+00:00,55.294035,11.04574,6096.5581863329335,STAVFJORD,259888000,11.3
2025-11-22 09:31:19+00:00,55.294035,11.04574,6096.5581863329335,STAVFJORD,259888000,11.3
2025-11-22 09:31:19+00:00,55.294035,11.04574,6096.5581863329335,STAVFJORD,259888000,11.3
2025-11-22 09:31:19+00:00,55.294035,11.04574,6096.5581863329335,STAVFJORD,259888000,11.3
2025-11-22 09:31:20+00:00,55.33662,11.031647,1273.5302453190832,ARC ENDEAVOR,366663000,13.0
2025-11-22 09:31:20+00:00,55.33662,11.031647,1273.5302453190832,ARC ENDEAVOR,366663000,13.0
2025-11-22 09:31:20+00:00,55.33662,11.031647,1273.5302453190832,ARC ENDEAVOR,366663000,13.0
2025-11-22 09:31:20+00:00,55.33662,11.031647,1273.5302453190832,ARC ENDEAVOR,366663000,13.0
2025-11-22 09:31:20+00:00,55.223195,11.100945,14515.726328530305,DUSK,629009770,10.6
2025-11-22 09:31:20+00:00,55.33662,11.031647,1273.5302453190832,ARC ENDEAVOR,366663000,13.0
2025-11-22 09:31:20+00:00,55.223195,11.100945,14515.726328530305,DUSK,629009770,10.6
2025-11-22 09:31:20+00:00,55.223195,11.100945,14515.726328530305,DUSK,629009770,10.6
2025-11-22 09:31:20+00:00,55.33662,11.031647,1273.5302453190832,ARC ENDEAVOR,366663000,13.0
2025-11-22 09:31:22+00:00,55.274887,11.060003,8372.275047631601,TERN SEA,219814000,11.8
2025-11-22 09:31:22+00:00,55.274887,11.060003,8372.275047631601,TERN SEA,219814000,11.8
2025-11-22 09:31:22+00:00,55.274887,11.060003,8372.275047631601,TERN SEA,219814000,11.8
2025-11-22 09:31:22+00:00,55.274887,11.060003,8372.275047631601,TERN SEA,219814000,11.8
2025-11-22 09:31:26+00:00,55.357482,11.040217,888.8897148185167,RESOLUTE BAY,232005179,13.1
2025-11-22 09:31:26+00:00,55.357482,11.040217,888.8897148185167,RESOLUTE BAY,232005179,13.1
2025-11-22 09:31:26+00:00,55.357482,11.040217,888.8897148185167,RESOLUTE BAY,232005179,13.1
2025-11-22 09:31:26+00:00,55.357482,11.040217,888.8897148185167,RESOLUTE BAY,232005179,13.1
2025-11-22 09:31:26+00:00,55.357482,11.040217,888.8897148185167,RESOLUTE BAY,232005179,13.1
2025-11-22 09:31:30+00:00,55.336022,11.031623,1337.8950871797733,ARC ENDEAVOR,366663000,12.9
2025-11-22 09:31:30+00:00,55.293563,11.046087,6152.434894837164,STAVFJORD,259888000,11.3
2025-11-22 09:31:30+00:00,55.293563,11.046087,6152.434894837164,STAVFJORD,259888000,11.3
2025-11-22 09:31:30+00:00,55.293563,11.046087,6152.434894837164,STAVFJORD,259888000,11.3
2025-11-22 09:31:30+00:00,55.223683,11.100967,14462.901920992661,DUSK,629009770,10.7
2025-11-22 09:31:30+00:00,55.293563,11.046087,6152.434894837164,STAVFJORD,259888000,11.3
2025-11-22 09:31:30+00:00,55.223683,11.100967,14462.901920992661,DUSK,629009770,10.7
2025-11-22 09:31:30+00:00,55.223683,11.100967,14462.901920992661,DUSK,629009770,10.7
2025-11-22 09:31:30+00:00,55.293563,11.046087,6152.434894837164,STAVFJORD,259888000,11.3
2025-11-22 09:31:31+00:00,55.336022,11.031623,1337.8950871797733,ARC ENDEAVOR,366663000,12.9
2025-11-22 09:31:31+00:00,55.336022,11.031623,1337.8950871797733,ARC ENDEAVOR,366663000,12.9
2025-11-22 09:31:31+00:00,55.336022,11.031623,1337.8950871797733,ARC ENDEAVOR,366663000,12.9
2025-11-22 09:31:31+00:00,55.336022,11.031623,1337.8950871797733,ARC ENDEAVOR,366663000,12.9
2025-11-22 09:31:32+00:00,55.274392,11.060425,8431.470774053105,TERN SEA,219814000,11.8
2025-11-22 09:31:32+00:00,55.274392,11.060425,8431.470774053105,TERN SEA,219814000,11.8
2025-11-22 09:31:35+00:00,55.358033,11.040232,948.0791537899521,RESOLUTE BAY,232005179,13.1
2025-11-22 09:31:35+00:00,55.358033,11.040232,948.0791537899521,RESOLUTE BAY,232005179,13.1
2025-11-22 09:31:35+00:00,55.358033,11.040232,948.0791537899521,RESOLUTE BAY,232005179,13.1
2025-11-22 09:31:35+00:00,55.358033,11.040232,948.0791537899521,RESOLUTE BAY,232005179,13.1
2025-11-22 09:31:35+00:00,55.358033,11.040232,948.0791537899521,RESOLUTE BAY,232005179,13.1
2025-11-22 09:31:36+00:00,55.336022,11.031623,1337.8950871797733,ARC ENDEAVOR,366663000,12.9
2025-11-22 09:31:36+00:00,55.336022,11.031623,1337.8950871797733,ARC ENDEAVOR,366663000,12.9
2025-11-22 09:31:36+00:00,55.336022,11.031623,1337.8950871797733,ARC ENDEAVOR,366663000,12.9
2025-11-22 09:31:36+00:00,55.336022,11.031623,1337.8950871797733,ARC ENDEAVOR,366663000,12.9
2025-11-22 09:31:36+00:00,55.336022,11.031623,1337.8950871797733,ARC ENDEAVOR,366663000,12.9
2025-11-22 09:31:36+00:00,55.336022,11.031623,1337.8950871797733,ARC ENDEAVOR,366663000,12.9
2025-11-22 09:31:39+00:00,55.293137,11.046418,6203.107758906129,STAVFJORD,259888000,11.3
2025-11-22 09:31:39+00:00,55.293137,11.046418,6203.107758906129,STAVFJORD,259888000,11.3
2025-11-22 09:31:39+00:00,55.293137,11.046418,6203.107758906129,STAVFJORD,259888000,11.3
2025-11-22 09:31:39+00:00,55.293137,11.046418,6203.107758906129,STAVFJORD,259888000,11.3
2025-11-22 09:31:39+00:00,55.224128,11.100963,14414.418858645273,DUSK,629009770,10.7
2025-11-22 09:31:39+00:00,55.224128,11.100963,14414.418858645273,DUSK,629009770,10.7
2025-11-22 09:31:39+00:00,55.224128,11.100963,14414.418858645273,DUSK,629009770,10.7
2025-11-22 09:31:41+00:00,55.273948,11.060807,8484.631903841508,TERN SEA,219814000,11.8
2025-11-22 09:31:41+00:00,55.273948,11.060807,8484.631903841508,TERN SEA,219814000,11.8
2025-11-22 09:31:41+00:00,55.273948,11.060807,8484.631903841508,TERN SEA,219814000,11.8
2025-11-22 09:31:41+00:00,55.273948,11.060807,8484.631903841508,TERN SEA,219814000,11.8
2025-11-22 09:31:41+00:00,55.335425,11.0316,1402.3715200517897,ARC ENDEAVOR,366663000,12.8
2025-11-22 09:31:41+00:00,55.273948,11.060807,8484.631903841508,TERN SEA,219814000,11.8
2025-11-22 09:31:41+00:00,55.335425,11.0316,1402.3715200517897,ARC ENDEAVOR,366663000,12.8
2025-11-22 09:31:41+00:00,55.335425,11.0316,1402.3715200517897,ARC ENDEAVOR,366663000,12.8
2025-11-22 09:31:41+00:00,55.335425,11.0316,1402.3715200517897,ARC ENDEAVOR,366663000,12.8
2025-11-22 09:31:41+00:00,55.335425,11.0316,1402.3715200517897,ARC ENDEAVOR,366663000,12.8
2025-11-22 09:31:41+00:00,55.335425,11.0316,1402.3715200517897,ARC ENDEAVOR,366663000,12.8
2025-11-22 09:31:43+00:00,55.273948,11.060807,8484.631903841508,TERN SEA,219814000,11.8
2025-11-22 09:31:43+00:00,55.273948,11.060807,8484.631903841508,TERN SEA,219814000,11.8
2025-11-22 09:31:43+00:00,55.273948,11.060807,8484.631903841508,TERN SEA,219814000,11.8
2025-11-22 09:31:46+00:00,55.358707,11.040248,1020.6016643516083,RESOLUTE BAY,232005179,13.1
2025-11-22 09:31:46+00:00,55.358707,11.040248,1020.6016643516083,RESOLUTE BAY,232005179,13.1
2025-11-22 09:31:46+00:00,55.358707,11.040248,1020.6016643516083,RESOLUTE BAY,232005179,13.1
2025-11-22 09:31:46+00:00,55.358707,11.040248,1020.6016643516083,RESOLUTE BAY,232005179,13.1
2025-11-22 09:31:46+00:00,55.358707,11.040248,1020.6016643516083,RESOLUTE BAY,232005179,13.1
2025-11-22 09:31:46+00:00,55.358707,11.040248,1020.6016643516083,RESOLUTE BAY,232005179,13.1
2025-11-22 09:31:50+00:00,55.292563,11.046872,6271.519773386491,STAVFJORD,259888000,11.3
2025-11-22 09:31:50+00:00,55.292563,11.046872,6271.519773386491,STAVFJORD,259888000,11.3
2025-11-22 09:31:50+00:00,55.292563,11.046872,6271.519773386491,STAVFJORD,259888000,11.3
2025-11-22 09:31:50+00:00,55.292563,11.046872,6271.519773386491,STAVFJORD,259888000,11.3
2025-11-22 09:31:51+00:00,55.334837,11.031573,1465.9940165251978,ARC ENDEAVOR,366663000,12.7
2025-11-22 09:31:51+00:00,55.334837,11.031573,1465.9940165251978,ARC ENDEAVOR,366663000,12.7
2025-11-22 09:31:51+00:00,55.334837,11.031573,1465.9940165251978,ARC ENDEAVOR,366663000,12.7
2025-11-22 09:31:51+00:00,55.334837,11.031573,1465.9940165251978,ARC ENDEAVOR,366663000,12.7
2025-11-22 09:31:51+00:00,55.224717,11.100932,14349.911487291278,DUSK,629009770,10.6
2025-11-22 09:31:51+00:00,55.224717,11.100932,14349.911487291278,DUSK,629009770,10.6
2025-11-22 09:31:52+00:00,55.273405,11.061277,8549.702400569204,TERN SEA,219814000,11.8
2025-11-22 09:31:52+00:00,55.273405,11.061277,8549.702400569204,TERN SEA,219814000,11.8
2025-11-22 09:31:52+00:00,55.273405,11.061277,8549.702400569204,TERN SEA,219814000,11.8
2025-11-22 09:31:52+00:00,55.273405,11.061277,8549.702400569204,TERN SEA,219814000,11.8
2025-11-22 09:31:52+00:00,55.273405,11.061277,8549.702400569204,TERN SEA,219814000,11.8
2025-11-22 09:31:55+00:00,55.359257,11.04026,1080.0163224750668,RESOLUTE BAY,232005179,13.1
2025-11-22 09:31:55+00:00,55.359257,11.04026,1080.0163224750668,RESOLUTE BAY,232005179,13.1
2025-11-22 09:31:55+00:00,55.359257,11.04026,1080.0163224750668,RESOLUTE BAY,232005179,13.1
2025-11-22 09:31:55+00:00,55.359257,11.04026,1080.0163224750668,RESOLUTE BAY,232005179,13.1
2025-11-22 09:31:59+00:00,55.292132,11.04721,6322.874754905641,STAVFJORD,259888000,11.3
2025-11-22 09:31:59+00:00,55.292132,11.04721,6322.874754905641,STAVFJORD,259888000,11.3
2025-11-22 09:32:01+00:00,55.334253,11.031543,1529.2824675076192,ARC ENDEAVOR,366663000,12.6
2025-11-22 09:32:01+00:00,55.225205,11.100905,14296.455410207553,DUSK,629009770,10.6
2025-11-22 09:32:01+00:00,55.334253,11.031543,1529.2824675076192,ARC ENDEAVOR,366663000,12.6
2025-11-22 09:32:01+00:00,55.334253,11.031543,1529.2824675076192,ARC ENDEAVOR,366663000,12.6
2025-11-22 09:32:01+00:00,55.334253,11.031543,1529.2824675076192,ARC ENDEAVOR,366663000,12.6
2025-11-22 09:32:01+00:00,55.334253,11.031543,1529.2824675076192,ARC ENDEAVOR,366663000,12.6
2025-11-22 09:32:03+00:00,55.272863,11.061743,8614.60032464075,TERN SEA,219814000,11.8
2025-11-22 09:32:03+00:00,55.272863,11.061743,8614.60032464075,TERN SEA,219814000,11.8
2025-11-22 09:32:03+00:00,55.272863,11.061743,8614.60032464075,TERN SEA,219814000,11.8
2025-11-22 09:32:03+00:00,55.272863,11.061743,8614.60032464075,TERN SEA,219814000,11.8
2025-11-22 09:32:06+00:00,55.359927,11.040277,1152.6203726188905,RESOLUTE BAY,232005179,13.1
2025-11-22 09:32:06+00:00,55.359927,11.040277,1152.6203726188905,RESOLUTE BAY,232005179,13.1
2025-11-22 09:32:06+00:00,55.359927,11.040277,1152.6203726188905,RESOLUTE BAY,232005179,13.1
2025-11-22 09:32:06+00:00,55.359927,11.040277,1152.6203726188905,RESOLUTE BAY,232005179,13.1
2025-11-22 09:32:06+00:00,55.359927,11.040277,1152.6203726188905,RESOLUTE BAY,232005179,13.1
2025-11-22 09:32:06+00:00,55.359927,11.040277,1152.6203726188905,RESOLUTE BAY,232005179,13.1
2025-11-22 09:32:06+00:00,55.359927,11.040277,1152.6203726188905,RESOLUTE BAY,232005179,13.1
2025-11-22 09:32:09+00:00,55.225597,11.100872,14253.366912149128,DUSK,629009770,10.6
2025-11-22 09:32:09+00:00,55.225597,11.100872,14253.366912149128,DUSK,629009770,10.6
2025-11-22 09:32:09+00:00,55.225597,11.100872,14253.366912149128,DUSK,629009770,10.6
2025-11-22 09:32:09+00:00,55.291647,11.047607,6380.902609053689,STAVFJORD,259888000,11.3
2025-11-22 09:32:09+00:00,55.291647,11.047607,6380.902609053689,STAVFJORD,259888000,11.3
2025-11-22 09:32:09+00:00,55.291647,11.047607,6380.902609053689,STAVFJORD,259888000,11.3
2025-11-22 09:32:09+00:00,55.291647,11.047607,6380.902609053689,STAVFJORD,259888000,11.3
2025-11-22 09:32:10+00:00,55.333728,11.031513,1586.1899047162121,ARC ENDEAVOR,366663000,12.5
2025-11-22 09:32:10+00:00,55.333728,11.031513,1586.1899047162121,ARC ENDEAVOR,366663000,12.5
2025-11-22 09:32:10+00:00,55.333728,11.031513,1586.1899047162121,ARC ENDEAVOR,366663000,12.5
2025-11-22 09:32:10+00:00,55.333728,11.031513,1586.1899047162121,ARC ENDEAVOR,366663000,12.5
2025-11-22 09:32:10+00:00,55.333728,11.031513,1586.1899047162121,ARC ENDEAVOR,366663000,12.5
2025-11-22 09:32:12+00:00,55.27242,11.062123,8667.644489127191,TERN SEA,219814000,11.8
2025-11-22 09:32:12+00:00,55.27242,11.062123,8667.644489127191,TERN SEA,219814000,11.8
2025-11-22 09:32:12+00:00,55.27242,11.062123,8667.644489127191,TERN SEA,219814000,11.8
2025-11-22 09:32:12+00:00,55.27242,11.062123,8667.644489127191,TERN SEA,219814000,11.8
2025-11-22 09:32:15+00:00,55.360478,11.040295,1212.4399830586776,RESOLUTE BAY,232005179,13.1
2025-11-22 09:32:15+00:00,55.360478,11.040295,1212.4399830586776,RESOLUTE BAY,232005179,13.1
2025-11-22 09:32:15+00:00,55.360478,11.040295,1212.4399830586776,RESOLUTE BAY,232005179,13.1
2025-11-22 09:32:15+00:00,55.360478,11.040295,1212.4399830586776,RESOLUTE BAY,232005179,13.1
2025-11-22 09:32:15+00:00,55.360478,11.040295,1212.4399830586776,RESOLUTE BAY,232005179,13.1
2025-11-22 09:32:19+00:00,55.291163,11.048005,6438.863454859326,STAVFJORD,259888000,11.3
2025-11-22 09:32:19+00:00,55.291163,11.048005,6438.863454859326,STAVFJORD,259888000,11.3
2025-11-22 09:32:19+00:00,55.291163,11.048005,6438.863454859326,STAVFJORD,259888000,11.3
2025-11-22 09:32:20+00:00,55.33309,11.031482,1655.4633456975291,ARC ENDEAVOR,366663000,12.5
2025-11-22 09:32:20+00:00,55.33309,11.031482,1655.4633456975291,ARC ENDEAVOR,366663000,12.5
2025-11-22 09:32:20+00:00,55.33309,11.031482,1655.4633456975291,ARC ENDEAVOR,366663000,12.5
2025-11-22 09:32:20+00:00,55.33309,11.031482,1655.4633456975291,ARC ENDEAVOR,366663000,12.5
2025-11-22 09:32:20+00:00,55.33309,11.031482,1655.4633456975291,ARC ENDEAVOR,366663000,12.5
2025-11-22 09:32:20+00:00,55.33309,11.031482,1655.4633456975291,ARC ENDEAVOR,366663000,12.5
2025-11-22 09:32:20+00:00,55.226133,11.100803,14194.131437719303,DUSK,629009770,10.6
2025-11-22 09:32:20+00:00,55.226133,11.100803,14194.131437719303,DUSK,629009770,10.6
2025-11-22 09:32:20+00:00,55.226133,11.100803,14194.131437719303,DUSK,629009770,10.6
2025-11-22 09:32:23+00:00,55.271878,11.06259,8732.597484862845,TERN SEA,219814000,11.8
2025-11-22 09:32:23+00:00,55.271878,11.06259,8732.597484862845,TERN SEA,219814000,11.8
2025-11-22 09:32:23+00:00,55.271878,11.06259,8732.597484862845,TERN SEA,219814000,11.8
2025-11-22 09:32:26+00:00,55.361148,11.04032,1285.25818573401,RESOLUTE BAY,232005179,13.1
2025-11-22 09:32:26+00:00,55.361148,11.04032,1285.25818573401,RESOLUTE BAY,232005179,13.1
2025-11-22 09:32:26+00:00,55.361148,11.04032,1285.25818573401,RESOLUTE BAY,232005179,13.1
2025-11-22 09:32:26+00:00,55.361148,11.04032,1285.25818573401,RESOLUTE BAY,232005179,13.1
2025-11-22 09:32:26+00:00,55.361148,11.04032,1285.25818573401,RESOLUTE BAY,232005179,13.1
2025-11-22 09:32:30+00:00,55.290682,11.048398,6496.459046493085,STAVFJORD,259888000,11.3
2025-11-22 09:32:30+00:00,55.290682,11.048398,6496.459046493085,STAVFJORD,259888000,11.3
2025-11-22 09:32:30+00:00,55.290682,11.048398,6496.459046493085,STAVFJORD,259888000,11.3
2025-11-22 09:32:30+00:00,55.290682,11.048398,6496.459046493085,STAVFJORD,259888000,11.3
2025-11-22 09:32:30+00:00,55.226622,11.10073,14139.95763425991,DUSK,629009770,10.6
2025-11-22 09:32:30+00:00,55.226622,11.10073,14139.95763425991,DUSK,629009770,10.6
2025-11-22 09:32:30+00:00,55.226622,11.10073,14139.95763425991,DUSK,629009770,10.6
2025-11-22 09:32:30+00:00,55.290682,11.048398,6496.459046493085,STAVFJORD,259888000,11.3
2025-11-22 09:32:31+00:00,55.332512,11.03146,1718.4076883951645,ARC ENDEAVOR,366663000,12.4
2025-11-22 09:32:31+00:00,55.332512,11.03146,1718.4076883951645,ARC ENDEAVOR,366663000,12.4
2025-11-22 09:32:31+00:00,55.332512,11.03146,1718.4076883951645,ARC ENDEAVOR,366663000,12.4
2025-11-22 09:32:31+00:00,55.332512,11.03146,1718.4076883951645,ARC ENDEAVOR,366663000,12.4
2025-11-22 09:32:31+00:00,55.332512,11.03146,1718.4076883951645,ARC ENDEAVOR,366663000,12.4
2025-11-22 09:32:32+00:00,55.271435,11.062972,8785.715721662735,TERN SEA,219814000,11.8
2025-11-22 09:32:32+00:00,55.271435,11.062972,8785.715721662735,TERN SEA,219814000,11.8
2025-11-22 09:32:32+00:00,55.271435,11.062972,8785.715721662735,TERN SEA,219814000,11.8
2025-11-22 09:32:32+00:00,55.271435,11.062972,8785.715721662735,TERN SEA,219814000,11.8
2025-11-22 09:32:32+00:00,55.271435,11.062972,8785.715721662735,TERN SEA,219814000,11.8
2025-11-22 09:32:35+00:00,55.361695,11.04033,1344.8645940167353,RESOLUTE BAY,232005179,13.1
2025-11-22 09:32:35+00:00,55.361695,11.04033,1344.8645940167353,RESOLUTE BAY,232005179,13.1
2025-11-22 09:32:35+00:00,55.361695,11.04033,1344.8645940167353,RESOLUTE BAY,232005179,13.1
2025-11-22 09:32:35+00:00,55.361695,11.04033,1344.8645940167353,RESOLUTE BAY,232005179,13.1
2025-11-22 09:32:35+00:00,55.361695,11.04033,1344.8645940167353,RESOLUTE BAY,232005179,13.1
2025-11-22 09:32:35+00:00,55.361695,11.04033,1344.8645940167353,RESOLUTE BAY,232005179,13.1
2025-11-22 09:32:39+00:00,55.290252,11.048745,6547.911797498445,STAVFJORD,259888000,11.3
2025-11-22 09:32:39+00:00,55.290252,11.048745,6547.911797498445,STAVFJORD,259888000,11.3
2025-11-22 09:32:39+00:00,55.290252,11.048745,6547.911797498445,STAVFJORD,259888000,11.3
2025-11-22 09:32:39+00:00,55.290252,11.048745,6547.911797498445,STAVFJORD,259888000,11.3
2025-11-22 09:32:39+00:00,55.290252,11.048745,6547.911797498445,STAVFJORD,259888000,11.3
2025-11-22 09:32:40+00:00,55.227113,11.100662,14085.63820731907,DUSK,629009770,10.6
2025-11-22 09:32:40+00:00,55.227113,11.100662,14085.63820731907,DUSK,629009770,10.6
2025-11-22 09:32:40+00:00,55.227113,11.100662,14085.63820731907,DUSK,629009770,10.6
2025-11-22 09:32:41+00:00,55.27099,11.06336,8839.144539238981,TERN SEA,219814000,11.8
2025-11-22 09:32:41+00:00,55.27099,11.06336,8839.144539238981,TERN SEA,219814000,11.8
2025-11-22 09:32:41+00:00,55.27099,11.06336,8839.144539238981,TERN SEA,219814000,11.8
2025-11-22 09:32:41+00:00,55.27099,11.06336,8839.144539238981,TERN SEA,219814000,11.8
2025-11-22 09:32:41+00:00,55.27099,11.06336,8839.144539238981,TERN SEA,219814000,11.8
2025-11-22 09:32:41+00:00,55.331937,11.031435,1781.0103509228015,ARC ENDEAVOR,366663000,12.3
2025-11-22 09:32:41+00:00,55.331937,11.031435,1781.0103509228015,ARC ENDEAVOR,366663000,12.3
2025-11-22 09:32:41+00:00,55.331937,11.031435,1781.0103509228015,ARC ENDEAVOR,366663000,12.3
2025-11-22 09:32:41+00:00,55.331937,11.031435,1781.0103509228015,ARC ENDEAVOR,366663000,12.3
2025-11-22 09:32:41+00:00,55.331937,11.031435,1781.0103509228015,ARC ENDEAVOR,366663000,12.3
2025-11-22 09:32:41+00:00,55.331937,11.031435,1781.0103509228015,ARC ENDEAVOR,366663000,12.3
2025-11-22 09:32:46+00:00,55.362363,11.040333,1417.9026513339127,RESOLUTE BAY,232005179,13.1
2025-11-22 09:32:46+00:00,55.362363,11.040333,1417.9026513339127,RESOLUTE BAY,232005179,13.1
2025-11-22 09:32:46+00:00,55.362363,11.040333,1417.9026513339127,RESOLUTE BAY,232005179,13.1
2025-11-22 09:32:46+00:00,55.362363,11.040333,1417.9026513339127,RESOLUTE BAY,232005179,13.1
2025-11-22 09:32:46+00:00,55.362363,11.040333,1417.9026513339127,RESOLUTE BAY,232005179,13.1
2025-11-22 09:32:50+00:00,55.289728,11.049142,6610.286764840267,STAVFJORD,259888000,11.3
2025-11-22 09:32:50+00:00,55.289728,11.049142,6610.286764840267,STAVFJORD,259888000,11.3
2025-11-22 09:32:50+00:00,55.289728,11.049142,6610.286764840267,STAVFJORD,259888000,11.3
2025-11-22 09:32:50+00:00,55.289728,11.049142,6610.286764840267,STAVFJORD,259888000,11.3
2025-11-22 09:32:50+00:00,55.289728,11.049142,6610.286764840267,STAVFJORD,259888000,11.3
2025-11-22 09:32:51+00:00,55.331363,11.03141,1843.51997876882,ARC ENDEAVOR,366663000,12.3
2025-11-22 09:32:51+00:00,55.331363,11.03141,1843.51997876882,ARC ENDEAVOR,366663000,12.3
2025-11-22 09:32:51+00:00,55.331363,11.03141,1843.51997876882,ARC ENDEAVOR,366663000,12.3
2025-11-22 09:32:51+00:00,55.227657,11.100595,14025.574234793085,DUSK,629009770,10.7
2025-11-22 09:32:51+00:00,55.331363,11.03141,1843.51997876882,ARC ENDEAVOR,366663000,12.3
2025-11-22 09:32:52+00:00,55.270445,11.06383,8904.52072180157,TERN SEA,219814000,11.8
2025-11-22 09:32:52+00:00,55.270445,11.06383,8904.52072180157,TERN SEA,219814000,11.8
2025-11-22 09:32:52+00:00,55.270445,11.06383,8904.52072180157,TERN SEA,219814000,11.8
2025-11-22 09:32:52+00:00,55.270445,11.06383,8904.52072180157,TERN SEA,219814000,11.8
2025-11-22 09:32:52+00:00,55.270445,11.06383,8904.52072180157,TERN SEA,219814000,11.8
2025-11-22 09:32:55+00:00,55.362907,11.040323,1477.6179503425265,RESOLUTE BAY,232005179,13.1
2025-11-22 09:32:55+00:00,55.362907,11.040323,1477.6179503425265,RESOLUTE BAY,232005179,13.1
2025-11-22 09:32:55+00:00,55.362907,11.040323,1477.6179503425265,RESOLUTE BAY,232005179,13.1
2025-11-22 09:32:55+00:00,55.362907,11.040323,1477.6179503425265,RESOLUTE BAY,232005179,13.1
2025-11-22 09:32:55+00:00,55.362907,11.040323,1477.6179503425265,RESOLUTE BAY,232005179,13.1
2025-11-22 09:33:00+00:00,55.330795,11.03138,1905.3070276938379,ARC ENDEAVOR,366663000,12.2
2025-11-22 09:33:00+00:00,55.330795,11.03138,1905.3070276938379,ARC ENDEAVOR,366663000,12.2
2025-11-22 09:33:00+00:00,55.330795,11.03138,1905.3070276938379,ARC ENDEAVOR,366663000,12.2
2025-11-22 09:33:00+00:00,55.330795,11.03138,1905.3070276938379,ARC ENDEAVOR,366663000,12.2
2025-11-22 09:33:00+00:00,55.330795,11.03138,1905.3070276938379,ARC ENDEAVOR,366663000,12.2
2025-11-22 09:33:00+00:00,55.228098,11.100538,13976.8499382272,DUSK,629009770,10.7
2025-11-22 09:33:00+00:00,55.289247,11.049522,6667.77658049621,STAVFJORD,259888000,11.3
2025-11-22 09:33:00+00:00,55.228098,11.100538,13976.8499382272,DUSK,629009770,10.7
2025-11-22 09:33:00+00:00,55.289247,11.049522,6667.77658049621,STAVFJORD,259888000,11.3
2025-11-22 09:33:03+00:00,55.269898,11.064297,8970.00599192399,TERN SEA,219814000,11.8
2025-11-22 09:33:03+00:00,55.269898,11.064297,8970.00599192399,TERN SEA,219814000,11.8
2025-11-22 09:33:03+00:00,55.269898,11.064297,8970.00599192399,TERN SEA,219814000,11.8
2025-11-22 09:33:06+00:00,55.363575,11.040297,1551.1668425763648,RESOLUTE BAY,232005179,13.1
2025-11-22 09:33:06+00:00,55.363575,11.040297,1551.1668425763648,RESOLUTE BAY,232005179,13.1
2025-11-22 09:33:06+00:00,55.363575,11.040297,1551.1668425763648,RESOLUTE BAY,232005179,13.1
2025-11-22 09:33:09+00:00,55.228542,11.100482,13927.81686942561,DUSK,629009770,10.7
2025-11-22 09:33:09+00:00,55.228542,11.100482,13927.81686942561,DUSK,629009770,10.7
2025-11-22 09:33:09+00:00,55.228542,11.100482,13927.81686942561,DUSK,629009770,10.7
2025-11-22 09:33:09+00:00,55.28877,11.049912,6724.991789163734,STAVFJORD,259888000,11.3
2025-11-22 09:33:09+00:00,55.28877,11.049912,6724.991789163734,STAVFJORD,259888000,11.3
2025-11-22 09:33:09+00:00,55.28877,11.049912,6724.991789163734,STAVFJORD,259888000,11.3
2025-11-22 09:33:09+00:00,55.28877,11.049912,6724.991789163734,STAVFJORD,259888000,11.3
2025-11-22 09:33:10+00:00,55.330285,11.031355,1960.7847104405407,ARC ENDEAVOR,366663000,12.2
2025-11-22 09:33:10+00:00,55.330285,11.031355,1960.7847104405407,ARC ENDEAVOR,366663000,12.2
2025-11-22 09:33:10+00:00,55.330285,11.031355,1960.7847104405407,ARC ENDEAVOR,366663000,12.2
2025-11-22 09:33:10+00:00,55.330285,11.031355,1960.7847104405407,ARC ENDEAVOR,366663000,12.2
2025-11-22 09:33:10+00:00,55.330285,11.031355,1960.7847104405407,ARC ENDEAVOR,366663000,12.2
2025-11-22 09:33:10+00:00,55.330285,11.031355,1960.7847104405407,ARC ENDEAVOR,366663000,12.2
2025-11-22 09:33:11+00:00,55.269503,11.064637,9017.192940004457,TERN SEA,219814000,11.8
2025-11-22 09:33:11+00:00,55.269503,11.064637,9017.192940004457,TERN SEA,219814000,11.8
2025-11-22 09:33:11+00:00,55.269503,11.064637,9017.192940004457,TERN SEA,219814000,11.8
2025-11-22 09:33:11+00:00,55.269503,11.064637,9017.192940004457,TERN SEA,219814000,11.8
2025-11-22 09:33:15+00:00,55.364123,11.040273,1611.5395986278493,RESOLUTE BAY,232005179,13.1
2025-11-22 09:33:15+00:00,55.364123,11.040273,1611.5395986278493,RESOLUTE BAY,232005179,13.1
2025-11-22 09:33:15+00:00,55.364123,11.040273,1611.5395986278493,RESOLUTE BAY,232005179,13.1
2025-11-22 09:33:15+00:00,55.364123,11.040273,1611.5395986278493,RESOLUTE BAY,232005179,13.1
2025-11-22 09:33:15+00:00,55.364123,11.040273,1611.5395986278493,RESOLUTE BAY,232005179,13.1
2025-11-22 09:33:19+00:00,55.288288,11.050317,6782.9831237042945,STAVFJORD,259888000,11.3
2025-11-22 09:33:19+00:00,55.288288,11.050317,6782.9831237042945,STAVFJORD,259888000,11.3
2025-11-22 09:33:19+00:00,55.288288,11.050317,6782.9831237042945,STAVFJORD,259888000,11.3
2025-11-22 09:33:20+00:00,55.200377,11.089937,16878.38455160869,FEDERAL SUTTON,538004383,12.7
2025-11-22 09:33:20+00:00,55.200377,11.089937,16878.38455160869,FEDERAL SUTTON,538004383,12.7
2025-11-22 09:33:20+00:00,55.200377,11.089937,16878.38455160869,FEDERAL SUTTON,538004383,12.7
2025-11-22 09:33:20+00:00,55.200377,11.089937,16878.38455160869,FEDERAL SUTTON,538004383,12.7
2025-11-22 09:33:20+00:00,55.200377,11.089937,16878.38455160869,FEDERAL SUTTON,538004383,12.7
2025-11-22 09:33:20+00:00,55.329667,11.03132,2027.919395874293,ARC ENDEAVOR,366663000,12.2
2025-11-22 09:33:20+00:00,55.329667,11.03132,2027.919395874293,ARC ENDEAVOR,366663000,12.2
2025-11-22 09:33:20+00:00,55.329667,11.03132,2027.919395874293,ARC ENDEAVOR,366663000,12.2
2025-11-22 09:33:20+00:00,55.329667,11.03132,2027.919395874293,ARC ENDEAVOR,366663000,12.2
2025-11-22 09:33:20+00:00,55.229085,11.100427,13868.04188093476,DUSK,629009770,10.7
2025-11-22 09:33:20+00:00,55.229085,11.100427,13868.04188093476,DUSK,629009770,10.7
2025-11-22 09:33:20+00:00,55.329667,11.03132,2027.919395874293,ARC ENDEAVOR,366663000,12.2
2025-11-22 09:33:20+00:00,55.229085,11.100427,13868.04188093476,DUSK,629009770,10.7
2025-11-22 09:33:20+00:00,55.329667,11.03132,2027.919395874293,ARC ENDEAVOR,366663000,12.2
2025-11-22 09:33:20+00:00,55.229085,11.100427,13868.04188093476,DUSK,629009770,10.7
2025-11-22 09:33:23+00:00,55.26891,11.06514,9087.981278005704,TERN SEA,219814000,11.8
2025-11-22 09:33:23+00:00,55.26891,11.06514,9087.981278005704,TERN SEA,219814000,11.8
2025-11-22 09:33:23+00:00,55.26891,11.06514,9087.981278005704,TERN SEA,219814000,11.8
2025-11-22 09:33:25+00:00,55.364792,11.040238,1685.3143720487612,RESOLUTE BAY,232005179,13.1
2025-11-22 09:33:25+00:00,55.364792,11.040238,1685.3143720487612,RESOLUTE BAY,232005179,13.1
2025-11-22 09:33:25+00:00,55.364792,11.040238,1685.3143720487612,RESOLUTE BAY,232005179,13.1
2025-11-22 09:33:25+00:00,55.364792,11.040238,1685.3143720487612,RESOLUTE BAY,232005179,13.1
2025-11-22 09:33:25+00:00,55.364792,11.040238,1685.3143720487612,RESOLUTE BAY,232005179,13.1
2025-11-22 09:33:29+00:00,55.200842,11.090378,16833.030087819276,FEDERAL SUTTON,538004383,12.7
2025-11-22 09:33:29+00:00,55.200842,11.090378,16833.030087819276,FEDERAL SUTTON,538004383,12.7
2025-11-22 09:33:29+00:00,55.200842,11.090378,16833.030087819276,FEDERAL SUTTON,538004383,12.7
2025-11-22 09:33:29+00:00,55.200842,11.090378,16833.030087819276,FEDERAL SUTTON,538004383,12.7
2025-11-22 09:33:29+00:00,55.200842,11.090378,16833.030087819276,FEDERAL SUTTON,538004383,12.7
2025-11-22 09:33:29+00:00,55.287807,11.050738,6841.117464656223,STAVFJORD,259888000,11.3
2025-11-22 09:33:29+00:00,55.287807,11.050738,6841.117464656223,STAVFJORD,259888000,11.3
2025-11-22 09:33:29+00:00,55.287807,11.050738,6841.117464656223,STAVFJORD,259888000,11.3
2025-11-22 09:33:29+00:00,55.287807,11.050738,6841.117464656223,STAVFJORD,259888000,11.3
2025-11-22 09:33:30+00:00,55.329107,11.03129,2088.7325798347065,ARC ENDEAVOR,366663000,12.1
2025-11-22 09:33:30+00:00,55.229583,11.100383,13813.315724400236,DUSK,629009770,10.8
2025-11-22 09:33:30+00:00,55.229583,11.100383,13813.315724400236,DUSK,629009770,10.8
2025-11-22 09:33:30+00:00,55.229583,11.100383,13813.315724400236,DUSK,629009770,10.8
2025-11-22 09:33:30+00:00,55.229583,11.100383,13813.315724400236,DUSK,629009770,10.8
2025-11-22 09:33:30+00:00,55.329107,11.03129,2088.7325798347065,ARC ENDEAVOR,366663000,12.1
2025-11-22 09:33:31+00:00,55.329107,11.03129,2088.7325798347065,ARC ENDEAVOR,366663000,12.1
2025-11-22 09:33:31+00:00,55.329107,11.03129,2088.7325798347065,ARC ENDEAVOR,366663000,12.1
2025-11-22 09:33:31+00:00,55.329107,11.03129,2088.7325798347065,ARC ENDEAVOR,366663000,12.1
2025-11-22 09:33:32+00:00,55.268462,11.065517,9141.451469030611,TERN SEA,219814000,11.8
2025-11-22 09:33:32+00:00,55.268462,11.065517,9141.451469030611,TERN SEA,219814000,11.8
2025-11-22 09:33:32+00:00,55.268462,11.065517,9141.451469030611,TERN SEA,219814000,11.8
2025-11-22 09:33:32+00:00,55.268462,11.065517,9141.451469030611,TERN SEA,219814000,11.8
2025-11-22 09:33:35+00:00,55.365337,11.040197,1745.5780430386365,RESOLUTE BAY,232005179,13.1
2025-11-22 09:33:35+00:00,55.365337,11.040197,1745.5780430386365,RESOLUTE BAY,232005179,13.1
2025-11-22 09:33:35+00:00,55.365337,11.040197,1745.5780430386365,RESOLUTE BAY,232005179,13.1
2025-11-22 09:33:35+00:00,55.365337,11.040197,1745.5780430386365,RESOLUTE BAY,232005179,13.1
2025-11-22 09:33:40+00:00,55.287332,11.051127,6898.175324304496,STAVFJORD,259888000,11.3
2025-11-22 09:33:40+00:00,55.287332,11.051127,6898.175324304496,STAVFJORD,259888000,11.3
2025-11-22 09:33:40+00:00,55.287332,11.051127,6898.175324304496,STAVFJORD,259888000,11.3
2025-11-22 09:33:40+00:00,55.287332,11.051127,6898.175324304496,STAVFJORD,259888000,11.3
2025-11-22 09:33:40+00:00,55.230088,11.10033,13757.710429773013,DUSK,629009770,10.8
2025-11-22 09:33:40+00:00,55.230088,11.10033,13757.710429773013,DUSK,629009770,10.8
2025-11-22 09:33:40+00:00,55.201362,11.090858,16782.234055430174,FEDERAL SUTTON,538004383,12.7
2025-11-22 09:33:40+00:00,55.201362,11.090858,16782.234055430174,FEDERAL SUTTON,538004383,12.7
2025-11-22 09:33:40+00:00,55.201362,11.090858,16782.234055430174,FEDERAL SUTTON,538004383,12.7
2025-11-22 09:33:41+00:00,55.268017,11.06589,9194.56769425558,TERN SEA,219814000,11.8
2025-11-22 09:33:41+00:00,55.268017,11.06589,9194.56769425558,TERN SEA,219814000,11.8
2025-11-22 09:33:41+00:00,55.328547,11.03126,2149.5373619144475,ARC ENDEAVOR,366663000,12.1
2025-11-22 09:33:41+00:00,55.328547,11.03126,2149.5373619144475,ARC ENDEAVOR,366663000,12.1
2025-11-22 09:33:41+00:00,55.268017,11.06589,9194.56769425558,TERN SEA,219814000,11.8
2025-11-22 09:33:41+00:00,55.328547,11.03126,2149.5373619144475,ARC ENDEAVOR,366663000,12.1
2025-11-22 09:33:41+00:00,55.328547,11.03126,2149.5373619144475,ARC ENDEAVOR,366663000,12.1
2025-11-22 09:33:41+00:00,55.268017,11.06589,9194.56769425558,TERN SEA,219814000,11.8
2025-11-22 09:33:41+00:00,55.328547,11.03126,2149.5373619144475,ARC ENDEAVOR,366663000,12.1
2025-11-22 09:33:41+00:00,55.328547,11.03126,2149.5373619144475,ARC ENDEAVOR,366663000,12.1
2025-11-22 09:33:43+00:00,55.230088,11.10033,13757.710429773013,DUSK,629009770,10.8
2025-11-22 09:33:43+00:00,55.230088,11.10033,13757.710429773013,DUSK,629009770,10.8
2025-11-22 09:33:46+00:00,55.365998,11.040128,1818.875369104683,RESOLUTE BAY,232005179,13.1
2025-11-22 09:33:46+00:00,55.365998,11.040128,1818.875369104683,RESOLUTE BAY,232005179,13.1
2025-11-22 09:33:46+00:00,55.365998,11.040128,1818.875369104683,RESOLUTE BAY,232005179,13.1
2025-11-22 09:33:46+00:00,55.365998,11.040128,1818.875369104683,RESOLUTE BAY,232005179,13.1
2025-11-22 09:33:46+00:00,55.365998,11.040128,1818.875369104683,RESOLUTE BAY,232005179,13.1
2025-11-22 09:33:50+00:00,55.286855,11.051515,6955.457600963423,STAVFJORD,259888000,11.3
2025-11-22 09:33:50+00:00,55.286855,11.051515,6955.457600963423,STAVFJORD,259888000,11.3
2025-11-22 09:33:50+00:00,55.286855,11.051515,6955.457600963423,STAVFJORD,259888000,11.3
2025-11-22 09:33:50+00:00,55.286855,11.051515,6955.457600963423,STAVFJORD,259888000,11.3
2025-11-22 09:33:50+00:00,55.201882,11.09133,16731.438123511576,FEDERAL SUTTON,538004383,12.7
2025-11-22 09:33:50+00:00,55.201882,11.09133,16731.438123511576,FEDERAL SUTTON,538004383,12.7
2025-11-22 09:33:50+00:00,55.201882,11.09133,16731.438123511576,FEDERAL SUTTON,538004383,12.7
2025-11-22 09:33:50+00:00,55.286855,11.051515,6955.457600963423,STAVFJORD,259888000,11.3
2025-11-22 09:33:51+00:00,55.327987,11.03123,2210.346384116125,ARC ENDEAVOR,366663000,12.1
2025-11-22 09:33:51+00:00,55.327987,11.03123,2210.346384116125,ARC ENDEAVOR,366663000,12.1
2025-11-22 09:33:51+00:00,55.327987,11.03123,2210.346384116125,ARC ENDEAVOR,366663000,12.1
2025-11-22 09:33:51+00:00,55.327987,11.03123,2210.346384116125,ARC ENDEAVOR,366663000,12.1
2025-11-22 09:33:51+00:00,55.230633,11.100228,13697.083869956254,DUSK,629009770,10.7
2025-11-22 09:33:51+00:00,55.230633,11.100228,13697.083869956254,DUSK,629009770,10.7
2025-11-22 09:33:52+00:00,55.267472,11.066345,9259.626773509743,TERN SEA,219814000,11.8
2025-11-22 09:33:52+00:00,55.267472,11.066345,9259.626773509743,TERN SEA,219814000,11.8
2025-11-22 09:33:52+00:00,55.267472,11.066345,9259.626773509743,TERN SEA,219814000,11.8
2025-11-22 09:33:55+00:00,55.366537,11.040068,1878.316938261451,RESOLUTE BAY,232005179,13.0
2025-11-22 09:33:55+00:00,55.366537,11.040068,1878.316938261451,RESOLUTE BAY,232005179,13.0
2025-11-22 09:34:00+00:00,55.327427,11.031197,2271.1218894670774,ARC ENDEAVOR,366663000,12.0
2025-11-22 09:34:00+00:00,55.327427,11.031197,2271.1218894670774,ARC ENDEAVOR,366663000,12.0
2025-11-22 09:34:00+00:00,55.327427,11.031197,2271.1218894670774,ARC ENDEAVOR,366663000,12.0
2025-11-22 09:34:00+00:00,55.327427,11.031197,2271.1218894670774,ARC ENDEAVOR,366663000,12.0
2025-11-22 09:34:00+00:00,55.327427,11.031197,2271.1218894670774,ARC ENDEAVOR,366663000,12.0
2025-11-22 09:34:00+00:00,55.23107,11.100115,13648.039118042376,DUSK,629009770,10.7
2025-11-22 09:34:00+00:00,55.23107,11.100115,13648.039118042376,DUSK,629009770,10.7
2025-11-22 09:34:00+00:00,55.23107,11.100115,13648.039118042376,DUSK,629009770,10.7
2025-11-22 09:34:00+00:00,55.286382,11.051898,7012.254964694817,STAVFJORD,259888000,11.3
2025-11-22 09:34:00+00:00,55.327427,11.031197,2271.1218894670774,ARC ENDEAVOR,366663000,12.0
2025-11-22 09:34:01+00:00,55.20245,11.091833,16675.906202712325,FEDERAL SUTTON,538004383,12.7
2025-11-22 09:34:01+00:00,55.20245,11.091833,16675.906202712325,FEDERAL SUTTON,538004383,12.7
2025-11-22 09:34:01+00:00,55.20245,11.091833,16675.906202712325,FEDERAL SUTTON,538004383,12.7
2025-11-22 09:34:01+00:00,55.20245,11.091833,16675.906202712325,FEDERAL SUTTON,538004383,12.7
2025-11-22 09:34:03+00:00,55.266927,11.0668,9324.716399709163,TERN SEA,219814000,11.8
2025-11-22 09:34:03+00:00,55.266927,11.0668,9324.716399709163,TERN SEA,219814000,11.8
2025-11-22 09:34:03+00:00,55.266927,11.0668,9324.716399709163,TERN SEA,219814000,11.8
2025-11-22 09:34:03+00:00,55.266927,11.0668,9324.716399709163,TERN SEA,219814000,11.8
2025-11-22 09:34:03+00:00,55.266927,11.0668,9324.716399709163,TERN SEA,219814000,11.8
2025-11-22 09:34:06+00:00,55.367193,11.039967,1950.9638464796158,RESOLUTE BAY,232005179,13.0
2025-11-22 09:34:06+00:00,55.367193,11.039967,1950.9638464796158,RESOLUTE BAY,232005179,13.0
2025-11-22 09:34:06+00:00,55.367193,11.039967,1950.9638464796158,RESOLUTE BAY,232005179,13.0
2025-11-22 09:34:09+00:00,55.231507,11.1,13598.96746812019,DUSK,629009770,10.7
2025-11-22 09:34:09+00:00,55.231507,11.1,13598.96746812019,DUSK,629009770,10.7
2025-11-22 09:34:09+00:00,55.231507,11.1,13598.96746812019,DUSK,629009770,10.7
2025-11-22 09:34:10+00:00,55.202917,11.092248,16630.35127903328,FEDERAL SUTTON,538004383,12.7
2025-11-22 09:34:10+00:00,55.202917,11.092248,16630.35127903328,FEDERAL SUTTON,538004383,12.7
2025-11-22 09:34:10+00:00,55.202917,11.092248,16630.35127903328,FEDERAL SUTTON,538004383,12.7
2025-11-22 09:34:10+00:00,55.202917,11.092248,16630.35127903328,FEDERAL SUTTON,538004383,12.7
2025-11-22 09:34:10+00:00,55.202917,11.092248,16630.35127903328,FEDERAL SUTTON,538004383,12.7
2025-11-22 09:34:10+00:00,55.326923,11.031168,2325.835352154602,ARC ENDEAVOR,366663000,12.0
2025-11-22 09:34:10+00:00,55.326923,11.031168,2325.835352154602,ARC ENDEAVOR,366663000,12.0
2025-11-22 09:34:10+00:00,55.326923,11.031168,2325.835352154602,ARC ENDEAVOR,366663000,12.0
2025-11-22 09:34:10+00:00,55.326923,11.031168,2325.835352154602,ARC ENDEAVOR,366663000,12.0
2025-11-22 09:34:10+00:00,55.326923,11.031168,2325.835352154602,ARC ENDEAVOR,366663000,12.0
2025-11-22 09:34:11+00:00,55.26653,11.067128,9372.106833585884,TERN SEA,219814000,11.8
2025-11-22 09:34:11+00:00,55.26653,11.067128,9372.106833585884,TERN SEA,219814000,11.8
2025-11-22 09:34:11+00:00,55.26653,11.067128,9372.106833585884,TERN SEA,219814000,11.8
2025-11-22 09:34:11+00:00,55.26653,11.067128,9372.106833585884,TERN SEA,219814000,11.8
2025-11-22 09:34:11+00:00,55.28586,11.052327,7074.894837765004,STAVFJORD,259888000,11.3
2025-11-22 09:34:11+00:00,55.28586,11.052327,7074.894837765004,STAVFJORD,259888000,11.3
2025-11-22 09:34:11+00:00,55.28586,11.052327,7074.894837765004,STAVFJORD,259888000,11.3
2025-11-22 09:34:15+00:00,55.367733,11.039855,2011.168270775853,RESOLUTE BAY,232005179,13.0
2025-11-22 09:34:15+00:00,55.367733,11.039855,2011.168270775853,RESOLUTE BAY,232005179,13.0
2025-11-22 09:34:15+00:00,55.367733,11.039855,2011.168270775853,RESOLUTE BAY,232005179,13.0
2025-11-22 09:34:15+00:00,55.367733,11.039855,2011.168270775853,RESOLUTE BAY,232005179,13.0
2025-11-22 09:34:15+00:00,55.367733,11.039855,2011.168270775853,RESOLUTE BAY,232005179,13.0
2025-11-22 09:34:19+00:00,55.285437,11.052675,7125.482804564389,STAVFJORD,259888000,11.3
2025-11-22 09:34:19+00:00,55.285437,11.052675,7125.482804564389,STAVFJORD,259888000,11.3
2025-11-22 09:34:19+00:00,55.285437,11.052675,7125.482804564389,STAVFJORD,259888000,11.3
2025-11-22 09:34:20+00:00,55.203435,11.09271,16579.935375584784,FEDERAL SUTTON,538004383,12.7
2025-11-22 09:34:20+00:00,55.232043,11.099875,13539.004334460757,DUSK,629009770,10.7
2025-11-22 09:34:20+00:00,55.232043,11.099875,13539.004334460757,DUSK,629009770,10.7
2025-11-22 09:34:20+00:00,55.326307,11.031137,2392.740120160894,ARC ENDEAVOR,366663000,12.0
2025-11-22 09:34:20+00:00,55.326307,11.031137,2392.740120160894,ARC ENDEAVOR,366663000,12.0
2025-11-22 09:34:20+00:00,55.326307,11.031137,2392.740120160894,ARC ENDEAVOR,366663000,12.0
2025-11-22 09:34:20+00:00,55.326307,11.031137,2392.740120160894,ARC ENDEAVOR,366663000,12.0
2025-11-22 09:34:20+00:00,55.203435,11.09271,16579.935375584784,FEDERAL SUTTON,538004383,12.7
2025-11-22 09:34:20+00:00,55.203435,11.09271,16579.935375584784,FEDERAL SUTTON,538004383,12.7
2025-11-22 09:34:20+00:00,55.203435,11.09271,16579.935375584784,FEDERAL SUTTON,538004383,12.7
2025-11-22 09:34:20+00:00,55.203435,11.09271,16579.935375584784,FEDERAL SUTTON,538004383,12.7
2025-11-22 09:34:23+00:00,55.265887,11.067662,9448.907948888223,TERN SEA,219814000,11.8
2025-11-22 09:34:23+00:00,55.265887,11.067662,9448.907948888223,TERN SEA,219814000,11.8
2025-11-22 09:34:23+00:00,55.265887,11.067662,9448.907948888223,TERN SEA,219814000,11.8
2025-11-22 09:34:25+00:00,55.368392,11.039695,2084.976776612911,RESOLUTE BAY,232005179,13.0
2025-11-22 09:34:25+00:00,55.368392,11.039695,2084.976776612911,RESOLUTE BAY,232005179,13.0
2025-11-22 09:34:25+00:00,55.368392,11.039695,2084.976776612911,RESOLUTE BAY,232005179,13.0
2025-11-22 09:34:25+00:00,55.368392,11.039695,2084.976776612911,RESOLUTE BAY,232005179,13.0
2025-11-22 09:34:29+00:00,55.284962,11.053073,7182.407989879203,STAVFJORD,259888000,11.3
2025-11-22 09:34:29+00:00,55.284962,11.053073,7182.407989879203,STAVFJORD,259888000,11.3
2025-11-22 09:34:29+00:00,55.284962,11.053073,7182.407989879203,STAVFJORD,259888000,11.3
2025-11-22 09:34:29+00:00,55.284962,11.053073,7182.407989879203,STAVFJORD,259888000,11.3
2025-11-22 09:34:30+00:00,55.203955,11.093177,16529.467504791723,FEDERAL SUTTON,538004383,12.7
2025-11-22 09:34:30+00:00,55.203955,11.093177,16529.467504791723,FEDERAL SUTTON,538004383,12.7
2025-11-22 09:34:30+00:00,55.232537,11.099775,13483.95443224209,DUSK,629009770,10.8
2025-11-22 09:34:30+00:00,55.232537,11.099775,13483.95443224209,DUSK,629009770,10.8
2025-11-22 09:34:30+00:00,55.203955,11.093177,16529.467504791723,FEDERAL SUTTON,538004383,12.7
2025-11-22 09:34:31+00:00,55.32575,11.03111,2453.249904035773,ARC ENDEAVOR,366663000,12.0
2025-11-22 09:34:31+00:00,55.32575,11.03111,2453.249904035773,ARC ENDEAVOR,366663000,12.0
2025-11-22 09:34:31+00:00,55.32575,11.03111,2453.249904035773,ARC ENDEAVOR,366663000,12.0
2025-11-22 09:34:31+00:00,55.32575,11.03111,2453.249904035773,ARC ENDEAVOR,366663000,12.0
2025-11-22 09:34:31+00:00,55.32575,11.03111,2453.249904035773,ARC ENDEAVOR,366663000,12.0
2025-11-22 09:34:32+00:00,55.26549,11.06799,9496.31471133586,TERN SEA,219814000,11.9
2025-11-22 09:34:32+00:00,55.26549,11.06799,9496.31471133586,TERN SEA,219814000,11.9
2025-11-22 09:34:32+00:00,55.26549,11.06799,9496.31471133586,TERN SEA,219814000,11.9
2025-11-22 09:34:32+00:00,55.26549,11.06799,9496.31471133586,TERN SEA,219814000,11.9
2025-11-22 09:34:35+00:00,55.368927,11.039552,2145.089094251808,RESOLUTE BAY,232005179,13.0
2025-11-22 09:34:35+00:00,55.368927,11.039552,2145.089094251808,RESOLUTE BAY,232005179,13.0
2025-11-22 09:34:40+00:00,55.204473,11.093643,16479.305937122357,FEDERAL SUTTON,538004383,12.7
2025-11-22 09:34:40+00:00,55.204473,11.093643,16479.305937122357,FEDERAL SUTTON,538004383,12.7
2025-11-22 09:34:40+00:00,55.233032,11.099672,13428.75647223721,DUSK,629009770,10.8
2025-11-22 09:34:40+00:00,55.233032,11.099672,13428.75647223721,DUSK,629009770,10.8
2025-11-22 09:34:40+00:00,55.28449,11.053453,7238.797122160745,STAVFJORD,259888000,11.3
2025-11-22 09:34:40+00:00,55.28449,11.053453,7238.797122160745,STAVFJORD,259888000,11.3
2025-11-22 09:34:40+00:00,55.28449,11.053453,7238.797122160745,STAVFJORD,259888000,11.3
2025-11-22 09:34:40+00:00,55.28449,11.053453,7238.797122160745,STAVFJORD,259888000,11.3
2025-11-22 09:34:41+00:00,55.32519,11.03108,2514.076042073063,ARC ENDEAVOR,366663000,12.0
2025-11-22 09:34:41+00:00,55.32519,11.03108,2514.076042073063,ARC ENDEAVOR,366663000,12.0
2025-11-22 09:34:41+00:00,55.32519,11.03108,2514.076042073063,ARC ENDEAVOR,366663000,12.0
2025-11-22 09:34:41+00:00,55.32519,11.03108,2514.076042073063,ARC ENDEAVOR,366663000,12.0
2025-11-22 09:34:41+00:00,55.32519,11.03108,2514.076042073063,ARC ENDEAVOR,366663000,12.0
2025-11-22 09:34:43+00:00,55.264943,11.068448,9561.733318333168,TERN SEA,219814000,11.9
2025-11-22 09:34:43+00:00,55.264943,11.068448,9561.733318333168,TERN SEA,219814000,11.9
2025-11-22 09:34:43+00:00,55.264943,11.068448,9561.733318333168,TERN SEA,219814000,11.9
2025-11-22 09:34:43+00:00,55.264943,11.068448,9561.733318333168,TERN SEA,219814000,11.9
2025-11-22 09:34:46+00:00,55.369637,11.039327,2225.352829130705,RESOLUTE BAY,232005179,12.9
2025-11-22 09:34:46+00:00,55.369637,11.039327,2225.352829130705,RESOLUTE BAY,232005179,12.9
2025-11-22 09:34:50+00:00,55.284012,11.053832,7295.84601941516,STAVFJORD,259888000,11.3
2025-11-22 09:34:50+00:00,55.284012,11.053832,7295.84601941516,STAVFJORD,259888000,11.3
2025-11-22 09:34:50+00:00,55.284012,11.053832,7295.84601941516,STAVFJORD,259888000,11.3
2025-11-22 09:34:50+00:00,55.284012,11.053832,7295.84601941516,STAVFJORD,259888000,11.3
2025-11-22 09:34:50+00:00,55.204993,11.094108,16428.000456735128,FEDERAL SUTTON,538004383,12.7
2025-11-22 09:34:50+00:00,55.204993,11.094108,16428.000456735128,FEDERAL SUTTON,538004383,12.7
2025-11-22 09:34:50+00:00,55.284012,11.053832,7295.84601941516,STAVFJORD,259888000,11.3
2025-11-22 09:34:51+00:00,55.233572,11.099535,13368.197328383134,DUSK,629009770,10.8
2025-11-22 09:34:51+00:00,55.233572,11.099535,13368.197328383134,DUSK,629009770,10.8
2025-11-22 09:34:51+00:00,55.233572,11.099535,13368.197328383134,DUSK,629009770,10.8
2025-11-22 09:34:51+00:00,55.324635,11.031048,2574.3444123830327,ARC ENDEAVOR,366663000,12.0
2025-11-22 09:34:51+00:00,55.324635,11.031048,2574.3444123830327,ARC ENDEAVOR,366663000,12.0
2025-11-22 09:34:51+00:00,55.324635,11.031048,2574.3444123830327,ARC ENDEAVOR,366663000,12.0
2025-11-22 09:34:51+00:00,55.324635,11.031048,2574.3444123830327,ARC ENDEAVOR,366663000,12.0
2025-11-22 09:34:51+00:00,55.324635,11.031048,2574.3444123830327,ARC ENDEAVOR,366663000,12.0
2025-11-22 09:34:52+00:00,55.264497,11.068825,9615.138964700216,TERN SEA,219814000,11.9
2025-11-22 09:34:52+00:00,55.264497,11.068825,9615.138964700216,TERN SEA,219814000,11.9
2025-11-22 09:34:52+00:00,55.264497,11.068825,9615.138964700216,TERN SEA,219814000,11.9
2025-11-22 09:34:54+00:00,55.204993,11.094108,16428.000456735128,FEDERAL SUTTON,538004383,12.7
2025-11-22 09:34:54+00:00,55.204993,11.094108,16428.000456735128,FEDERAL SUTTON,538004383,12.7
2025-11-22 09:34:55+00:00,55.370105,11.039155,2278.582147472935,RESOLUTE BAY,232005179,12.9
2025-11-22 09:34:55+00:00,55.370105,11.039155,2278.582147472935,RESOLUTE BAY,232005179,12.9
2025-11-22 09:34:55+00:00,55.370105,11.039155,2278.582147472935,RESOLUTE BAY,232005179,12.9
2025-11-22 09:35:00+00:00,55.324078,11.031018,2634.8847253734953,ARC ENDEAVOR,366663000,12.0
2025-11-22 09:35:00+00:00,55.324078,11.031018,2634.8847253734953,ARC ENDEAVOR,366663000,12.0
2025-11-22 09:35:00+00:00,55.324078,11.031018,2634.8847253734953,ARC ENDEAVOR,366663000,12.0
2025-11-22 09:35:00+00:00,55.324078,11.031018,2634.8847253734953,ARC ENDEAVOR,366663000,12.0
2025-11-22 09:35:00+00:00,55.324078,11.031018,2634.8847253734953,ARC ENDEAVOR,366663000,12.0
2025-11-22 09:35:00+00:00,55.283535,11.054215,7352.84126571009,STAVFJORD,259888000,11.3
2025-11-22 09:35:00+00:00,55.234022,11.099423,13317.76316000663,DUSK,629009770,10.7
2025-11-22 09:35:00+00:00,55.234022,11.099423,13317.76316000663,DUSK,629009770,10.7
2025-11-22 09:35:00+00:00,55.283535,11.054215,7352.84126571009,STAVFJORD,259888000,11.3
2025-11-22 09:35:00+00:00,55.283535,11.054215,7352.84126571009,STAVFJORD,259888000,11.3
2025-11-22 09:35:00+00:00,55.234022,11.099423,13317.76316000663,DUSK,629009770,10.7
2025-11-22 09:35:01+00:00,55.205565,11.094617,16370.322669644556,FEDERAL SUTTON,538004383,12.7
2025-11-22 09:35:01+00:00,55.205565,11.094617,16370.322669644556,FEDERAL SUTTON,538004383,12.7
2025-11-22 09:35:01+00:00,55.205565,11.094617,16370.322669644556,FEDERAL SUTTON,538004383,12.7
2025-11-22 09:35:01+00:00,55.205565,11.094617,16370.322669644556,FEDERAL SUTTON,538004383,12.7
2025-11-22 09:35:03+00:00,55.263948,11.069288,9680.891255912424,TERN SEA,219814000,11.9
2025-11-22 09:35:03+00:00,55.263948,11.069288,9680.891255912424,TERN SEA,219814000,11.9
2025-11-22 09:35:03+00:00,55.263948,11.069288,9680.891255912424,TERN SEA,219814000,11.9
2025-11-22 09:35:03+00:00,55.263948,11.069288,9680.891255912424,TERN SEA,219814000,11.9
2025-11-22 09:35:03+00:00,55.263948,11.069288,9680.891255912424,TERN SEA,219814000,11.9
2025-11-22 09:35:06+00:00,55.370743,11.038888,2351.5884677951244,RESOLUTE BAY,232005179,12.9
2025-11-22 09:35:06+00:00,55.370743,11.038888,2351.5884677951244,RESOLUTE BAY,232005179,12.9
2025-11-22 09:35:09+00:00,55.234458,11.099243,13267.89357467274,DUSK,629009770,10.7
2025-11-22 09:35:09+00:00,55.234458,11.099243,13267.89357467274,DUSK,629009770,10.7
2025-11-22 09:35:09+00:00,55.234458,11.099243,13267.89357467274,DUSK,629009770,10.7
2025-11-22 09:35:10+00:00,55.206033,11.095033,16323.207778740332,FEDERAL SUTTON,538004383,12.7
2025-11-22 09:35:10+00:00,55.206033,11.095033,16323.207778740332,FEDERAL SUTTON,538004383,12.7
2025-11-22 09:35:10+00:00,55.206033,11.095033,16323.207778740332,FEDERAL SUTTON,538004383,12.7
2025-11-22 09:35:10+00:00,55.323577,11.030988,2689.3114379701406,ARC ENDEAVOR,366663000,11.9
2025-11-22 09:35:10+00:00,55.206033,11.095033,16323.207778740332,FEDERAL SUTTON,538004383,12.7
2025-11-22 09:35:10+00:00,55.323577,11.030988,2689.3114379701406,ARC ENDEAVOR,366663000,11.9
2025-11-22 09:35:10+00:00,55.323577,11.030988,2689.3114379701406,ARC ENDEAVOR,366663000,11.9
2025-11-22 09:35:10+00:00,55.323577,11.030988,2689.3114379701406,ARC ENDEAVOR,366663000,11.9
2025-11-22 09:35:10+00:00,55.323577,11.030988,2689.3114379701406,ARC ENDEAVOR,366663000,11.9
2025-11-22 09:35:11+00:00,55.263502,11.06967,9734.403535190413,TERN SEA,219814000,11.9
2025-11-22 09:35:11+00:00,55.283012,11.054633,7415.322074097321,STAVFJORD,259888000,11.3
2025-11-22 09:35:11+00:00,55.283012,11.054633,7415.322074097321,STAVFJORD,259888000,11.3
2025-11-22 09:35:11+00:00,55.283012,11.054633,7415.322074097321,STAVFJORD,259888000,11.3
2025-11-22 09:35:11+00:00,55.263502,11.06967,9734.403535190413,TERN SEA,219814000,11.9
2025-11-22 09:35:11+00:00,55.263502,11.06967,9734.403535190413,TERN SEA,219814000,11.9
2025-11-22 09:35:11+00:00,55.263502,11.06967,9734.403535190413,TERN SEA,219814000,11.9
2025-11-22 09:35:15+00:00,55.371267,11.038662,2411.641732905399,RESOLUTE BAY,232005179,12.8
2025-11-22 09:35:15+00:00,55.371267,11.038662,2411.641732905399,RESOLUTE BAY,232005179,12.8
2025-11-22 09:35:15+00:00,55.371267,11.038662,2411.641732905399,RESOLUTE BAY,232005179,12.8
2025-11-22 09:35:15+00:00,55.371267,11.038662,2411.641732905399,RESOLUTE BAY,232005179,12.8
2025-11-22 09:35:19+00:00,55.282587,11.05497,7466.078290968585,STAVFJORD,259888000,11.3
2025-11-22 09:35:19+00:00,55.282587,11.05497,7466.078290968585,STAVFJORD,259888000,11.3
2025-11-22 09:35:19+00:00,55.282587,11.05497,7466.078290968585,STAVFJORD,259888000,11.3
2025-11-22 09:35:19+00:00,55.282587,11.05497,7466.078290968585,STAVFJORD,259888000,11.3
2025-11-22 09:35:20+00:00,55.206602,11.095543,16266.068204664587,FEDERAL SUTTON,538004383,12.7
2025-11-22 09:35:20+00:00,55.206602,11.095543,16266.068204664587,FEDERAL SUTTON,538004383,12.7
2025-11-22 09:35:20+00:00,55.206602,11.095543,16266.068204664587,FEDERAL SUTTON,538004383,12.7
2025-11-22 09:35:20+00:00,55.206602,11.095543,16266.068204664587,FEDERAL SUTTON,538004383,12.7
2025-11-22 09:35:20+00:00,55.206602,11.095543,16266.068204664587,FEDERAL SUTTON,538004383,12.7
2025-11-22 09:35:20+00:00,55.322965,11.030958,2755.9296428075163,ARC ENDEAVOR,366663000,11.9
2025-11-22 09:35:20+00:00,55.322965,11.030958,2755.9296428075163,ARC ENDEAVOR,366663000,11.9
2025-11-22 09:35:20+00:00,55.322965,11.030958,2755.9296428075163,ARC ENDEAVOR,366663000,11.9
2025-11-22 09:35:20+00:00,55.322965,11.030958,2755.9296428075163,ARC ENDEAVOR,366663000,11.9
2025-11-22 09:35:21+00:00,55.235027,11.098945,13201.92529710669,DUSK,629009770,10.6
2025-11-22 09:35:21+00:00,55.235027,11.098945,13201.92529710669,DUSK,629009770,10.6
2025-11-22 09:35:21+00:00,55.235027,11.098945,13201.92529710669,DUSK,629009770,10.6
2025-11-22 09:35:23+00:00,55.262903,11.070187,9806.354109936565,TERN SEA,219814000,11.9
2025-11-22 09:35:23+00:00,55.262903,11.070187,9806.354109936565,TERN SEA,219814000,11.9
2025-11-22 09:35:23+00:00,55.262903,11.070187,9806.354109936565,TERN SEA,219814000,11.9
2025-11-22 09:35:25+00:00,55.371897,11.038362,2484.2318431153644,RESOLUTE BAY,232005179,12.7
2025-11-22 09:35:25+00:00,55.371897,11.038362,2484.2318431153644,RESOLUTE BAY,232005179,12.7
2025-11-22 09:35:25+00:00,55.371897,11.038362,2484.2318431153644,RESOLUTE BAY,232005179,12.7
2025-11-22 09:35:29+00:00,55.282107,11.055357,7523.5084842556325,STAVFJORD,259888000,11.3
2025-11-22 09:35:29+00:00,55.282107,11.055357,7523.5084842556325,STAVFJORD,259888000,11.3
2025-11-22 09:35:29+00:00,55.282107,11.055357,7523.5084842556325,STAVFJORD,259888000,11.3
2025-11-22 09:35:29+00:00,55.282107,11.055357,7523.5084842556325,STAVFJORD,259888000,11.3
2025-11-22 09:35:30+00:00,55.207067,11.09596,16219.456931072844,FEDERAL SUTTON,538004383,12.7
2025-11-22 09:35:30+00:00,55.207067,11.09596,16219.456931072844,FEDERAL SUTTON,538004383,12.7
2025-11-22 09:35:30+00:00,55.207067,11.09596,16219.456931072844,FEDERAL SUTTON,538004383,12.7
2025-11-22 09:35:30+00:00,55.235463,11.098727,13151.52279565516,DUSK,629009770,10.7
2025-11-22 09:35:30+00:00,55.235463,11.098727,13151.52279565516,DUSK,629009770,10.7
2025-11-22 09:35:30+00:00,55.207067,11.09596,16219.456931072844,FEDERAL SUTTON,538004383,12.7
2025-11-22 09:35:31+00:00,55.32241,11.030932,2816.373693839784,ARC ENDEAVOR,366663000,11.9
2025-11-22 09:35:31+00:00,55.32241,11.030932,2816.373693839784,ARC ENDEAVOR,366663000,11.9
2025-11-22 09:35:31+00:00,55.32241,11.030932,2816.373693839784,ARC ENDEAVOR,366663000,11.9
2025-11-22 09:35:31+00:00,55.32241,11.030932,2816.373693839784,ARC ENDEAVOR,366663000,11.9
2025-11-22 09:35:31+00:00,55.32241,11.030932,2816.373693839784,ARC ENDEAVOR,366663000,11.9
2025-11-22 09:35:32+00:00,55.262505,11.070527,9854.132995393951,TERN SEA,219814000,11.9
2025-11-22 09:35:32+00:00,55.262505,11.070527,9854.132995393951,TERN SEA,219814000,11.9
2025-11-22 09:35:32+00:00,55.262505,11.070527,9854.132995393951,TERN SEA,219814000,11.9
2025-11-22 09:35:32+00:00,55.262505,11.070527,9854.132995393951,TERN SEA,219814000,11.9
2025-11-22 09:35:35+00:00,55.372407,11.038093,2543.3597106481275,RESOLUTE BAY,232005179,12.7
2025-11-22 09:35:35+00:00,55.372407,11.038093,2543.3597106481275,RESOLUTE BAY,232005179,12.7
2025-11-22 09:35:35+00:00,55.372407,11.038093,2543.3597106481275,RESOLUTE BAY,232005179,12.7
2025-11-22 09:35:35+00:00,55.372407,11.038093,2543.3597106481275,RESOLUTE BAY,232005179,12.7
2025-11-22 09:35:35+00:00,55.372407,11.038093,2543.3597106481275,RESOLUTE BAY,232005179,12.7
2025-11-22 09:35:40+00:00,55.235947,11.098528,13096.174814474827,DUSK,629009770,10.7
2025-11-22 09:35:40+00:00,55.207587,11.096427,16167.428318698272,FEDERAL SUTTON,538004383,12.7
2025-11-22 09:35:40+00:00,55.207587,11.096427,16167.428318698272,FEDERAL SUTTON,538004383,12.7
2025-11-22 09:35:40+00:00,55.207587,11.096427,16167.428318698272,FEDERAL SUTTON,538004383,12.7
2025-11-22 09:35:40+00:00,55.235947,11.098528,13096.174814474827,DUSK,629009770,10.7
2025-11-22 09:35:40+00:00,55.207587,11.096427,16167.428318698272,FEDERAL SUTTON,538004383,12.7
2025-11-22 09:35:40+00:00,55.281623,11.055763,7581.653466331232,STAVFJORD,259888000,11.3
2025-11-22 09:35:40+00:00,55.281623,11.055763,7581.653466331232,STAVFJORD,259888000,11.3
2025-11-22 09:35:40+00:00,55.281623,11.055763,7581.653466331232,STAVFJORD,259888000,11.3
2025-11-22 09:35:40+00:00,55.281623,11.055763,7581.653466331232,STAVFJORD,259888000,11.3
2025-11-22 09:35:40+00:00,55.281623,11.055763,7581.653466331232,STAVFJORD,259888000,11.3
2025-11-22 09:35:40+00:00,55.207587,11.096427,16167.428318698272,FEDERAL SUTTON,538004383,12.7
2025-11-22 09:35:41+00:00,55.321855,11.030907,2876.8535468253435,ARC ENDEAVOR,366663000,12.0
2025-11-22 09:35:41+00:00,55.321855,11.030907,2876.8535468253435,ARC ENDEAVOR,366663000,12.0
2025-11-22 09:35:41+00:00,55.321855,11.030907,2876.8535468253435,ARC ENDEAVOR,366663000,12.0
2025-11-22 09:35:41+00:00,55.321855,11.030907,2876.8535468253435,ARC ENDEAVOR,366663000,12.0
2025-11-22 09:35:41+00:00,55.321855,11.030907,2876.8535468253435,ARC ENDEAVOR,366663000,12.0
2025-11-22 09:35:42+00:00,55.262008,11.070955,9913.8622411442,TERN SEA,219814000,11.9
2025-11-22 09:35:43+00:00,55.262008,11.070955,9913.8622411442,TERN SEA,219814000,11.9
2025-11-22 09:35:43+00:00,55.262008,11.070955,9913.8622411442,TERN SEA,219814000,11.9
2025-11-22 09:35:43+00:00,55.262008,11.070955,9913.8622411442,TERN SEA,219814000,11.9
2025-11-22 09:35:46+00:00,55.373077,11.037708,2621.490226706208,RESOLUTE BAY,232005179,12.7
2025-11-22 09:35:46+00:00,55.373077,11.037708,2621.490226706208,RESOLUTE BAY,232005179,12.7
2025-11-22 09:35:50+00:00,55.28109,11.056208,7645.684608732843,STAVFJORD,259888000,11.3
2025-11-22 09:35:50+00:00,55.28109,11.056208,7645.684608732843,STAVFJORD,259888000,11.3
2025-11-22 09:35:50+00:00,55.28109,11.056208,7645.684608732843,STAVFJORD,259888000,11.3
2025-11-22 09:35:50+00:00,55.208108,11.096917,16115.637464146654,FEDERAL SUTTON,538004383,12.7
2025-11-22 09:35:50+00:00,55.208108,11.096917,16115.637464146654,FEDERAL SUTTON,538004383,12.7
2025-11-22 09:35:50+00:00,55.208108,11.096917,16115.637464146654,FEDERAL SUTTON,538004383,12.7
2025-11-22 09:35:50+00:00,55.28109,11.056208,7645.684608732843,STAVFJORD,259888000,11.3
2025-11-22 09:35:51+00:00,55.321302,11.03088,2937.1472833263974,ARC ENDEAVOR,366663000,12.0
2025-11-22 09:35:51+00:00,55.321302,11.03088,2937.1472833263974,ARC ENDEAVOR,366663000,12.0
2025-11-22 09:35:51+00:00,55.321302,11.03088,2937.1472833263974,ARC ENDEAVOR,366663000,12.0
2025-11-22 09:35:51+00:00,55.321302,11.03088,2937.1472833263974,ARC ENDEAVOR,366663000,12.0
2025-11-22 09:35:51+00:00,55.236473,11.098323,13036.181962198096,DUSK,629009770,10.7
2025-11-22 09:35:51+00:00,55.236473,11.098323,13036.181962198096,DUSK,629009770,10.7
2025-11-22 09:35:51+00:00,55.236473,11.098323,13036.181962198096,DUSK,629009770,10.7
2025-11-22 09:35:51+00:00,55.321302,11.03088,2937.1472833263974,ARC ENDEAVOR,366663000,12.0
2025-11-22 09:35:52+00:00,55.26151,11.071382,9973.710705696223,TERN SEA,219814000,11.9
2025-11-22 09:35:52+00:00,55.26151,11.071382,9973.710705696223,TERN SEA,219814000,11.9
2025-11-22 09:35:52+00:00,55.26151,11.071382,9973.710705696223,TERN SEA,219814000,11.9
2025-11-22 09:35:56+00:00,55.373577,11.037398,2679.7256973154417,RESOLUTE BAY,232005179,12.6
2025-11-22 09:35:56+00:00,55.373577,11.037398,2679.7256973154417,RESOLUTE BAY,232005179,12.6
2025-11-22 09:36:00+00:00,55.236898,11.098142,12987.49326240615,DUSK,629009770,10.7
2025-11-22 09:36:00+00:00,55.320747,11.03085,2997.679762838841,ARC ENDEAVOR,366663000,12.0
2025-11-22 09:36:00+00:00,55.320747,11.03085,2997.679762838841,ARC ENDEAVOR,366663000,12.0
2025-11-22 09:36:00+00:00,55.320747,11.03085,2997.679762838841,ARC ENDEAVOR,366663000,12.0
2025-11-22 09:36:00+00:00,55.320747,11.03085,2997.679762838841,ARC ENDEAVOR,366663000,12.0
2025-11-22 09:36:00+00:00,55.208625,11.0974,16064.30959378724,FEDERAL SUTTON,538004383,12.6
2025-11-22 09:36:00+00:00,55.320747,11.03085,2997.679762838841,ARC ENDEAVOR,366663000,12.0
2025-11-22 09:36:00+00:00,55.208625,11.0974,16064.30959378724,FEDERAL SUTTON,538004383,12.6
2025-11-22 09:36:00+00:00,55.236898,11.098142,12987.49326240615,DUSK,629009770,10.7
2025-11-22 09:36:00+00:00,55.208625,11.0974,16064.30959378724,FEDERAL SUTTON,538004383,12.6
2025-11-22 09:36:00+00:00,55.208625,11.0974,16064.30959378724,FEDERAL SUTTON,538004383,12.6
2025-11-22 09:36:00+00:00,55.208625,11.0974,16064.30959378724,FEDERAL SUTTON,538004383,12.6
2025-11-22 09:36:00+00:00,55.280663,11.056547,7696.760458037436,STAVFJORD,259888000,11.3
2025-11-22 09:36:00+00:00,55.280663,11.056547,7696.760458037436,STAVFJORD,259888000,11.3
2025-11-22 09:36:00+00:00,55.280663,11.056547,7696.760458037436,STAVFJORD,259888000,11.3
2025-11-22 09:36:00+00:00,55.280663,11.056547,7696.760458037436,STAVFJORD,259888000,11.3
2025-11-22 09:36:00+00:00,55.280663,11.056547,7696.760458037436,STAVFJORD,259888000,11.3
2025-11-22 09:36:03+00:00,55.261008,11.0718,10033.898238196338,TERN SEA,219814000,11.8
2025-11-22 09:36:03+00:00,55.261008,11.0718,10033.898238196338,TERN SEA,219814000,11.8
2025-11-22 09:36:03+00:00,55.261008,11.0718,10033.898238196338,TERN SEA,219814000,11.8
2025-11-22 09:36:03+00:00,55.261008,11.0718,10033.898238196338,TERN SEA,219814000,11.8
2025-11-22 09:36:06+00:00,55.374123,11.037033,2743.5715560425197,RESOLUTE BAY,232005179,12.6
2025-11-22 09:36:06+00:00,55.374123,11.037033,2743.5715560425197,RESOLUTE BAY,232005179,12.6
2025-11-22 09:36:06+00:00,55.374123,11.037033,2743.5715560425197,RESOLUTE BAY,232005179,12.6
2025-11-22 09:36:09+00:00,55.237323,11.097965,12938.86069814796,DUSK,629009770,10.7
2025-11-22 09:36:09+00:00,55.237323,11.097965,12938.86069814796,DUSK,629009770,10.7
2025-11-22 09:36:10+00:00,55.32019,11.03081,3058.3696803295356,ARC ENDEAVOR,366663000,11.9
2025-11-22 09:36:10+00:00,55.32019,11.03081,3058.3696803295356,ARC ENDEAVOR,366663000,11.9
2025-11-22 09:36:10+00:00,55.32019,11.03081,3058.3696803295356,ARC ENDEAVOR,366663000,11.9
2025-11-22 09:36:10+00:00,55.32019,11.03081,3058.3696803295356,ARC ENDEAVOR,366663000,11.9
2025-11-22 09:36:10+00:00,55.32019,11.03081,3058.3696803295356,ARC ENDEAVOR,366663000,11.9
2025-11-22 09:36:10+00:00,55.209137,11.097888,16013.68710680791,FEDERAL SUTTON,538004383,12.6
2025-11-22 09:36:10+00:00,55.209137,11.097888,16013.68710680791,FEDERAL SUTTON,538004383,12.6
2025-11-22 09:36:10+00:00,55.209137,11.097888,16013.68710680791,FEDERAL SUTTON,538004383,12.6
2025-11-22 09:36:10+00:00,55.209137,11.097888,16013.68710680791,FEDERAL SUTTON,538004383,12.6
2025-11-22 09:36:10+00:00,55.209137,11.097888,16013.68710680791,FEDERAL SUTTON,538004383,12.6
2025-11-22 09:36:10+00:00,55.32019,11.03081,3058.3696803295356,ARC ENDEAVOR,366663000,11.9
2025-11-22 09:36:11+00:00,55.260555,11.072178,10088.239165150055,TERN SEA,219814000,11.8
2025-11-22 09:36:11+00:00,55.260555,11.072178,10088.239165150055,TERN SEA,219814000,11.8
2025-11-22 09:36:11+00:00,55.260555,11.072178,10088.239165150055,TERN SEA,219814000,11.8
2025-11-22 09:36:11+00:00,55.260555,11.072178,10088.239165150055,TERN SEA,219814000,11.8
2025-11-22 09:36:11+00:00,55.260555,11.072178,10088.239165150055,TERN SEA,219814000,11.8
2025-11-22 09:36:11+00:00,55.280145,11.056952,7758.654325514509,STAVFJORD,259888000,11.3
2025-11-22 09:36:11+00:00,55.280145,11.056952,7758.654325514509,STAVFJORD,259888000,11.3
2025-11-22 09:36:11+00:00,55.280145,11.056952,7758.654325514509,STAVFJORD,259888000,11.3
2025-11-22 09:36:15+00:00,55.374612,11.036682,2801.030771616452,RESOLUTE BAY,232005179,12.6
2025-11-22 09:36:15+00:00,55.374612,11.036682,2801.030771616452,RESOLUTE BAY,232005179,12.6
2025-11-22 09:36:15+00:00,55.374612,11.036682,2801.030771616452,RESOLUTE BAY,232005179,12.6
2025-11-22 09:36:19+00:00,55.319688,11.030778,3113.1552003189113,ARC ENDEAVOR,366663000,11.9
2025-11-22 09:36:19+00:00,55.279717,11.057313,7810.178789619964,STAVFJORD,259888000,11.3
2025-11-22 09:36:19+00:00,55.319688,11.030778,3113.1552003189113,ARC ENDEAVOR,366663000,11.9
2025-11-22 09:36:19+00:00,55.319688,11.030778,3113.1552003189113,ARC ENDEAVOR,366663000,11.9
2025-11-22 09:36:19+00:00,55.319688,11.030778,3113.1552003189113,ARC ENDEAVOR,366663000,11.9
2025-11-22 09:36:19+00:00,55.279717,11.057313,7810.178789619964,STAVFJORD,259888000,11.3
2025-11-22 09:36:19+00:00,55.279717,11.057313,7810.178789619964,STAVFJORD,259888000,11.3
2025-11-22 09:36:19+00:00,55.319688,11.030778,3113.1552003189113,ARC ENDEAVOR,366663000,11.9
2025-11-22 09:36:19+00:00,55.279717,11.057313,7810.178789619964,STAVFJORD,259888000,11.3
2025-11-22 09:36:21+00:00,55.20965,11.09837,15962.989373991657,FEDERAL SUTTON,538004383,12.6
2025-11-22 09:36:21+00:00,55.20965,11.09837,15962.989373991657,FEDERAL SUTTON,538004383,12.6
2025-11-22 09:36:21+00:00,55.20965,11.09837,15962.989373991657,FEDERAL SUTTON,538004383,12.6
2025-11-22 09:36:21+00:00,55.20965,11.09837,15962.989373991657,FEDERAL SUTTON,538004383,12.6
2025-11-22 09:36:21+00:00,55.237893,11.097685,12873.039072491638,DUSK,629009770,10.7
2025-11-22 09:36:21+00:00,55.237893,11.097685,12873.039072491638,DUSK,629009770,10.7
2025-11-22 09:36:23+00:00,55.25995,11.072678,10160.774513161841,TERN SEA,219814000,11.9
2025-11-22 09:36:23+00:00,55.25995,11.072678,10160.774513161841,TERN SEA,219814000,11.9
2025-11-22 09:36:23+00:00,55.25995,11.072678,10160.774513161841,TERN SEA,219814000,11.9
2025-11-22 09:36:25+00:00,55.3752,11.036222,2870.625446055164,RESOLUTE BAY,232005179,12.6
2025-11-22 09:36:25+00:00,55.3752,11.036222,2870.625446055164,RESOLUTE BAY,232005179,12.6
2025-11-22 09:36:25+00:00,55.3752,11.036222,2870.625446055164,RESOLUTE BAY,232005179,12.6
2025-11-22 09:36:25+00:00,55.3752,11.036222,2870.625446055164,RESOLUTE BAY,232005179,12.6
2025-11-22 09:36:25+00:00,55.3752,11.036222,2870.625446055164,RESOLUTE BAY,232005179,12.6
2025-11-22 09:36:29+00:00,55.279238,11.057715,7867.835772523975,STAVFJORD,259888000,11.3
2025-11-22 09:36:29+00:00,55.279238,11.057715,7867.835772523975,STAVFJORD,259888000,11.3
2025-11-22 09:36:29+00:00,55.279238,11.057715,7867.835772523975,STAVFJORD,259888000,11.3
2025-11-22 09:36:29+00:00,55.279238,11.057715,7867.835772523975,STAVFJORD,259888000,11.3
2025-11-22 09:36:29+00:00,55.279238,11.057715,7867.835772523975,STAVFJORD,259888000,11.3
2025-11-22 09:36:30+00:00,55.238313,11.097458,12824.250258201337,DUSK,629009770,10.7
2025-11-22 09:36:30+00:00,55.238313,11.097458,12824.250258201337,DUSK,629009770,10.7
2025-11-22 09:36:30+00:00,55.21017,11.098832,15911.395162640867,FEDERAL SUTTON,538004383,12.6
2025-11-22 09:36:30+00:00,55.21017,11.098832,15911.395162640867,FEDERAL SUTTON,538004383,12.6
2025-11-22 09:36:30+00:00,55.21017,11.098832,15911.395162640867,FEDERAL SUTTON,538004383,12.6
2025-11-22 09:36:30+00:00,55.21017,11.098832,15911.395162640867,FEDERAL SUTTON,538004383,12.6
2025-11-22 09:36:30+00:00,55.319078,11.030742,3179.338950320418,ARC ENDEAVOR,366663000,12.0
2025-11-22 09:36:31+00:00,55.319078,11.030742,3179.338950320418,ARC ENDEAVOR,366663000,12.0
2025-11-22 09:36:31+00:00,55.319078,11.030742,3179.338950320418,ARC ENDEAVOR,366663000,12.0
2025-11-22 09:36:31+00:00,55.319078,11.030742,3179.338950320418,ARC ENDEAVOR,366663000,12.0
2025-11-22 09:36:31+00:00,55.319078,11.030742,3179.338950320418,ARC ENDEAVOR,366663000,12.0
2025-11-22 09:36:32+00:00,55.259498,11.073045,10214.895928451642,TERN SEA,219814000,11.9
2025-11-22 09:36:32+00:00,55.259498,11.073045,10214.895928451642,TERN SEA,219814000,11.9
2025-11-22 09:36:32+00:00,55.259498,11.073045,10214.895928451642,TERN SEA,219814000,11.9
2025-11-22 09:36:32+00:00,55.259498,11.073045,10214.895928451642,TERN SEA,219814000,11.9
2025-11-22 09:36:35+00:00,55.375675,11.035835,2927.0991649607217,RESOLUTE BAY,232005179,12.5
2025-11-22 09:36:35+00:00,55.375675,11.035835,2927.0991649607217,RESOLUTE BAY,232005179,12.5
2025-11-22 09:36:35+00:00,55.375675,11.035835,2927.0991649607217,RESOLUTE BAY,232005179,12.5
2025-11-22 09:36:35+00:00,55.375675,11.035835,2927.0991649607217,RESOLUTE BAY,232005179,12.5
2025-11-22 09:36:40+00:00,55.210762,11.099312,15852.233777599062,FEDERAL SUTTON,538004383,12.5
2025-11-22 09:36:40+00:00,55.210762,11.099312,15852.233777599062,FEDERAL SUTTON,538004383,12.5
2025-11-22 09:36:40+00:00,55.210762,11.099312,15852.233777599062,FEDERAL SUTTON,538004383,12.5
2025-11-22 09:36:40+00:00,55.210762,11.099312,15852.233777599062,FEDERAL SUTTON,538004383,12.5
2025-11-22 09:36:40+00:00,55.27876,11.058102,7925.192787679672,STAVFJORD,259888000,11.3
2025-11-22 09:36:40+00:00,55.27876,11.058102,7925.192787679672,STAVFJORD,259888000,11.3
2025-11-22 09:36:40+00:00,55.27876,11.058102,7925.192787679672,STAVFJORD,259888000,11.3
2025-11-22 09:36:40+00:00,55.27876,11.058102,7925.192787679672,STAVFJORD,259888000,11.3
2025-11-22 09:36:40+00:00,55.27876,11.058102,7925.192787679672,STAVFJORD,259888000,11.3
2025-11-22 09:36:41+00:00,55.31852,11.030708,3239.692773138784,ARC ENDEAVOR,366663000,12.0
2025-11-22 09:36:41+00:00,55.31852,11.030708,3239.692773138784,ARC ENDEAVOR,366663000,12.0
2025-11-22 09:36:41+00:00,55.31852,11.030708,3239.692773138784,ARC ENDEAVOR,366663000,12.0
2025-11-22 09:36:41+00:00,55.23884,11.097175,12763.059099341272,DUSK,629009770,10.7
2025-11-22 09:36:41+00:00,55.31852,11.030708,3239.692773138784,ARC ENDEAVOR,366663000,12.0
2025-11-22 09:36:42+00:00,55.258948,11.073487,10280.70883280754,TERN SEA,219814000,11.9
2025-11-22 09:36:42+00:00,55.258948,11.073487,10280.70883280754,TERN SEA,219814000,11.9
2025-11-22 09:36:43+00:00,55.258948,11.073487,10280.70883280754,TERN SEA,219814000,11.9
2025-11-22 09:36:43+00:00,55.258948,11.073487,10280.70883280754,TERN SEA,219814000,11.9
2025-11-22 09:36:43+00:00,55.258948,11.073487,10280.70883280754,TERN SEA,219814000,11.9
2025-11-22 09:36:46+00:00,55.376302,11.035293,3002.1297056190624,RESOLUTE BAY,232005179,12.5
2025-11-22 09:36:46+00:00,55.376302,11.035293,3002.1297056190624,RESOLUTE BAY,232005179,12.5
2025-11-22 09:36:46+00:00,55.376302,11.035293,3002.1297056190624,RESOLUTE BAY,232005179,12.5
2025-11-22 09:36:46+00:00,55.376302,11.035293,3002.1297056190624,RESOLUTE BAY,232005179,12.5
2025-11-22 09:36:50+00:00,55.211232,11.099683,15805.224044328626,FEDERAL SUTTON,538004383,12.4
2025-11-22 09:36:50+00:00,55.211232,11.099683,15805.224044328626,FEDERAL SUTTON,538004383,12.4
2025-11-22 09:36:50+00:00,55.211232,11.099683,15805.224044328626,FEDERAL SUTTON,538004383,12.4
2025-11-22 09:36:50+00:00,55.278237,11.058523,7987.935768040092,STAVFJORD,259888000,11.3
2025-11-22 09:36:50+00:00,55.278237,11.058523,7987.935768040092,STAVFJORD,259888000,11.3
2025-11-22 09:36:50+00:00,55.278237,11.058523,7987.935768040092,STAVFJORD,259888000,11.3
2025-11-22 09:36:51+00:00,55.317962,11.030672,3300.0846848133747,ARC ENDEAVOR,366663000,12.0
2025-11-22 09:36:51+00:00,55.317962,11.030672,3300.0846848133747,ARC ENDEAVOR,366663000,12.0
2025-11-22 09:36:51+00:00,55.317962,11.030672,3300.0846848133747,ARC ENDEAVOR,366663000,12.0
2025-11-22 09:36:51+00:00,55.239322,11.09692,12707.147979616893,DUSK,629009770,10.7
2025-11-22 09:36:51+00:00,55.239322,11.09692,12707.147979616893,DUSK,629009770,10.7
2025-11-22 09:36:51+00:00,55.317962,11.030672,3300.0846848133747,ARC ENDEAVOR,366663000,12.0
2025-11-22 09:36:52+00:00,55.258497,11.073843,10334.602409396066,TERN SEA,219814000,11.8
2025-11-22 09:36:52+00:00,55.258497,11.073843,10334.602409396066,TERN SEA,219814000,11.8
2025-11-22 09:36:52+00:00,55.258497,11.073843,10334.602409396066,TERN SEA,219814000,11.8
2025-11-22 09:36:52+00:00,55.258497,11.073843,10334.602409396066,TERN SEA,219814000,11.8
2025-11-22 09:36:56+00:00,55.376765,11.03488,3057.7833456792628,RESOLUTE BAY,232005179,12.5
2025-11-22 09:36:59+00:00,55.277807,11.058877,8039.524697486062,STAVFJORD,259888000,11.3
2025-11-22 09:36:59+00:00,55.277807,11.058877,8039.524697486062,STAVFJORD,259888000,11.3
2025-11-22 09:36:59+00:00,55.277807,11.058877,8039.524697486062,STAVFJORD,259888000,11.3
2025-11-22 09:37:00+00:00,55.239737,11.09671,12659.14282800741,DUSK,629009770,10.7
2025-11-22 09:37:00+00:00,55.21175,11.100087,15753.433891675762,FEDERAL SUTTON,538004383,12.4
2025-11-22 09:37:00+00:00,55.21175,11.100087,15753.433891675762,FEDERAL SUTTON,538004383,12.4
2025-11-22 09:37:00+00:00,55.21175,11.100087,15753.433891675762,FEDERAL SUTTON,538004383,12.4
2025-11-22 09:37:00+00:00,55.21175,11.100087,15753.433891675762,FEDERAL SUTTON,538004383,12.4
2025-11-22 09:37:00+00:00,55.317465,11.03063,3353.800366630321,ARC ENDEAVOR,366663000,12.0
2025-11-22 09:37:00+00:00,55.317465,11.03063,3353.800366630321,ARC ENDEAVOR,366663000,12.0
2025-11-22 09:37:00+00:00,55.317465,11.03063,3353.800366630321,ARC ENDEAVOR,366663000,12.0
2025-11-22 09:37:00+00:00,55.317465,11.03063,3353.800366630321,ARC ENDEAVOR,366663000,12.0
2025-11-22 09:37:00+00:00,55.21175,11.100087,15753.433891675762,FEDERAL SUTTON,538004383,12.4
2025-11-22 09:37:02+00:00,55.257993,11.074233,10394.736401724225,TERN SEA,219814000,11.8
2025-11-22 09:37:03+00:00,55.257993,11.074233,10394.736401724225,TERN SEA,219814000,11.8
2025-11-22 09:37:03+00:00,55.257993,11.074233,10394.736401724225,TERN SEA,219814000,11.8
2025-11-22 09:37:03+00:00,55.257993,11.074233,10394.736401724225,TERN SEA,219814000,11.8
2025-11-22 09:37:03+00:00,55.257993,11.074233,10394.736401724225,TERN SEA,219814000,11.8
2025-11-22 09:37:05+00:00,55.277807,11.058877,8039.524697486062,STAVFJORD,259888000,11.3
2025-11-22 09:37:05+00:00,55.277807,11.058877,8039.524697486062,STAVFJORD,259888000,11.3
2025-11-22 09:37:05+00:00,55.277807,11.058877,8039.524697486062,STAVFJORD,259888000,11.3
2025-11-22 09:37:05+00:00,55.277807,11.058877,8039.524697486062,STAVFJORD,259888000,11.3
2025-11-22 09:37:06+00:00,55.377273,11.034408,3119.123305699358,RESOLUTE BAY,232005179,12.4
2025-11-22 09:37:06+00:00,55.377273,11.034408,3119.123305699358,RESOLUTE BAY,232005179,12.4
2025-11-22 09:37:06+00:00,55.377273,11.034408,3119.123305699358,RESOLUTE BAY,232005179,12.4
2025-11-22 09:37:09+00:00,55.240148,11.096493,12611.475535587588,DUSK,629009770,10.7
2025-11-22 09:37:09+00:00,55.240148,11.096493,12611.475535587588,DUSK,629009770,10.7
2025-11-22 09:37:09+00:00,55.240148,11.096493,12611.475535587588,DUSK,629009770,10.7
2025-11-22 09:37:10+00:00,55.316853,11.030578,3420.0153973501456,ARC ENDEAVOR,366663000,12.0
2025-11-22 09:37:10+00:00,55.316853,11.030578,3420.0153973501456,ARC ENDEAVOR,366663000,12.0
2025-11-22 09:37:10+00:00,55.316853,11.030578,3420.0153973501456,ARC ENDEAVOR,366663000,12.0
2025-11-22 09:37:10+00:00,55.316853,11.030578,3420.0153973501456,ARC ENDEAVOR,366663000,12.0
2025-11-22 09:37:10+00:00,55.316853,11.030578,3420.0153973501456,ARC ENDEAVOR,366663000,12.0
2025-11-22 09:37:10+00:00,55.21228,11.100462,15700.061489995414,FEDERAL SUTTON,538004383,12.4
2025-11-22 09:37:10+00:00,55.21228,11.100462,15700.061489995414,FEDERAL SUTTON,538004383,12.4
2025-11-22 09:37:10+00:00,55.21228,11.100462,15700.061489995414,FEDERAL SUTTON,538004383,12.4
2025-11-22 09:37:10+00:00,55.21228,11.100462,15700.061489995414,FEDERAL SUTTON,538004383,12.4
2025-11-22 09:37:11+00:00,55.257543,11.07458,10448.422603757144,TERN SEA,219814000,11.8
2025-11-22 09:37:11+00:00,55.257543,11.07458,10448.422603757144,TERN SEA,219814000,11.8
2025-11-22 09:37:11+00:00,55.257543,11.07458,10448.422603757144,TERN SEA,219814000,11.8
2025-11-22 09:37:11+00:00,55.257543,11.07458,10448.422603757144,TERN SEA,219814000,11.8
2025-11-22 09:37:11+00:00,55.277277,11.0593,8102.554337651664,STAVFJORD,259888000,11.3
2025-11-22 09:37:11+00:00,55.277277,11.0593,8102.554337651664,STAVFJORD,259888000,11.3
2025-11-22 09:37:11+00:00,55.277277,11.0593,8102.554337651664,STAVFJORD,259888000,11.3
2025-11-22 09:37:15+00:00,55.377723,11.03396,3173.885119157497,RESOLUTE BAY,232005179,12.4
2025-11-22 09:37:15+00:00,55.377723,11.03396,3173.885119157497,RESOLUTE BAY,232005179,12.4
2025-11-22 09:37:15+00:00,55.377723,11.03396,3173.885119157497,RESOLUTE BAY,232005179,12.4
2025-11-22 09:37:15+00:00,55.377723,11.03396,3173.885119157497,RESOLUTE BAY,232005179,12.4
2025-11-22 09:37:15+00:00,55.377723,11.03396,3173.885119157497,RESOLUTE BAY,232005179,12.4
2025-11-22 09:37:19+00:00,55.316352,11.030537,3474.2969947599977,ARC ENDEAVOR,366663000,11.9
2025-11-22 09:37:19+00:00,55.316352,11.030537,3474.2969947599977,ARC ENDEAVOR,366663000,11.9
2025-11-22 09:37:19+00:00,55.316352,11.030537,3474.2969947599977,ARC ENDEAVOR,366663000,11.9
2025-11-22 09:37:19+00:00,55.316352,11.030537,3474.2969947599977,ARC ENDEAVOR,366663000,11.9
2025-11-22 09:37:19+00:00,55.316352,11.030537,3474.2969947599977,ARC ENDEAVOR,366663000,11.9
2025-11-22 09:37:19+00:00,55.276845,11.059648,8153.976105489626,STAVFJORD,259888000,11.3
2025-11-22 09:37:19+00:00,55.276845,11.059648,8153.976105489626,STAVFJORD,259888000,11.3
2025-11-22 09:37:19+00:00,55.276845,11.059648,8153.976105489626,STAVFJORD,259888000,11.3
2025-11-22 09:37:19+00:00,55.316352,11.030537,3474.2969947599977,ARC ENDEAVOR,366663000,11.9
2025-11-22 09:37:21+00:00,55.257043,11.07496,10507.81950867017,TERN SEA,219814000,11.8
2025-11-22 09:37:21+00:00,55.257043,11.07496,10507.81950867017,TERN SEA,219814000,11.8
2025-11-22 09:37:21+00:00,55.257043,11.07496,10507.81950867017,TERN SEA,219814000,11.8
2025-11-22 09:37:21+00:00,55.240712,11.096157,12545.534618992666,DUSK,629009770,10.7
2025-11-22 09:37:21+00:00,55.257043,11.07496,10507.81950867017,TERN SEA,219814000,11.8
2025-11-22 09:37:21+00:00,55.212875,11.100805,15639.271826669057,FEDERAL SUTTON,538004383,12.3
2025-11-22 09:37:21+00:00,55.212875,11.100805,15639.271826669057,FEDERAL SUTTON,538004383,12.3
2025-11-22 09:37:21+00:00,55.212875,11.100805,15639.271826669057,FEDERAL SUTTON,538004383,12.3
2025-11-22 09:37:21+00:00,55.240712,11.096157,12545.534618992666,DUSK,629009770,10.7
2025-11-22 09:37:25+00:00,55.378267,11.033397,3240.4981441589916,RESOLUTE BAY,232005179,12.4
2025-11-22 09:37:25+00:00,55.378267,11.033397,3240.4981441589916,RESOLUTE BAY,232005179,12.4
2025-11-22 09:37:29+00:00,55.276367,11.060038,8210.955044008733,STAVFJORD,259888000,11.3
2025-11-22 09:37:29+00:00,55.276367,11.060038,8210.955044008733,STAVFJORD,259888000,11.3
2025-11-22 09:37:29+00:00,55.276367,11.060038,8210.955044008733,STAVFJORD,259888000,11.3
2025-11-22 09:37:29+00:00,55.276367,11.060038,8210.955044008733,STAVFJORD,259888000,11.3
2025-11-22 09:37:29+00:00,55.276367,11.060038,8210.955044008733,STAVFJORD,259888000,11.3
2025-11-22 09:37:30+00:00,55.21337,11.101063,15588.415413723591,FEDERAL SUTTON,538004383,12.3
2025-11-22 09:37:30+00:00,55.21337,11.101063,15588.415413723591,FEDERAL SUTTON,538004383,12.3
2025-11-22 09:37:30+00:00,55.21337,11.101063,15588.415413723591,FEDERAL SUTTON,538004383,12.3
2025-11-22 09:37:30+00:00,55.241122,11.095877,12497.106650076501,DUSK,629009770,10.7
2025-11-22 09:37:30+00:00,55.241122,11.095877,12497.106650076501,DUSK,629009770,10.7
2025-11-22 09:37:30+00:00,55.241122,11.095877,12497.106650076501,DUSK,629009770,10.7
2025-11-22 09:37:31+00:00,55.315738,11.0305,3541.041287392005,ARC ENDEAVOR,366663000,12.0
2025-11-22 09:37:31+00:00,55.315738,11.0305,3541.041287392005,ARC ENDEAVOR,366663000,12.0
2025-11-22 09:37:31+00:00,55.315738,11.0305,3541.041287392005,ARC ENDEAVOR,366663000,12.0
2025-11-22 09:37:31+00:00,55.315738,11.0305,3541.041287392005,ARC ENDEAVOR,366663000,12.0
2025-11-22 09:37:31+00:00,55.315738,11.0305,3541.041287392005,ARC ENDEAVOR,366663000,12.0
2025-11-22 09:37:31+00:00,55.315738,11.0305,3541.041287392005,ARC ENDEAVOR,366663000,12.0
2025-11-22 09:37:32+00:00,55.256493,11.075377,10573.014241688996,TERN SEA,219814000,11.8
2025-11-22 09:37:32+00:00,55.256493,11.075377,10573.014241688996,TERN SEA,219814000,11.8
2025-11-22 09:37:32+00:00,55.256493,11.075377,10573.014241688996,TERN SEA,219814000,11.8
2025-11-22 09:37:35+00:00,55.378707,11.032922,3294.7461064245244,RESOLUTE BAY,232005179,12.4
2025-11-22 09:37:35+00:00,55.378707,11.032922,3294.7461064245244,RESOLUTE BAY,232005179,12.4
2025-11-22 09:37:35+00:00,55.378707,11.032922,3294.7461064245244,RESOLUTE BAY,232005179,12.4
2025-11-22 09:37:35+00:00,55.378707,11.032922,3294.7461064245244,RESOLUTE BAY,232005179,12.4
2025-11-22 09:37:39+00:00,55.315738,11.0305,3541.041287392005,ARC ENDEAVOR,366663000,12.0
2025-11-22 09:37:39+00:00,55.315738,11.0305,3541.041287392005,ARC ENDEAVOR,366663000,12.0
2025-11-22 09:37:39+00:00,55.315738,11.0305,3541.041287392005,ARC ENDEAVOR,366663000,12.0
2025-11-22 09:37:39+00:00,55.315738,11.0305,3541.041287392005,ARC ENDEAVOR,366663000,12.0
2025-11-22 09:37:39+00:00,55.315738,11.0305,3541.041287392005,ARC ENDEAVOR,366663000,12.0
2025-11-22 09:37:40+00:00,55.275888,11.060427,8268.044204508687,STAVFJORD,259888000,11.3
2025-11-22 09:37:40+00:00,55.275888,11.060427,8268.044204508687,STAVFJORD,259888000,11.3
2025-11-22 09:37:40+00:00,55.275888,11.060427,8268.044204508687,STAVFJORD,259888000,11.3
2025-11-22 09:37:40+00:00,55.275888,11.060427,8268.044204508687,STAVFJORD,259888000,11.3
2025-11-22 09:37:41+00:00,55.315182,11.030498,3601.8929786496296,ARC ENDEAVOR,366663000,12.0
2025-11-22 09:37:41+00:00,55.315182,11.030498,3601.8929786496296,ARC ENDEAVOR,366663000,12.0
2025-11-22 09:37:41+00:00,55.315182,11.030498,3601.8929786496296,ARC ENDEAVOR,366663000,12.0
2025-11-22 09:37:41+00:00,55.315182,11.030498,3601.8929786496296,ARC ENDEAVOR,366663000,12.0
2025-11-22 09:37:41+00:00,55.315182,11.030498,3601.8929786496296,ARC ENDEAVOR,366663000,12.0
2025-11-22 09:37:41+00:00,55.213972,11.101372,15526.568129621835,FEDERAL SUTTON,538004383,12.2
2025-11-22 09:37:41+00:00,55.213972,11.101372,15526.568129621835,FEDERAL SUTTON,538004383,12.2
2025-11-22 09:37:41+00:00,55.213972,11.101372,15526.568129621835,FEDERAL SUTTON,538004383,12.2
2025-11-22 09:37:41+00:00,55.241615,11.095503,12438.366417309564,DUSK,629009770,10.6
2025-11-22 09:37:41+00:00,55.241615,11.095503,12438.366417309564,DUSK,629009770,10.6
2025-11-22 09:37:41+00:00,55.241615,11.095503,12438.366417309564,DUSK,629009770,10.6
2025-11-22 09:37:41+00:00,55.213972,11.101372,15526.568129621835,FEDERAL SUTTON,538004383,12.2
2025-11-22 09:37:42+00:00,55.255992,11.075755,10632.394143705089,TERN SEA,219814000,11.8
2025-11-22 09:37:43+00:00,55.255992,11.075755,10632.394143705089,TERN SEA,219814000,11.8
2025-11-22 09:37:43+00:00,55.255992,11.075755,10632.394143705089,TERN SEA,219814000,11.8
2025-11-22 09:37:43+00:00,55.255992,11.075755,10632.394143705089,TERN SEA,219814000,11.8
2025-11-22 09:37:43+00:00,55.255992,11.075755,10632.394143705089,TERN SEA,219814000,11.8
2025-11-22 09:37:43+00:00,55.255992,11.075755,10632.394143705089,TERN SEA,219814000,11.8
2025-11-22 09:37:43+00:00,55.255992,11.075755,10632.394143705089,TERN SEA,219814000,11.8
2025-11-22 09:37:46+00:00,55.379285,11.03227,3366.5665362874483,RESOLUTE BAY,232005179,12.3
2025-11-22 09:37:46+00:00,55.379285,11.03227,3366.5665362874483,RESOLUTE BAY,232005179,12.3
2025-11-22 09:37:46+00:00,55.379285,11.03227,3366.5665362874483,RESOLUTE BAY,232005179,12.3
2025-11-22 09:37:46+00:00,55.379285,11.03227,3366.5665362874483,RESOLUTE BAY,232005179,12.3
2025-11-22 09:37:49+00:00,55.214412,11.101585,15481.244302135212,FEDERAL SUTTON,538004383,12.2
2025-11-22 09:37:49+00:00,55.214412,11.101585,15481.244302135212,FEDERAL SUTTON,538004383,12.2
2025-11-22 09:37:50+00:00,55.275412,11.060817,8324.805049768933,STAVFJORD,259888000,11.3
2025-11-22 09:37:50+00:00,55.275412,11.060817,8324.805049768933,STAVFJORD,259888000,11.3
2025-11-22 09:37:50+00:00,55.275412,11.060817,8324.805049768933,STAVFJORD,259888000,11.3
2025-11-22 09:37:51+00:00,55.242055,11.09518,12386.097979493532,DUSK,629009770,10.6
2025-11-22 09:37:51+00:00,55.242055,11.09518,12386.097979493532,DUSK,629009770,10.6
2025-11-22 09:37:51+00:00,55.314623,11.03053,3663.490329782213,ARC ENDEAVOR,366663000,12.0
2025-11-22 09:37:51+00:00,55.314623,11.03053,3663.490329782213,ARC ENDEAVOR,366663000,12.0
2025-11-22 09:37:51+00:00,55.314623,11.03053,3663.490329782213,ARC ENDEAVOR,366663000,12.0
2025-11-22 09:37:51+00:00,55.314623,11.03053,3663.490329782213,ARC ENDEAVOR,366663000,12.0
2025-11-22 09:37:52+00:00,55.25549,11.076138,10691.960683821015,TERN SEA,219814000,11.7
2025-11-22 09:37:52+00:00,55.25549,11.076138,10691.960683821015,TERN SEA,219814000,11.7
2025-11-22 09:37:52+00:00,55.25549,11.076138,10691.960683821015,TERN SEA,219814000,11.7
2025-11-22 09:37:52+00:00,55.25549,11.076138,10691.960683821015,TERN SEA,219814000,11.7
2025-11-22 09:37:56+00:00,55.379717,11.031777,3420.4596100073477,RESOLUTE BAY,232005179,12.3
2025-11-22 09:37:56+00:00,55.379717,11.031777,3420.4596100073477,RESOLUTE BAY,232005179,12.3
2025-11-22 09:37:59+00:00,55.274935,11.061208,8381.693656446772,STAVFJORD,259888000,11.3
2025-11-22 09:37:59+00:00,55.274935,11.061208,8381.693656446772,STAVFJORD,259888000,11.3
2025-11-22 09:38:00+00:00,55.215018,11.101835,15418.322549723067,FEDERAL SUTTON,538004383,12.2
2025-11-22 09:38:00+00:00,55.242463,11.094922,12338.205857107272,DUSK,629009770,10.6
2025-11-22 09:38:00+00:00,55.215018,11.101835,15418.322549723067,FEDERAL SUTTON,538004383,12.2
2025-11-22 09:38:00+00:00,55.215018,11.101835,15418.322549723067,FEDERAL SUTTON,538004383,12.2
2025-11-22 09:38:00+00:00,55.215018,11.101835,15418.322549723067,FEDERAL SUTTON,538004383,12.2
2025-11-22 09:38:00+00:00,55.242463,11.094922,12338.205857107272,DUSK,629009770,10.6
2025-11-22 09:38:00+00:00,55.314125,11.030585,3718.6795123050792,ARC ENDEAVOR,366663000,11.9
2025-11-22 09:38:00+00:00,55.314125,11.030585,3718.6795123050792,ARC ENDEAVOR,366663000,11.9
2025-11-22 09:38:00+00:00,55.314125,11.030585,3718.6795123050792,ARC ENDEAVOR,366663000,11.9
2025-11-22 09:38:00+00:00,55.314125,11.030585,3718.6795123050792,ARC ENDEAVOR,366663000,11.9
2025-11-22 09:38:00+00:00,55.314125,11.030585,3718.6795123050792,ARC ENDEAVOR,366663000,11.9
2025-11-22 09:38:02+00:00,55.254988,11.076518,10751.505271775952,TERN SEA,219814000,11.7
2025-11-22 09:38:03+00:00,55.254988,11.076518,10751.505271775952,TERN SEA,219814000,11.7
2025-11-22 09:38:03+00:00,55.254988,11.076518,10751.505271775952,TERN SEA,219814000,11.7
2025-11-22 09:38:03+00:00,55.254988,11.076518,10751.505271775952,TERN SEA,219814000,11.7
2025-11-22 09:38:06+00:00,55.380193,11.03122,3480.174501754316,RESOLUTE BAY,232005179,12.3
2025-11-22 09:38:06+00:00,55.380193,11.03122,3480.174501754316,RESOLUTE BAY,232005179,12.3
2025-11-22 09:38:06+00:00,55.380193,11.03122,3480.174501754316,RESOLUTE BAY,232005179,12.3
2025-11-22 09:38:06+00:00,55.380193,11.03122,3480.174501754316,RESOLUTE BAY,232005179,12.3
2025-11-22 09:38:08+00:00,55.380193,11.03122,3480.174501754316,RESOLUTE BAY,232005179,12.3
2025-11-22 09:38:08+00:00,55.380193,11.03122,3480.174501754316,RESOLUTE BAY,232005179,12.3
2025-11-22 09:38:08+00:00,55.380193,11.03122,3480.174501754316,RESOLUTE BAY,232005179,12.3
2025-11-22 09:38:08+00:00,55.380193,11.03122,3480.174501754316,RESOLUTE BAY,232005179,12.3
2025-11-22 09:38:08+00:00,55.380193,11.03122,3480.174501754316,RESOLUTE BAY,232005179,12.3
2025-11-22 09:38:09+00:00,55.242875,11.094653,12289.7316352405,DUSK,629009770,10.6
2025-11-22 09:38:09+00:00,55.242875,11.094653,12289.7316352405,DUSK,629009770,10.6
2025-11-22 09:38:09+00:00,55.242875,11.094653,12289.7316352405,DUSK,629009770,10.6
2025-11-22 09:38:10+00:00,55.313522,11.030678,3785.8103815960626,ARC ENDEAVOR,366663000,11.9
2025-11-22 09:38:10+00:00,55.313522,11.030678,3785.8103815960626,ARC ENDEAVOR,366663000,11.9
2025-11-22 09:38:10+00:00,55.313522,11.030678,3785.8103815960626,ARC ENDEAVOR,366663000,11.9
2025-11-22 09:38:10+00:00,55.313522,11.030678,3785.8103815960626,ARC ENDEAVOR,366663000,11.9
2025-11-22 09:38:10+00:00,55.313522,11.030678,3785.8103815960626,ARC ENDEAVOR,366663000,11.9
2025-11-22 09:38:10+00:00,55.215575,11.102012,15359.856836554643,FEDERAL SUTTON,538004383,12.1
2025-11-22 09:38:10+00:00,55.215575,11.102012,15359.856836554643,FEDERAL SUTTON,538004383,12.1
2025-11-22 09:38:10+00:00,55.215575,11.102012,15359.856836554643,FEDERAL SUTTON,538004383,12.1
2025-11-22 09:38:10+00:00,55.215575,11.102012,15359.856836554643,FEDERAL SUTTON,538004383,12.1
2025-11-22 09:38:11+00:00,55.25454,11.076858,10804.668324563338,TERN SEA,219814000,11.7
2025-11-22 09:38:11+00:00,55.25454,11.076858,10804.668324563338,TERN SEA,219814000,11.7
2025-11-22 09:38:11+00:00,55.25454,11.076858,10804.668324563338,TERN SEA,219814000,11.7
2025-11-22 09:38:11+00:00,55.25454,11.076858,10804.668324563338,TERN SEA,219814000,11.7
2025-11-22 09:38:11+00:00,55.27441,11.061642,8444.376264683046,STAVFJORD,259888000,11.3
2025-11-22 09:38:11+00:00,55.27441,11.061642,8444.376264683046,STAVFJORD,259888000,11.3
2025-11-22 09:38:11+00:00,55.27441,11.061642,8444.376264683046,STAVFJORD,259888000,11.3
2025-11-22 09:38:11+00:00,55.27441,11.061642,8444.376264683046,STAVFJORD,259888000,11.3
2025-11-22 09:38:15+00:00,55.380618,11.030718,3533.0761973232693,RESOLUTE BAY,232005179,12.3
2025-11-22 09:38:15+00:00,55.380618,11.030718,3533.0761973232693,RESOLUTE BAY,232005179,12.3
2025-11-22 09:38:15+00:00,55.380618,11.030718,3533.0761973232693,RESOLUTE BAY,232005179,12.3
2025-11-22 09:38:15+00:00,55.380618,11.030718,3533.0761973232693,RESOLUTE BAY,232005179,12.3
2025-11-22 09:38:15+00:00,55.380618,11.030718,3533.0761973232693,RESOLUTE BAY,232005179,12.3
2025-11-22 09:38:19+00:00,55.31303,11.030772,3840.7894239594925,ARC ENDEAVOR,366663000,11.8
2025-11-22 09:38:19+00:00,55.31303,11.030772,3840.7894239594925,ARC ENDEAVOR,366663000,11.8
2025-11-22 09:38:19+00:00,55.31303,11.030772,3840.7894239594925,ARC ENDEAVOR,366663000,11.8
2025-11-22 09:38:19+00:00,55.273982,11.061997,8495.51386378613,STAVFJORD,259888000,11.3
2025-11-22 09:38:19+00:00,55.31303,11.030772,3840.7894239594925,ARC ENDEAVOR,366663000,11.8
2025-11-22 09:38:19+00:00,55.273982,11.061997,8495.51386378613,STAVFJORD,259888000,11.3
2025-11-22 09:38:19+00:00,55.273982,11.061997,8495.51386378613,STAVFJORD,259888000,11.3
2025-11-22 09:38:19+00:00,55.273982,11.061997,8495.51386378613,STAVFJORD,259888000,11.3
2025-11-22 09:38:19+00:00,55.273982,11.061997,8495.51386378613,STAVFJORD,259888000,11.3
2025-11-22 09:38:21+00:00,55.216197,11.102208,15294.589563526044,FEDERAL SUTTON,538004383,12.2
2025-11-22 09:38:21+00:00,55.216197,11.102208,15294.589563526044,FEDERAL SUTTON,538004383,12.2
2025-11-22 09:38:21+00:00,55.216197,11.102208,15294.589563526044,FEDERAL SUTTON,538004383,12.2
2025-11-22 09:38:21+00:00,55.216197,11.102208,15294.589563526044,FEDERAL SUTTON,538004383,12.2
2025-11-22 09:38:21+00:00,55.216197,11.102208,15294.589563526044,FEDERAL SUTTON,538004383,12.2
2025-11-22 09:38:21+00:00,55.243413,11.094265,12225.938379678635,DUSK,629009770,10.6
2025-11-22 09:38:21+00:00,55.243413,11.094265,12225.938379678635,DUSK,629009770,10.6
2025-11-22 09:38:21+00:00,55.254043,11.077237,10863.681070098217,TERN SEA,219814000,11.7
2025-11-22 09:38:21+00:00,55.254043,11.077237,10863.681070098217,TERN SEA,219814000,11.7
2025-11-22 09:38:21+00:00,55.254043,11.077237,10863.681070098217,TERN SEA,219814000,11.7
2025-11-22 09:38:21+00:00,55.254043,11.077237,10863.681070098217,TERN SEA,219814000,11.7
2025-11-22 09:38:21+00:00,55.254043,11.077237,10863.681070098217,TERN SEA,219814000,11.7
2025-11-22 09:38:25+00:00,55.381138,11.030105,3597.2304711486577,RESOLUTE BAY,232005179,12.3
2025-11-22 09:38:25+00:00,55.381138,11.030105,3597.2304711486577,RESOLUTE BAY,232005179,12.3
2025-11-22 09:38:25+00:00,55.381138,11.030105,3597.2304711486577,RESOLUTE BAY,232005179,12.3
2025-11-22 09:38:25+00:00,55.381138,11.030105,3597.2304711486577,RESOLUTE BAY,232005179,12.3
2025-11-22 09:38:25+00:00,55.381138,11.030105,3597.2304711486577,RESOLUTE BAY,232005179,12.3
2025-11-22 09:38:29+00:00,55.273503,11.062398,8552.812541608602,STAVFJORD,259888000,11.3
2025-11-22 09:38:29+00:00,55.273503,11.062398,8552.812541608602,STAVFJORD,259888000,11.3
2025-11-22 09:38:29+00:00,55.273503,11.062398,8552.812541608602,STAVFJORD,259888000,11.3
2025-11-22 09:38:29+00:00,55.273503,11.062398,8552.812541608602,STAVFJORD,259888000,11.3
2025-11-22 09:38:30+00:00,55.216755,11.102393,15236.196293198034,FEDERAL SUTTON,538004383,12.2
2025-11-22 09:38:30+00:00,55.243867,11.093945,12172.214158588396,DUSK,629009770,10.6
2025-11-22 09:38:30+00:00,55.243867,11.093945,12172.214158588396,DUSK,629009770,10.6
2025-11-22 09:38:31+00:00,55.312428,11.030903,3908.239667989752,ARC ENDEAVOR,366663000,11.9
2025-11-22 09:38:31+00:00,55.312428,11.030903,3908.239667989752,ARC ENDEAVOR,366663000,11.9
2025-11-22 09:38:31+00:00,55.312428,11.030903,3908.239667989752,ARC ENDEAVOR,366663000,11.9
2025-11-22 09:38:31+00:00,55.312428,11.030903,3908.239667989752,ARC ENDEAVOR,366663000,11.9
2025-11-22 09:38:32+00:00,55.253495,11.07765,10928.703479458094,TERN SEA,219814000,11.7
2025-11-22 09:38:32+00:00,55.253495,11.07765,10928.703479458094,TERN SEA,219814000,11.7
2025-11-22 09:38:35+00:00,55.381567,11.02961,3650.02261354391,RESOLUTE BAY,232005179,12.3
2025-11-22 09:38:35+00:00,55.381567,11.02961,3650.02261354391,RESOLUTE BAY,232005179,12.3
2025-11-22 09:38:35+00:00,55.381567,11.02961,3650.02261354391,RESOLUTE BAY,232005179,12.3
2025-11-22 09:38:35+00:00,55.381567,11.02961,3650.02261354391,RESOLUTE BAY,232005179,12.3
2025-11-22 09:38:40+00:00,55.273025,11.062802,8610.044616247444,STAVFJORD,259888000,11.3
2025-11-22 09:38:40+00:00,55.273025,11.062802,8610.044616247444,STAVFJORD,259888000,11.3
2025-11-22 09:38:40+00:00,55.273025,11.062802,8610.044616247444,STAVFJORD,259888000,11.3
2025-11-22 09:38:40+00:00,55.273025,11.062802,8610.044616247444,STAVFJORD,259888000,11.3
2025-11-22 09:38:40+00:00,55.273025,11.062802,8610.044616247444,STAVFJORD,259888000,11.3
2025-11-22 09:38:40+00:00,55.273025,11.062802,8610.044616247444,STAVFJORD,259888000,11.3
2025-11-22 09:38:41+00:00,55.311883,11.03106,3969.7241935350467,ARC ENDEAVOR,366663000,11.9
2025-11-22 09:38:41+00:00,55.311883,11.03106,3969.7241935350467,ARC ENDEAVOR,366663000,11.9
2025-11-22 09:38:41+00:00,55.311883,11.03106,3969.7241935350467,ARC ENDEAVOR,366663000,11.9
2025-11-22 09:38:41+00:00,55.311883,11.03106,3969.7241935350467,ARC ENDEAVOR,366663000,11.9
2025-11-22 09:38:41+00:00,55.217312,11.102562,15177.739685950217,FEDERAL SUTTON,538004383,12.2
2025-11-22 09:38:41+00:00,55.311883,11.03106,3969.7241935350467,ARC ENDEAVOR,366663000,11.9
2025-11-22 09:38:41+00:00,55.217312,11.102562,15177.739685950217,FEDERAL SUTTON,538004383,12.2
2025-11-22 09:38:41+00:00,55.217312,11.102562,15177.739685950217,FEDERAL SUTTON,538004383,12.2
2025-11-22 09:38:41+00:00,55.217312,11.102562,15177.739685950217,FEDERAL SUTTON,538004383,12.2
2025-11-22 09:38:41+00:00,55.244323,11.093625,12118.279185632015,DUSK,629009770,10.6
2025-11-22 09:38:41+00:00,55.217312,11.102562,15177.739685950217,FEDERAL SUTTON,538004383,12.2
2025-11-22 09:38:42+00:00,55.252997,11.07803,10987.867627978372,TERN SEA,219814000,11.7
2025-11-22 09:38:43+00:00,55.252997,11.07803,10987.867627978372,TERN SEA,219814000,11.7
2025-11-22 09:38:43+00:00,55.252997,11.07803,10987.867627978372,TERN SEA,219814000,11.7
2025-11-22 09:38:43+00:00,55.252997,11.07803,10987.867627978372,TERN SEA,219814000,11.7
2025-11-22 09:38:43+00:00,55.252997,11.07803,10987.867627978372,TERN SEA,219814000,11.7
2025-11-22 09:38:45+00:00,55.382093,11.029013,3714.719762184217,RESOLUTE BAY,232005179,12.3
2025-11-22 09:38:45+00:00,55.382093,11.029013,3714.719762184217,RESOLUTE BAY,232005179,12.3
2025-11-22 09:38:45+00:00,55.382093,11.029013,3714.719762184217,RESOLUTE BAY,232005179,12.3
2025-11-22 09:38:45+00:00,55.382093,11.029013,3714.719762184217,RESOLUTE BAY,232005179,12.3
2025-11-22 09:38:49+00:00,55.217757,11.102677,15130.79784903099,FEDERAL SUTTON,538004383,12.1
2025-11-22 09:38:49+00:00,55.217757,11.102677,15130.79784903099,FEDERAL SUTTON,538004383,12.1
2025-11-22 09:38:49+00:00,55.217757,11.102677,15130.79784903099,FEDERAL SUTTON,538004383,12.1
2025-11-22 09:38:49+00:00,55.217757,11.102677,15130.79784903099,FEDERAL SUTTON,538004383,12.1
2025-11-22 09:38:50+00:00,55.272543,11.063198,8667.627094629926,STAVFJORD,259888000,11.3
2025-11-22 09:38:50+00:00,55.272543,11.063198,8667.627094629926,STAVFJORD,259888000,11.3
2025-11-22 09:38:50+00:00,55.272543,11.063198,8667.627094629926,STAVFJORD,259888000,11.3
2025-11-22 09:38:50+00:00,55.272543,11.063198,8667.627094629926,STAVFJORD,259888000,11.3
2025-11-22 09:38:51+00:00,55.311338,11.031247,4031.537197341041,ARC ENDEAVOR,366663000,12.0
2025-11-22 09:38:51+00:00,55.311338,11.031247,4031.537197341041,ARC ENDEAVOR,366663000,12.0
2025-11-22 09:38:51+00:00,55.311338,11.031247,4031.537197341041,ARC ENDEAVOR,366663000,12.0
2025-11-22 09:38:51+00:00,55.244802,11.093245,12061.04073571846,DUSK,629009770,10.7
2025-11-22 09:38:51+00:00,55.244802,11.093245,12061.04073571846,DUSK,629009770,10.7
2025-11-22 09:38:51+00:00,55.311338,11.031247,4031.537197341041,ARC ENDEAVOR,366663000,12.0
2025-11-22 09:38:52+00:00,55.2525,11.07841,11046.936978983666,TERN SEA,219814000,11.7
2025-11-22 09:38:52+00:00,55.2525,11.07841,11046.936978983666,TERN SEA,219814000,11.7
2025-11-22 09:38:52+00:00,55.2525,11.07841,11046.936978983666,TERN SEA,219814000,11.7
2025-11-22 09:38:52+00:00,55.2525,11.07841,11046.936978983666,TERN SEA,219814000,11.7
2025-11-22 09:38:56+00:00,55.382572,11.028477,3773.652916693932,RESOLUTE BAY,232005179,12.3
2025-11-22 09:38:59+00:00,55.272063,11.063593,8724.861140570934,STAVFJORD,259888000,11.4
2025-11-22 09:38:59+00:00,55.272063,11.063593,8724.861140570934,STAVFJORD,259888000,11.4
2025-11-22 09:39:00+00:00,55.218372,11.102788,15065.316799980295,FEDERAL SUTTON,538004383,12.1
2025-11-22 09:39:00+00:00,55.31085,11.03145,4087.2755699653617,ARC ENDEAVOR,366663000,12.0
2025-11-22 09:39:00+00:00,55.31085,11.03145,4087.2755699653617,ARC ENDEAVOR,366663000,12.0
2025-11-22 09:39:00+00:00,55.31085,11.03145,4087.2755699653617,ARC ENDEAVOR,366663000,12.0
2025-11-22 09:39:00+00:00,55.31085,11.03145,4087.2755699653617,ARC ENDEAVOR,366663000,12.0
2025-11-22 09:39:00+00:00,55.218372,11.102788,15065.316799980295,FEDERAL SUTTON,538004383,12.1
2025-11-22 09:39:00+00:00,55.218372,11.102788,15065.316799980295,FEDERAL SUTTON,538004383,12.1
2025-11-22 09:39:00+00:00,55.218372,11.102788,15065.316799980295,FEDERAL SUTTON,538004383,12.1
2025-11-22 09:39:01+00:00,55.245277,11.092893,12004.625301881226,DUSK,629009770,10.7
2025-11-22 09:39:01+00:00,55.245277,11.092893,12004.625301881226,DUSK,629009770,10.7
2025-11-22 09:39:01+00:00,55.245277,11.092893,12004.625301881226,DUSK,629009770,10.7
2025-11-22 09:39:03+00:00,55.252,11.078787,11106.308547082184,TERN SEA,219814000,11.7
2025-11-22 09:39:03+00:00,55.252,11.078787,11106.308547082184,TERN SEA,219814000,11.7
2025-11-22 09:39:03+00:00,55.252,11.078787,11106.308547082184,TERN SEA,219814000,11.7
2025-11-22 09:39:03+00:00,55.252,11.078787,11106.308547082184,TERN SEA,219814000,11.7
2025-11-22 09:39:06+00:00,55.383057,11.02795,3833.184537092554,RESOLUTE BAY,232005179,12.3
2025-11-22 09:39:06+00:00,55.383057,11.02795,3833.184537092554,RESOLUTE BAY,232005179,12.3
2025-11-22 09:39:06+00:00,55.383057,11.02795,3833.184537092554,RESOLUTE BAY,232005179,12.3
2025-11-22 09:39:06+00:00,55.383057,11.02795,3833.184537092554,RESOLUTE BAY,232005179,12.3
2025-11-22 09:39:06+00:00,55.383057,11.02795,3833.184537092554,RESOLUTE BAY,232005179,12.3
2025-11-22 09:39:09+00:00,55.245647,11.092655,11961.170872967677,DUSK,629009770,10.7
2025-11-22 09:39:09+00:00,55.245647,11.092655,11961.170872967677,DUSK,629009770,10.7
2025-11-22 09:39:09+00:00,55.245647,11.092655,11961.170872967677,DUSK,629009770,10.7
2025-11-22 09:39:10+00:00,55.310258,11.031728,4155.247346398992,ARC ENDEAVOR,366663000,12.0
2025-11-22 09:39:10+00:00,55.310258,11.031728,4155.247346398992,ARC ENDEAVOR,366663000,12.0
2025-11-22 09:39:10+00:00,55.310258,11.031728,4155.247346398992,ARC ENDEAVOR,366663000,12.0
2025-11-22 09:39:10+00:00,55.310258,11.031728,4155.247346398992,ARC ENDEAVOR,366663000,12.0
2025-11-22 09:39:10+00:00,55.310258,11.031728,4155.247346398992,ARC ENDEAVOR,366663000,12.0
2025-11-22 09:39:10+00:00,55.21893,11.102865,15005.612554596057,FEDERAL SUTTON,538004383,12.1
2025-11-22 09:39:10+00:00,55.21893,11.102865,15005.612554596057,FEDERAL SUTTON,538004383,12.1
2025-11-22 09:39:10+00:00,55.21893,11.102865,15005.612554596057,FEDERAL SUTTON,538004383,12.1
2025-11-22 09:39:10+00:00,55.21893,11.102865,15005.612554596057,FEDERAL SUTTON,538004383,12.1
2025-11-22 09:39:10+00:00,55.310258,11.031728,4155.247346398992,ARC ENDEAVOR,366663000,12.0
2025-11-22 09:39:11+00:00,55.251548,11.079125,11159.9553604997,TERN SEA,219814000,11.7
2025-11-22 09:39:11+00:00,55.251548,11.079125,11159.9553604997,TERN SEA,219814000,11.7
2025-11-22 09:39:11+00:00,55.251548,11.079125,11159.9553604997,TERN SEA,219814000,11.7
2025-11-22 09:39:11+00:00,55.27154,11.064032,8787.2125822145,STAVFJORD,259888000,11.4
2025-11-22 09:39:11+00:00,55.27154,11.064032,8787.2125822145,STAVFJORD,259888000,11.4
2025-11-22 09:39:11+00:00,55.251548,11.079125,11159.9553604997,TERN SEA,219814000,11.7
2025-11-22 09:39:11+00:00,55.27154,11.064032,8787.2125822145,STAVFJORD,259888000,11.4
2025-11-22 09:39:15+00:00,55.383493,11.027483,3886.719667178374,RESOLUTE BAY,232005179,12.3
2025-11-22 09:39:15+00:00,55.383493,11.027483,3886.719667178374,RESOLUTE BAY,232005179,12.3
2025-11-22 09:39:15+00:00,55.383493,11.027483,3886.719667178374,RESOLUTE BAY,232005179,12.3
2025-11-22 09:39:15+00:00,55.383493,11.027483,3886.719667178374,RESOLUTE BAY,232005179,12.3
2025-11-22 09:39:19+00:00,55.309778,11.031985,4210.71849315769,ARC ENDEAVOR,366663000,12.0
2025-11-22 09:39:19+00:00,55.309778,11.031985,4210.71849315769,ARC ENDEAVOR,366663000,12.0
2025-11-22 09:39:19+00:00,55.309778,11.031985,4210.71849315769,ARC ENDEAVOR,366663000,12.0
2025-11-22 09:39:20+00:00,55.271063,11.064435,8844.138480078289,STAVFJORD,259888000,11.4
2025-11-22 09:39:20+00:00,55.271063,11.064435,8844.138480078289,STAVFJORD,259888000,11.4
2025-11-22 09:39:20+00:00,55.271063,11.064435,8844.138480078289,STAVFJORD,259888000,11.4
2025-11-22 09:39:20+00:00,55.271063,11.064435,8844.138480078289,STAVFJORD,259888000,11.4
2025-11-22 09:39:20+00:00,55.271063,11.064435,8844.138480078289,STAVFJORD,259888000,11.4
2025-11-22 09:39:21+00:00,55.25105,11.079497,11218.492360887696,TERN SEA,219814000,11.7
2025-11-22 09:39:21+00:00,55.25105,11.079497,11218.492360887696,TERN SEA,219814000,11.7
2025-11-22 09:39:21+00:00,55.25105,11.079497,11218.492360887696,TERN SEA,219814000,11.7
2025-11-22 09:39:21+00:00,55.25105,11.079497,11218.492360887696,TERN SEA,219814000,11.7
2025-11-22 09:39:21+00:00,55.2462,11.092305,11896.306129331842,DUSK,629009770,10.7
2025-11-22 09:39:21+00:00,55.219487,11.102932,14945.903546066987,FEDERAL SUTTON,538004383,12.1
2025-11-22 09:39:21+00:00,55.219487,11.102932,14945.903546066987,FEDERAL SUTTON,538004383,12.1
2025-11-22 09:39:21+00:00,55.219487,11.102932,14945.903546066987,FEDERAL SUTTON,538004383,12.1
2025-11-22 09:39:21+00:00,55.219487,11.102932,14945.903546066987,FEDERAL SUTTON,538004383,12.1
2025-11-22 09:39:21+00:00,55.2462,11.092305,11896.306129331842,DUSK,629009770,10.7
2025-11-22 09:39:25+00:00,55.384032,11.026918,3952.8652191886813,RESOLUTE BAY,232005179,12.3
2025-11-22 09:39:25+00:00,55.384032,11.026918,3952.8652191886813,RESOLUTE BAY,232005179,12.3
2025-11-22 09:39:25+00:00,55.384032,11.026918,3952.8652191886813,RESOLUTE BAY,232005179,12.3
2025-11-22 09:39:25+00:00,55.384032,11.026918,3952.8652191886813,RESOLUTE BAY,232005179,12.3
2025-11-22 09:39:29+00:00,55.270637,11.064795,8895.001369988895,STAVFJORD,259888000,11.4
2025-11-22 09:39:29+00:00,55.270637,11.064795,8895.001369988895,STAVFJORD,259888000,11.4
2025-11-22 09:39:29+00:00,55.270637,11.064795,8895.001369988895,STAVFJORD,259888000,11.4
2025-11-22 09:39:29+00:00,55.270637,11.064795,8895.001369988895,STAVFJORD,259888000,11.4
2025-11-22 09:39:30+00:00,55.246655,11.091997,11842.675424810253,DUSK,629009770,10.7
2025-11-22 09:39:30+00:00,55.220047,11.102965,14885.427532726035,FEDERAL SUTTON,538004383,12.1
2025-11-22 09:39:30+00:00,55.220047,11.102965,14885.427532726035,FEDERAL SUTTON,538004383,12.1
2025-11-22 09:39:30+00:00,55.220047,11.102965,14885.427532726035,FEDERAL SUTTON,538004383,12.1
2025-11-22 09:39:30+00:00,55.246655,11.091997,11842.675424810253,DUSK,629009770,10.7
2025-11-22 09:39:31+00:00,55.309195,11.032325,4278.421960924971,ARC ENDEAVOR,366663000,12.0
2025-11-22 09:39:31+00:00,55.309195,11.032325,4278.421960924971,ARC ENDEAVOR,366663000,12.0
2025-11-22 09:39:31+00:00,55.309195,11.032325,4278.421960924971,ARC ENDEAVOR,366663000,12.0
2025-11-22 09:39:31+00:00,55.309195,11.032325,4278.421960924971,ARC ENDEAVOR,366663000,12.0
2025-11-22 09:39:32+00:00,55.250502,11.079905,11282.708828216942,TERN SEA,219814000,11.7
2025-11-22 09:39:32+00:00,55.250502,11.079905,11282.708828216942,TERN SEA,219814000,11.7
2025-11-22 09:39:32+00:00,55.250502,11.079905,11282.708828216942,TERN SEA,219814000,11.7
2025-11-22 09:39:32+00:00,55.250502,11.079905,11282.708828216942,TERN SEA,219814000,11.7
2025-11-22 09:39:35+00:00,55.384472,11.026457,4006.934431186834,RESOLUTE BAY,232005179,12.3
2025-11-22 09:39:35+00:00,55.384472,11.026457,4006.934431186834,RESOLUTE BAY,232005179,12.3
2025-11-22 09:39:40+00:00,55.27016,11.065193,8951.91682468128,STAVFJORD,259888000,11.4
2025-11-22 09:39:40+00:00,55.27016,11.065193,8951.91682468128,STAVFJORD,259888000,11.4
2025-11-22 09:39:40+00:00,55.27016,11.065193,8951.91682468128,STAVFJORD,259888000,11.4
2025-11-22 09:39:40+00:00,55.27016,11.065193,8951.91682468128,STAVFJORD,259888000,11.4
2025-11-22 09:39:40+00:00,55.27016,11.065193,8951.91682468128,STAVFJORD,259888000,11.4
2025-11-22 09:39:41+00:00,55.308668,11.032662,4339.980974017264,ARC ENDEAVOR,366663000,12.0
2025-11-22 09:39:41+00:00,55.308668,11.032662,4339.980974017264,ARC ENDEAVOR,366663000,12.0
2025-11-22 09:39:41+00:00,55.308668,11.032662,4339.980974017264,ARC ENDEAVOR,366663000,12.0
2025-11-22 09:39:41+00:00,55.220662,11.10296,14818.4687727285,FEDERAL SUTTON,538004383,12.1
2025-11-22 09:39:41+00:00,55.308668,11.032662,4339.980974017264,ARC ENDEAVOR,366663000,12.0
2025-11-22 09:39:41+00:00,55.220662,11.10296,14818.4687727285,FEDERAL SUTTON,538004383,12.1
2025-11-22 09:39:41+00:00,55.220662,11.10296,14818.4687727285,FEDERAL SUTTON,538004383,12.1
2025-11-22 09:39:41+00:00,55.247123,11.091668,11787.357519211166,DUSK,629009770,10.7
2025-11-22 09:39:41+00:00,55.220662,11.10296,14818.4687727285,FEDERAL SUTTON,538004383,12.1
2025-11-22 09:39:42+00:00,55.250003,11.080278,11341.218454192098,TERN SEA,219814000,11.7
2025-11-22 09:39:43+00:00,55.250003,11.080278,11341.218454192098,TERN SEA,219814000,11.7
2025-11-22 09:39:43+00:00,55.250003,11.080278,11341.218454192098,TERN SEA,219814000,11.7
2025-11-22 09:39:43+00:00,55.250003,11.080278,11341.218454192098,TERN SEA,219814000,11.7
2025-11-22 09:39:45+00:00,55.385013,11.025903,4073.2782837801797,RESOLUTE BAY,232005179,12.2
2025-11-22 09:39:45+00:00,55.385013,11.025903,4073.2782837801797,RESOLUTE BAY,232005179,12.2
2025-11-22 09:39:45+00:00,55.385013,11.025903,4073.2782837801797,RESOLUTE BAY,232005179,12.2
2025-11-22 09:39:45+00:00,55.385013,11.025903,4073.2782837801797,RESOLUTE BAY,232005179,12.2
2025-11-22 09:39:49+00:00,55.221108,11.10297,14770.10470638116,FEDERAL SUTTON,538004383,12.1
2025-11-22 09:39:49+00:00,55.221108,11.10297,14770.10470638116,FEDERAL SUTTON,538004383,12.1
2025-11-22 09:39:49+00:00,55.221108,11.10297,14770.10470638116,FEDERAL SUTTON,538004383,12.1
2025-11-22 09:39:49+00:00,55.221108,11.10297,14770.10470638116,FEDERAL SUTTON,538004383,12.1
2025-11-22 09:39:50+00:00,55.269683,11.065592,9008.868854241866,STAVFJORD,259888000,11.4
2025-11-22 09:39:50+00:00,55.269683,11.065592,9008.868854241866,STAVFJORD,259888000,11.4
2025-11-22 09:39:50+00:00,55.269683,11.065592,9008.868854241866,STAVFJORD,259888000,11.4
2025-11-22 09:39:51+00:00,55.308145,11.033023,4401.406578406859,ARC ENDEAVOR,366663000,12.0
2025-11-22 09:39:51+00:00,55.308145,11.033023,4401.406578406859,ARC ENDEAVOR,366663000,12.0
2025-11-22 09:39:51+00:00,55.308145,11.033023,4401.406578406859,ARC ENDEAVOR,366663000,12.0
2025-11-22 09:39:51+00:00,55.308145,11.033023,4401.406578406859,ARC ENDEAVOR,366663000,12.0
2025-11-22 09:39:51+00:00,55.247587,11.09132,11732.232864755342,DUSK,629009770,10.7
2025-11-22 09:39:51+00:00,55.247587,11.09132,11732.232864755342,DUSK,629009770,10.7
2025-11-22 09:39:52+00:00,55.249505,11.080655,11399.676921652605,TERN SEA,219814000,11.7
2025-11-22 09:39:52+00:00,55.249505,11.080655,11399.676921652605,TERN SEA,219814000,11.7
2025-11-22 09:39:52+00:00,55.249505,11.080655,11399.676921652605,TERN SEA,219814000,11.7
2025-11-22 09:39:52+00:00,55.249505,11.080655,11399.676921652605,TERN SEA,219814000,11.7
2025-11-22 09:39:56+00:00,55.385503,11.025407,4133.370211124531,RESOLUTE BAY,232005179,12.2
2025-11-22 09:39:59+00:00,55.269205,11.065995,9066.003210827721,STAVFJORD,259888000,11.4
2025-11-22 09:39:59+00:00,55.269205,11.065995,9066.003210827721,STAVFJORD,259888000,11.4
2025-11-22 09:39:59+00:00,55.269205,11.065995,9066.003210827721,STAVFJORD,259888000,11.4
2025-11-22 09:40:00+00:00,55.221723,11.102977,14703.335339477535,FEDERAL SUTTON,538004383,12.1
2025-11-22 09:40:00+00:00,55.221723,11.102977,14703.335339477535,FEDERAL SUTTON,538004383,12.1
2025-11-22 09:40:00+00:00,55.221723,11.102977,14703.335339477535,FEDERAL SUTTON,538004383,12.1
2025-11-22 09:40:00+00:00,55.221723,11.102977,14703.335339477535,FEDERAL SUTTON,538004383,12.1
2025-11-22 09:40:00+00:00,55.221723,11.102977,14703.335339477535,FEDERAL SUTTON,538004383,12.1
2025-11-22 09:40:00+00:00,55.30768,11.033353,4456.153611382723,ARC ENDEAVOR,366663000,12.0
2025-11-22 09:40:00+00:00,55.30768,11.033353,4456.153611382723,ARC ENDEAVOR,366663000,12.0
2025-11-22 09:40:00+00:00,55.30768,11.033353,4456.153611382723,ARC ENDEAVOR,366663000,12.0
2025-11-22 09:40:00+00:00,55.30768,11.033353,4456.153611382723,ARC ENDEAVOR,366663000,12.0
2025-11-22 09:40:01+00:00,55.248043,11.090967,11677.924388571993,DUSK,629009770,10.7
2025-11-22 09:40:01+00:00,55.248043,11.090967,11677.924388571993,DUSK,629009770,10.7
2025-11-22 09:40:02+00:00,55.249008,11.081038,11458.104719762967,TERN SEA,219814000,11.7
2025-11-22 09:40:03+00:00,55.249008,11.081038,11458.104719762967,TERN SEA,219814000,11.7
2025-11-22 09:40:03+00:00,55.249008,11.081038,11458.104719762967,TERN SEA,219814000,11.7
2025-11-22 09:40:03+00:00,55.249008,11.081038,11458.104719762967,TERN SEA,219814000,11.7
2025-11-22 09:40:06+00:00,55.385997,11.024908,4194.020723516988,RESOLUTE BAY,232005179,12.2
2025-11-22 09:40:06+00:00,55.385997,11.024908,4194.020723516988,RESOLUTE BAY,232005179,12.2
2025-11-22 09:40:06+00:00,55.385997,11.024908,4194.020723516988,RESOLUTE BAY,232005179,12.2
2025-11-22 09:40:06+00:00,55.385997,11.024908,4194.020723516988,RESOLUTE BAY,232005179,12.2
2025-11-22 09:40:06+00:00,55.385997,11.024908,4194.020723516988,RESOLUTE BAY,232005179,12.2
2025-11-22 09:40:09+00:00,55.248408,11.090715,11634.861115906106,DUSK,629009770,10.7
2025-11-22 09:40:09+00:00,55.248408,11.090715,11634.861115906106,DUSK,629009770,10.7
2025-11-22 09:40:09+00:00,55.248408,11.090715,11634.861115906106,DUSK,629009770,10.7
2025-11-22 09:40:10+00:00,55.307158,11.033727,4517.686177985168,ARC ENDEAVOR,366663000,12.0
2025-11-22 09:40:10+00:00,55.307158,11.033727,4517.686177985168,ARC ENDEAVOR,366663000,12.0
2025-11-22 09:40:10+00:00,55.307158,11.033727,4517.686177985168,ARC ENDEAVOR,366663000,12.0
2025-11-22 09:40:10+00:00,55.307158,11.033727,4517.686177985168,ARC ENDEAVOR,366663000,12.0
2025-11-22 09:40:10+00:00,55.307158,11.033727,4517.686177985168,ARC ENDEAVOR,366663000,12.0
2025-11-22 09:40:10+00:00,55.222338,11.102952,14636.140839722175,FEDERAL SUTTON,538004383,12.1
2025-11-22 09:40:10+00:00,55.222338,11.102952,14636.140839722175,FEDERAL SUTTON,538004383,12.1
2025-11-22 09:40:10+00:00,55.222338,11.102952,14636.140839722175,FEDERAL SUTTON,538004383,12.1
2025-11-22 09:40:10+00:00,55.222338,11.102952,14636.140839722175,FEDERAL SUTTON,538004383,12.1
2025-11-22 09:40:11+00:00,55.248563,11.081393,11510.557083803287,TERN SEA,219814000,11.7
2025-11-22 09:40:11+00:00,55.268678,11.066442,9129.055084970109,STAVFJORD,259888000,11.4
2025-11-22 09:40:11+00:00,55.268678,11.066442,9129.055084970109,STAVFJORD,259888000,11.4
2025-11-22 09:40:11+00:00,55.268678,11.066442,9129.055084970109,STAVFJORD,259888000,11.4
2025-11-22 09:40:11+00:00,55.268678,11.066442,9129.055084970109,STAVFJORD,259888000,11.4
2025-11-22 09:40:11+00:00,55.248563,11.081393,11510.557083803287,TERN SEA,219814000,11.7
2025-11-22 09:40:11+00:00,55.248563,11.081393,11510.557083803287,TERN SEA,219814000,11.7
2025-11-22 09:40:11+00:00,55.248563,11.081393,11510.557083803287,TERN SEA,219814000,11.7
2025-11-22 09:40:15+00:00,55.386437,11.024457,4247.933110948716,RESOLUTE BAY,232005179,12.2
2025-11-22 09:40:15+00:00,55.386437,11.024457,4247.933110948716,RESOLUTE BAY,232005179,12.2
2025-11-22 09:40:15+00:00,55.386437,11.024457,4247.933110948716,RESOLUTE BAY,232005179,12.2
2025-11-22 09:40:19+00:00,55.30664,11.0341,4578.803349019927,ARC ENDEAVOR,366663000,12.0
2025-11-22 09:40:19+00:00,55.30664,11.0341,4578.803349019927,ARC ENDEAVOR,366663000,12.0
2025-11-22 09:40:19+00:00,55.30664,11.0341,4578.803349019927,ARC ENDEAVOR,366663000,12.0
2025-11-22 09:40:19+00:00,55.30664,11.0341,4578.803349019927,ARC ENDEAVOR,366663000,12.0
2025-11-22 09:40:19+00:00,55.30664,11.0341,4578.803349019927,ARC ENDEAVOR,366663000,12.0
2025-11-22 09:40:20+00:00,55.268198,11.066848,9186.477683529189,STAVFJORD,259888000,11.4
2025-11-22 09:40:20+00:00,55.268198,11.066848,9186.477683529189,STAVFJORD,259888000,11.4
2025-11-22 09:40:20+00:00,55.268198,11.066848,9186.477683529189,STAVFJORD,259888000,11.4
2025-11-22 09:40:20+00:00,55.268198,11.066848,9186.477683529189,STAVFJORD,259888000,11.4
2025-11-22 09:40:20+00:00,55.268198,11.066848,9186.477683529189,STAVFJORD,259888000,11.4
2025-11-22 09:40:20+00:00,55.222845,11.102932,14580.763807957288,FEDERAL SUTTON,538004383,12.1
2025-11-22 09:40:20+00:00,55.268198,11.066848,9186.477683529189,STAVFJORD,259888000,11.4
2025-11-22 09:40:21+00:00,55.248968,11.090367,11569.303230052526,DUSK,629009770,10.7
2025-11-22 09:40:21+00:00,55.248968,11.090367,11569.303230052526,DUSK,629009770,10.7
2025-11-22 09:40:21+00:00,55.248068,11.08179,11568.94572622939,TERN SEA,219814000,11.7
2025-11-22 09:40:21+00:00,55.248068,11.08179,11568.94572622939,TERN SEA,219814000,11.7
2025-11-22 09:40:25+00:00,55.386925,11.023953,4307.278187542594,RESOLUTE BAY,232005179,12.2
2025-11-22 09:40:25+00:00,55.386925,11.023953,4307.278187542594,RESOLUTE BAY,232005179,12.2
2025-11-22 09:40:25+00:00,55.386925,11.023953,4307.278187542594,RESOLUTE BAY,232005179,12.2
2025-11-22 09:40:29+00:00,55.267768,11.06721,9237.908090747922,STAVFJORD,259888000,11.4
2025-11-22 09:40:29+00:00,55.267768,11.06721,9237.908090747922,STAVFJORD,259888000,11.4
2025-11-22 09:40:29+00:00,55.267768,11.06721,9237.908090747922,STAVFJORD,259888000,11.4
2025-11-22 09:40:29+00:00,55.267768,11.06721,9237.908090747922,STAVFJORD,259888000,11.4
2025-11-22 09:40:29+00:00,55.267768,11.06721,9237.908090747922,STAVFJORD,259888000,11.4
2025-11-22 09:40:30+00:00,55.223463,11.102917,14513.404215223683,FEDERAL SUTTON,538004383,12.2
2025-11-22 09:40:30+00:00,55.24943,11.090055,11514.899978301306,DUSK,629009770,10.7
2025-11-22 09:40:30+00:00,55.24943,11.090055,11514.899978301306,DUSK,629009770,10.7
2025-11-22 09:40:30+00:00,55.223463,11.102917,14513.404215223683,FEDERAL SUTTON,538004383,12.2
2025-11-22 09:40:30+00:00,55.223463,11.102917,14513.404215223683,FEDERAL SUTTON,538004383,12.2
2025-11-22 09:40:30+00:00,55.223463,11.102917,14513.404215223683,FEDERAL SUTTON,538004383,12.2
2025-11-22 09:40:31+00:00,55.30607,11.034517,4646.174296247929,ARC ENDEAVOR,366663000,12.1
2025-11-22 09:40:31+00:00,55.30607,11.034517,4646.174296247929,ARC ENDEAVOR,366663000,12.1
2025-11-22 09:40:31+00:00,55.30607,11.034517,4646.174296247929,ARC ENDEAVOR,366663000,12.1
2025-11-22 09:40:31+00:00,55.30607,11.034517,4646.174296247929,ARC ENDEAVOR,366663000,12.1
2025-11-22 09:40:31+00:00,55.30607,11.034517,4646.174296247929,ARC ENDEAVOR,366663000,12.1
2025-11-22 09:40:32+00:00,55.247525,11.082228,11633.047802985719,TERN SEA,219814000,11.7
2025-11-22 09:40:32+00:00,55.247525,11.082228,11633.047802985719,TERN SEA,219814000,11.7
2025-11-22 09:40:32+00:00,55.247525,11.082228,11633.047802985719,TERN SEA,219814000,11.7
2025-11-22 09:40:32+00:00,55.247525,11.082228,11633.047802985719,TERN SEA,219814000,11.7
2025-11-22 09:40:35+00:00,55.387418,11.023452,4367.1953362817285,RESOLUTE BAY,232005179,12.2
2025-11-22 09:40:35+00:00,55.387418,11.023452,4367.1953362817285,RESOLUTE BAY,232005179,12.2
2025-11-22 09:40:35+00:00,55.387418,11.023452,4367.1953362817285,RESOLUTE BAY,232005179,12.2
2025-11-22 09:40:40+00:00,55.249837,11.089755,11466.654022647914,DUSK,629009770,10.7
2025-11-22 09:40:40+00:00,55.249837,11.089755,11466.654022647914,DUSK,629009770,10.7
2025-11-22 09:40:40+00:00,55.249837,11.089755,11466.654022647914,DUSK,629009770,10.7
2025-11-22 09:40:40+00:00,55.267287,11.067618,9295.499109067323,STAVFJORD,259888000,11.4
2025-11-22 09:40:40+00:00,55.267287,11.067618,9295.499109067323,STAVFJORD,259888000,11.4
2025-11-22 09:40:40+00:00,55.267287,11.067618,9295.499109067323,STAVFJORD,259888000,11.4
2025-11-22 09:40:40+00:00,55.267287,11.067618,9295.499109067323,STAVFJORD,259888000,11.4
2025-11-22 09:40:40+00:00,55.267287,11.067618,9295.499109067323,STAVFJORD,259888000,11.4
2025-11-22 09:40:40+00:00,55.267287,11.067618,9295.499109067323,STAVFJORD,259888000,11.4
2025-11-22 09:40:41+00:00,55.30555,11.034908,4707.802786807985,ARC ENDEAVOR,366663000,12.2
2025-11-22 09:40:41+00:00,55.224027,11.102903,14451.937986018575,FEDERAL SUTTON,538004383,12.2
2025-11-22 09:40:41+00:00,55.224027,11.102903,14451.937986018575,FEDERAL SUTTON,538004383,12.2
2025-11-22 09:40:41+00:00,55.224027,11.102903,14451.937986018575,FEDERAL SUTTON,538004383,12.2
2025-11-22 09:40:41+00:00,55.224027,11.102903,14451.937986018575,FEDERAL SUTTON,538004383,12.2
2025-11-22 09:40:41+00:00,55.224027,11.102903,14451.937986018575,FEDERAL SUTTON,538004383,12.2
2025-11-22 09:40:41+00:00,55.30555,11.034908,4707.802786807985,ARC ENDEAVOR,366663000,12.2
2025-11-22 09:40:41+00:00,55.30555,11.034908,4707.802786807985,ARC ENDEAVOR,366663000,12.2
2025-11-22 09:40:41+00:00,55.30555,11.034908,4707.802786807985,ARC ENDEAVOR,366663000,12.2
2025-11-22 09:40:41+00:00,55.30555,11.034908,4707.802786807985,ARC ENDEAVOR,366663000,12.2
2025-11-22 09:40:43+00:00,55.246983,11.082668,11697.087855799255,TERN SEA,219814000,11.7
2025-11-22 09:40:43+00:00,55.246983,11.082668,11697.087855799255,TERN SEA,219814000,11.7
2025-11-22 09:40:43+00:00,55.246983,11.082668,11697.087855799255,TERN SEA,219814000,11.7
2025-11-22 09:40:43+00:00,55.246983,11.082668,11697.087855799255,TERN SEA,219814000,11.7
2025-11-22 09:40:45+00:00,55.387958,11.022903,4432.7942763981355,RESOLUTE BAY,232005179,12.2
2025-11-22 09:40:45+00:00,55.387958,11.022903,4432.7942763981355,RESOLUTE BAY,232005179,12.2
2025-11-22 09:40:45+00:00,55.387958,11.022903,4432.7942763981355,RESOLUTE BAY,232005179,12.2
2025-11-22 09:40:49+00:00,55.22448,11.102897,14402.650444845702,FEDERAL SUTTON,538004383,12.2
2025-11-22 09:40:49+00:00,55.22448,11.102897,14402.650444845702,FEDERAL SUTTON,538004383,12.2
2025-11-22 09:40:49+00:00,55.22448,11.102897,14402.650444845702,FEDERAL SUTTON,538004383,12.2
2025-11-22 09:40:49+00:00,55.22448,11.102897,14402.650444845702,FEDERAL SUTTON,538004383,12.2
2025-11-22 09:40:50+00:00,55.266807,11.068025,9352.992268568256,STAVFJORD,259888000,11.4
2025-11-22 09:40:50+00:00,55.266807,11.068025,9352.992268568256,STAVFJORD,259888000,11.4
2025-11-22 09:40:50+00:00,55.266807,11.068025,9352.992268568256,STAVFJORD,259888000,11.4
2025-11-22 09:40:50+00:00,55.266807,11.068025,9352.992268568256,STAVFJORD,259888000,11.4
2025-11-22 09:40:50+00:00,55.305085,11.035267,4763.061492614579,ARC ENDEAVOR,366663000,12.2
2025-11-22 09:40:50+00:00,55.305085,11.035267,4763.061492614579,ARC ENDEAVOR,366663000,12.2
2025-11-22 09:40:50+00:00,55.305085,11.035267,4763.061492614579,ARC ENDEAVOR,366663000,12.2
2025-11-22 09:40:50+00:00,55.305085,11.035267,4763.061492614579,ARC ENDEAVOR,366663000,12.2
2025-11-22 09:40:50+00:00,55.305085,11.035267,4763.061492614579,ARC ENDEAVOR,366663000,12.2
2025-11-22 09:40:51+00:00,55.250332,11.089383,11407.895312077977,DUSK,629009770,10.7
2025-11-22 09:40:52+00:00,55.246537,11.083023,11749.732789261478,TERN SEA,219814000,11.7
2025-11-22 09:40:52+00:00,55.246537,11.083023,11749.732789261478,TERN SEA,219814000,11.7
2025-11-22 09:40:52+00:00,55.246537,11.083023,11749.732789261478,TERN SEA,219814000,11.7
2025-11-22 09:40:52+00:00,55.246537,11.083023,11749.732789261478,TERN SEA,219814000,11.7
2025-11-22 09:40:54+00:00,55.22448,11.102897,14402.650444845702,FEDERAL SUTTON,538004383,12.2
2025-11-22 09:40:56+00:00,55.388452,11.022408,4492.064089047101,RESOLUTE BAY,232005179,12.2
2025-11-22 09:40:59+00:00,55.26633,11.068435,9410.219553731324,STAVFJORD,259888000,11.5
2025-11-22 09:40:59+00:00,55.26633,11.068435,9410.219553731324,STAVFJORD,259888000,11.5
2025-11-22 09:40:59+00:00,55.26633,11.068435,9410.219553731324,STAVFJORD,259888000,11.5
2025-11-22 09:40:59+00:00,55.26633,11.068435,9410.219553731324,STAVFJORD,259888000,11.5
2025-11-22 09:41:00+00:00,55.304568,11.035672,4824.60720123928,ARC ENDEAVOR,366663000,12.2
2025-11-22 09:41:00+00:00,55.304568,11.035672,4824.60720123928,ARC ENDEAVOR,366663000,12.2
2025-11-22 09:41:00+00:00,55.304568,11.035672,4824.60720123928,ARC ENDEAVOR,366663000,12.2
2025-11-22 09:41:00+00:00,55.304568,11.035672,4824.60720123928,ARC ENDEAVOR,366663000,12.2
2025-11-22 09:41:01+00:00,55.225102,11.102892,14335.033730177822,FEDERAL SUTTON,538004383,12.2
2025-11-22 09:41:01+00:00,55.225102,11.102892,14335.033730177822,FEDERAL SUTTON,538004383,12.2
2025-11-22 09:41:01+00:00,55.225102,11.102892,14335.033730177822,FEDERAL SUTTON,538004383,12.2
2025-11-22 09:41:01+00:00,55.225102,11.102892,14335.033730177822,FEDERAL SUTTON,538004383,12.2
2025-11-22 09:41:01+00:00,55.225102,11.102892,14335.033730177822,FEDERAL SUTTON,538004383,12.2
2025-11-22 09:41:01+00:00,55.250777,11.089063,11355.267278808124,DUSK,629009770,10.8
2025-11-22 09:41:01+00:00,55.250777,11.089063,11355.267278808124,DUSK,629009770,10.8
2025-11-22 09:41:02+00:00,55.246042,11.083408,11808.088263199836,TERN SEA,219814000,11.7
2025-11-22 09:41:02+00:00,55.246042,11.083408,11808.088263199836,TERN SEA,219814000,11.7
2025-11-22 09:41:02+00:00,55.246042,11.083408,11808.088263199836,TERN SEA,219814000,11.7
2025-11-22 09:41:02+00:00,55.246042,11.083408,11808.088263199836,TERN SEA,219814000,11.7
2025-11-22 09:41:06+00:00,55.388942,11.021912,4550.950042760487,RESOLUTE BAY,232005179,12.2
2025-11-22 09:41:06+00:00,55.388942,11.021912,4550.950042760487,RESOLUTE BAY,232005179,12.2
2025-11-22 09:41:06+00:00,55.388942,11.021912,4550.950042760487,RESOLUTE BAY,232005179,12.2
2025-11-22 09:41:09+00:00,55.251127,11.088817,11313.953125514457,DUSK,629009770,10.8
2025-11-22 09:41:09+00:00,55.251127,11.088817,11313.953125514457,DUSK,629009770,10.8
2025-11-22 09:41:09+00:00,55.251127,11.088817,11313.953125514457,DUSK,629009770,10.8
2025-11-22 09:41:10+00:00,55.30405,11.036082,4885.979585327334,ARC ENDEAVOR,366663000,12.2
2025-11-22 09:41:10+00:00,55.30405,11.036082,4885.979585327334,ARC ENDEAVOR,366663000,12.2
2025-11-22 09:41:10+00:00,55.30405,11.036082,4885.979585327334,ARC ENDEAVOR,366663000,12.2
2025-11-22 09:41:11+00:00,55.245547,11.083793,11866.463170807629,TERN SEA,219814000,11.7
2025-11-22 09:41:11+00:00,55.245547,11.083793,11866.463170807629,TERN SEA,219814000,11.7
2025-11-22 09:41:11+00:00,55.245547,11.083793,11866.463170807629,TERN SEA,219814000,11.7
2025-11-22 09:41:11+00:00,55.225662,11.10289,14274.20558567658,FEDERAL SUTTON,538004383,12.3
2025-11-22 09:41:11+00:00,55.225662,11.10289,14274.20558567658,FEDERAL SUTTON,538004383,12.3
2025-11-22 09:41:11+00:00,55.245547,11.083793,11866.463170807629,TERN SEA,219814000,11.7
2025-11-22 09:41:11+00:00,55.265803,11.068885,9473.434890910961,STAVFJORD,259888000,11.5
2025-11-22 09:41:11+00:00,55.225662,11.10289,14274.20558567658,FEDERAL SUTTON,538004383,12.3
2025-11-22 09:41:11+00:00,55.265803,11.068885,9473.434890910961,STAVFJORD,259888000,11.5
2025-11-22 09:41:11+00:00,55.265803,11.068885,9473.434890910961,STAVFJORD,259888000,11.5
2025-11-22 09:41:11+00:00,55.225662,11.10289,14274.20558567658,FEDERAL SUTTON,538004383,12.3
2025-11-22 09:41:11+00:00,55.265803,11.068885,9473.434890910961,STAVFJORD,259888000,11.5
2025-11-22 09:41:15+00:00,55.389388,11.021463,4604.615031338267,RESOLUTE BAY,232005179,12.2
2025-11-22 09:41:15+00:00,55.389388,11.021463,4604.615031338267,RESOLUTE BAY,232005179,12.2
2025-11-22 09:41:15+00:00,55.389388,11.021463,4604.615031338267,RESOLUTE BAY,232005179,12.2
2025-11-22 09:41:15+00:00,55.389388,11.021463,4604.615031338267,RESOLUTE BAY,232005179,12.2
2025-11-22 09:41:20+00:00,55.251623,11.088475,11255.497677495938,DUSK,629009770,10.8
2025-11-22 09:41:20+00:00,55.226227,11.102885,14212.805406148209,FEDERAL SUTTON,538004383,12.3
2025-11-22 09:41:20+00:00,55.226227,11.102885,14212.805406148209,FEDERAL SUTTON,538004383,12.3
2025-11-22 09:41:20+00:00,55.226227,11.102885,14212.805406148209,FEDERAL SUTTON,538004383,12.3
2025-11-22 09:41:20+00:00,55.265325,11.06929,9530.755177234956,STAVFJORD,259888000,11.5
2025-11-22 09:41:20+00:00,55.265325,11.06929,9530.755177234956,STAVFJORD,259888000,11.5
2025-11-22 09:41:20+00:00,55.265325,11.06929,9530.755177234956,STAVFJORD,259888000,11.5
2025-11-22 09:41:21+00:00,55.245098,11.084143,11919.438103162818,TERN SEA,219814000,11.7
2025-11-22 09:41:21+00:00,55.245098,11.084143,11919.438103162818,TERN SEA,219814000,11.7
2025-11-22 09:41:21+00:00,55.245098,11.084143,11919.438103162818,TERN SEA,219814000,11.7
2025-11-22 09:41:21+00:00,55.245098,11.084143,11919.438103162818,TERN SEA,219814000,11.7
2025-11-22 09:41:21+00:00,55.303483,11.036533,4953.127816615636,ARC ENDEAVOR,366663000,12.2
2025-11-22 09:41:21+00:00,55.303483,11.036533,4953.127816615636,ARC ENDEAVOR,366663000,12.2
2025-11-22 09:41:21+00:00,55.303483,11.036533,4953.127816615636,ARC ENDEAVOR,366663000,12.2
2025-11-22 09:41:21+00:00,55.303483,11.036533,4953.127816615636,ARC ENDEAVOR,366663000,12.2
2025-11-22 09:41:25+00:00,55.389885,11.020967,4664.4692635813935,RESOLUTE BAY,232005179,12.2
2025-11-22 09:41:25+00:00,55.389885,11.020967,4664.4692635813935,RESOLUTE BAY,232005179,12.2
2025-11-22 09:41:25+00:00,55.389885,11.020967,4664.4692635813935,RESOLUTE BAY,232005179,12.2
2025-11-22 09:41:25+00:00,55.389885,11.020967,4664.4692635813935,RESOLUTE BAY,232005179,12.2
2025-11-22 09:41:29+00:00,55.264897,11.069645,9581.996837201177,STAVFJORD,259888000,11.5
2025-11-22 09:41:29+00:00,55.264897,11.069645,9581.996837201177,STAVFJORD,259888000,11.5
2025-11-22 09:41:29+00:00,55.264897,11.069645,9581.996837201177,STAVFJORD,259888000,11.5
2025-11-22 09:41:29+00:00,55.264897,11.069645,9581.996837201177,STAVFJORD,259888000,11.5
2025-11-22 09:41:29+00:00,55.264897,11.069645,9581.996837201177,STAVFJORD,259888000,11.5
2025-11-22 09:41:30+00:00,55.226793,11.102883,14151.352557435997,FEDERAL SUTTON,538004383,12.3
2025-11-22 09:41:30+00:00,55.226793,11.102883,14151.352557435997,FEDERAL SUTTON,538004383,12.3
2025-11-22 09:41:30+00:00,55.226793,11.102883,14151.352557435997,FEDERAL SUTTON,538004383,12.3
2025-11-22 09:41:30+00:00,55.226793,11.102883,14151.352557435997,FEDERAL SUTTON,538004383,12.3
2025-11-22 09:41:30+00:00,55.252128,11.088115,11195.842039963698,DUSK,629009770,10.8
2025-11-22 09:41:30+00:00,55.252128,11.088115,11195.842039963698,DUSK,629009770,10.8
2025-11-22 09:41:31+00:00,55.302967,11.036953,5014.396319783839,ARC ENDEAVOR,366663000,12.2
2025-11-22 09:41:31+00:00,55.302967,11.036953,5014.396319783839,ARC ENDEAVOR,366663000,12.2
2025-11-22 09:41:31+00:00,55.302967,11.036953,5014.396319783839,ARC ENDEAVOR,366663000,12.2
2025-11-22 09:41:31+00:00,55.302967,11.036953,5014.396319783839,ARC ENDEAVOR,366663000,12.2
2025-11-22 09:41:32+00:00,55.244553,11.084568,11983.762318064173,TERN SEA,219814000,11.7
2025-11-22 09:41:32+00:00,55.244553,11.084568,11983.762318064173,TERN SEA,219814000,11.7
2025-11-22 09:41:32+00:00,55.244553,11.084568,11983.762318064173,TERN SEA,219814000,11.7
2025-11-22 09:41:32+00:00,55.244553,11.084568,11983.762318064173,TERN SEA,219814000,11.7
2025-11-22 09:41:35+00:00,55.390382,11.02047,4724.433599826156,RESOLUTE BAY,232005179,12.2
2025-11-22 09:41:40+00:00,55.264415,11.070065,9639.986593279516,STAVFJORD,259888000,11.5
2025-11-22 09:41:40+00:00,55.264415,11.070065,9639.986593279516,STAVFJORD,259888000,11.5
2025-11-22 09:41:40+00:00,55.264415,11.070065,9639.986593279516,STAVFJORD,259888000,11.5
2025-11-22 09:41:40+00:00,55.264415,11.070065,9639.986593279516,STAVFJORD,259888000,11.5
2025-11-22 09:41:40+00:00,55.264415,11.070065,9639.986593279516,STAVFJORD,259888000,11.5
2025-11-22 09:41:40+00:00,55.252548,11.08782,11146.291542500037,DUSK,629009770,10.8
2025-11-22 09:41:40+00:00,55.252548,11.08782,11146.291542500037,DUSK,629009770,10.8
2025-11-22 09:41:40+00:00,55.252548,11.08782,11146.291542500037,DUSK,629009770,10.8
2025-11-22 09:41:41+00:00,55.30245,11.037365,5075.732493078025,ARC ENDEAVOR,366663000,12.2
2025-11-22 09:41:41+00:00,55.30245,11.037365,5075.732493078025,ARC ENDEAVOR,366663000,12.2
2025-11-22 09:41:41+00:00,55.30245,11.037365,5075.732493078025,ARC ENDEAVOR,366663000,12.2
2025-11-22 09:41:41+00:00,55.30245,11.037365,5075.732493078025,ARC ENDEAVOR,366663000,12.2
2025-11-22 09:41:41+00:00,55.30245,11.037365,5075.732493078025,ARC ENDEAVOR,366663000,12.2
2025-11-22 09:41:41+00:00,55.227473,11.102877,14077.48907652058,FEDERAL SUTTON,538004383,12.3
2025-11-22 09:41:41+00:00,55.227473,11.102877,14077.48907652058,FEDERAL SUTTON,538004383,12.3
2025-11-22 09:41:41+00:00,55.227473,11.102877,14077.48907652058,FEDERAL SUTTON,538004383,12.3
2025-11-22 09:41:41+00:00,55.227473,11.102877,14077.48907652058,FEDERAL SUTTON,538004383,12.3
2025-11-22 09:41:41+00:00,55.227473,11.102877,14077.48907652058,FEDERAL SUTTON,538004383,12.3
2025-11-22 09:41:42+00:00,55.244057,11.084952,12042.29318682901,TERN SEA,219814000,11.7
2025-11-22 09:41:43+00:00,55.244057,11.084952,12042.29318682901,TERN SEA,219814000,11.7
2025-11-22 09:41:43+00:00,55.244057,11.084952,12042.29318682901,TERN SEA,219814000,11.7
2025-11-22 09:41:43+00:00,55.244057,11.084952,12042.29318682901,TERN SEA,219814000,11.7
2025-11-22 09:41:45+00:00,55.390927,11.019922,4790.33361227087,RESOLUTE BAY,232005179,12.2
2025-11-22 09:41:45+00:00,55.390927,11.019922,4790.33361227087,RESOLUTE BAY,232005179,12.2
2025-11-22 09:41:45+00:00,55.390927,11.019922,4790.33361227087,RESOLUTE BAY,232005179,12.2
2025-11-22 09:41:49+00:00,55.227928,11.102865,14027.962143485633,FEDERAL SUTTON,538004383,12.3
2025-11-22 09:41:49+00:00,55.227928,11.102865,14027.962143485633,FEDERAL SUTTON,538004383,12.3
2025-11-22 09:41:49+00:00,55.227928,11.102865,14027.962143485633,FEDERAL SUTTON,538004383,12.3
2025-11-22 09:41:49+00:00,55.227928,11.102865,14027.962143485633,FEDERAL SUTTON,538004383,12.3
2025-11-22 09:41:50+00:00,55.301983,11.037738,5131.176197972496,ARC ENDEAVOR,366663000,12.2
2025-11-22 09:41:50+00:00,55.301983,11.037738,5131.176197972496,ARC ENDEAVOR,366663000,12.2
2025-11-22 09:41:50+00:00,55.263937,11.070468,9697.340656232043,STAVFJORD,259888000,11.5
2025-11-22 09:41:50+00:00,55.301983,11.037738,5131.176197972496,ARC ENDEAVOR,366663000,12.2
2025-11-22 09:41:50+00:00,55.263937,11.070468,9697.340656232043,STAVFJORD,259888000,11.5
2025-11-22 09:41:50+00:00,55.263937,11.070468,9697.340656232043,STAVFJORD,259888000,11.5
2025-11-22 09:41:50+00:00,55.263937,11.070468,9697.340656232043,STAVFJORD,259888000,11.5
2025-11-22 09:41:51+00:00,55.253058,11.087448,11085.960425251156,DUSK,629009770,10.8
2025-11-22 09:41:51+00:00,55.253058,11.087448,11085.960425251156,DUSK,629009770,10.8
2025-11-22 09:41:51+00:00,55.253058,11.087448,11085.960425251156,DUSK,629009770,10.8
2025-11-22 09:41:52+00:00,55.243562,11.085337,12100.743239282016,TERN SEA,219814000,11.7
2025-11-22 09:41:52+00:00,55.243562,11.085337,12100.743239282016,TERN SEA,219814000,11.7
2025-11-22 09:41:52+00:00,55.243562,11.085337,12100.743239282016,TERN SEA,219814000,11.7
2025-11-22 09:41:52+00:00,55.243562,11.085337,12100.743239282016,TERN SEA,219814000,11.7
2025-11-22 09:41:56+00:00,55.391417,11.019423,4849.753095137039,RESOLUTE BAY,232005179,12.2
2025-11-22 09:41:59+00:00,55.263453,11.070865,9755.288945278136,STAVFJORD,259888000,11.5
2025-11-22 09:41:59+00:00,55.263453,11.070865,9755.288945278136,STAVFJORD,259888000,11.5
2025-11-22 09:41:59+00:00,55.263453,11.070865,9755.288945278136,STAVFJORD,259888000,11.5
2025-11-22 09:42:00+00:00,55.301467,11.038153,5192.4769079003145,ARC ENDEAVOR,366663000,12.2
2025-11-22 09:42:00+00:00,55.301467,11.038153,5192.4769079003145,ARC ENDEAVOR,366663000,12.2
2025-11-22 09:42:00+00:00,55.301467,11.038153,5192.4769079003145,ARC ENDEAVOR,366663000,12.2
2025-11-22 09:42:00+00:00,55.301467,11.038153,5192.4769079003145,ARC ENDEAVOR,366663000,12.2
2025-11-22 09:42:00+00:00,55.301467,11.038153,5192.4769079003145,ARC ENDEAVOR,366663000,12.2
2025-11-22 09:42:01+00:00,55.253497,11.087105,11033.7547219314,DUSK,629009770,10.8
2025-11-22 09:42:01+00:00,55.253497,11.087105,11033.7547219314,DUSK,629009770,10.8
2025-11-22 09:42:01+00:00,55.253497,11.087105,11033.7547219314,DUSK,629009770,10.8
2025-11-22 09:42:01+00:00,55.228552,11.102843,13959.972867327293,FEDERAL SUTTON,538004383,12.3
2025-11-22 09:42:01+00:00,55.228552,11.102843,13959.972867327293,FEDERAL SUTTON,538004383,12.3
2025-11-22 09:42:01+00:00,55.228552,11.102843,13959.972867327293,FEDERAL SUTTON,538004383,12.3
2025-11-22 09:42:01+00:00,55.228552,11.102843,13959.972867327293,FEDERAL SUTTON,538004383,12.3
2025-11-22 09:42:02+00:00,55.243065,11.085718,12159.387351752792,TERN SEA,219814000,11.7
2025-11-22 09:42:02+00:00,55.243065,11.085718,12159.387351752792,TERN SEA,219814000,11.7
2025-11-22 09:42:02+00:00,55.243065,11.085718,12159.387351752792,TERN SEA,219814000,11.7
2025-11-22 09:42:06+00:00,55.39191,11.018928,4909.54327539091,RESOLUTE BAY,232005179,12.2
2025-11-22 09:42:06+00:00,55.39191,11.018928,4909.54327539091,RESOLUTE BAY,232005179,12.2
2025-11-22 09:42:06+00:00,55.39191,11.018928,4909.54327539091,RESOLUTE BAY,232005179,12.2
2025-11-22 09:42:09+00:00,55.253848,11.086843,10992.174947815469,DUSK,629009770,10.8
2025-11-22 09:42:09+00:00,55.253848,11.086843,10992.174947815469,DUSK,629009770,10.8
2025-11-22 09:42:09+00:00,55.253848,11.086843,10992.174947815469,DUSK,629009770,10.8
2025-11-22 09:42:10+00:00,55.30095,11.038567,5253.9130771998125,ARC ENDEAVOR,366663000,12.2
2025-11-22 09:42:10+00:00,55.30095,11.038567,5253.9130771998125,ARC ENDEAVOR,366663000,12.2
2025-11-22 09:42:11+00:00,55.22912,11.102833,13898.243048985354,FEDERAL SUTTON,538004383,12.4
2025-11-22 09:42:11+00:00,55.24262,11.086062,12211.941450132574,TERN SEA,219814000,11.7
2025-11-22 09:42:11+00:00,55.24262,11.086062,12211.941450132574,TERN SEA,219814000,11.7
2025-11-22 09:42:11+00:00,55.24262,11.086062,12211.941450132574,TERN SEA,219814000,11.7
2025-11-22 09:42:11+00:00,55.24262,11.086062,12211.941450132574,TERN SEA,219814000,11.7
2025-11-22 09:42:11+00:00,55.22912,11.102833,13898.243048985354,FEDERAL SUTTON,538004383,12.4
2025-11-22 09:42:11+00:00,55.262917,11.0713,9819.42270057011,STAVFJORD,259888000,11.5
2025-11-22 09:42:11+00:00,55.22912,11.102833,13898.243048985354,FEDERAL SUTTON,538004383,12.4
2025-11-22 09:42:11+00:00,55.262917,11.0713,9819.42270057011,STAVFJORD,259888000,11.5
2025-11-22 09:42:11+00:00,55.262917,11.0713,9819.42270057011,STAVFJORD,259888000,11.5
2025-11-22 09:42:11+00:00,55.262917,11.0713,9819.42270057011,STAVFJORD,259888000,11.5
2025-11-22 09:42:11+00:00,55.262917,11.0713,9819.42270057011,STAVFJORD,259888000,11.5
2025-11-22 09:42:11+00:00,55.22912,11.102833,13898.243048985354,FEDERAL SUTTON,538004383,12.4
2025-11-22 09:42:15+00:00,55.392353,11.018485,4963.320074884377,RESOLUTE BAY,232005179,12.2
2025-11-22 09:42:15+00:00,55.392353,11.018485,4963.320074884377,RESOLUTE BAY,232005179,12.2
2025-11-22 09:42:15+00:00,55.392353,11.018485,4963.320074884377,RESOLUTE BAY,232005179,12.2
2025-11-22 09:42:15+00:00,55.392353,11.018485,4963.320074884377,RESOLUTE BAY,232005179,12.2
2025-11-22 09:42:20+00:00,55.262433,11.071692,9877.342274929915,STAVFJORD,259888000,11.5
2025-11-22 09:42:20+00:00,55.262433,11.071692,9877.342274929915,STAVFJORD,259888000,11.5
2025-11-22 09:42:20+00:00,55.262433,11.071692,9877.342274929915,STAVFJORD,259888000,11.5
2025-11-22 09:42:20+00:00,55.229635,11.102835,13842.445714680485,FEDERAL SUTTON,538004383,12.4
2025-11-22 09:42:20+00:00,55.229635,11.102835,13842.445714680485,FEDERAL SUTTON,538004383,12.4
2025-11-22 09:42:20+00:00,55.229635,11.102835,13842.445714680485,FEDERAL SUTTON,538004383,12.4
2025-11-22 09:42:21+00:00,55.30038,11.039015,5321.585960621274,ARC ENDEAVOR,366663000,12.2
2025-11-22 09:42:21+00:00,55.30038,11.039015,5321.585960621274,ARC ENDEAVOR,366663000,12.2
2025-11-22 09:42:21+00:00,55.30038,11.039015,5321.585960621274,ARC ENDEAVOR,366663000,12.2
2025-11-22 09:42:21+00:00,55.30038,11.039015,5321.585960621274,ARC ENDEAVOR,366663000,12.2
2025-11-22 09:42:22+00:00,55.242072,11.086488,12276.705023434637,TERN SEA,219814000,11.7
2025-11-22 09:42:22+00:00,55.242072,11.086488,12276.705023434637,TERN SEA,219814000,11.7
2025-11-22 09:42:23+00:00,55.242072,11.086488,12276.705023434637,TERN SEA,219814000,11.7
2025-11-22 09:42:23+00:00,55.242072,11.086488,12276.705023434637,TERN SEA,219814000,11.7
2025-11-22 09:42:25+00:00,55.392843,11.01799,5022.937362579634,RESOLUTE BAY,232005179,12.2
2025-11-22 09:42:25+00:00,55.392843,11.01799,5022.937362579634,RESOLUTE BAY,232005179,12.2
2025-11-22 09:42:25+00:00,55.392843,11.01799,5022.937362579634,RESOLUTE BAY,232005179,12.2
2025-11-22 09:42:25+00:00,55.392843,11.01799,5022.937362579634,RESOLUTE BAY,232005179,12.2
2025-11-22 09:42:29+00:00,55.262,11.072038,9929.109929941304,STAVFJORD,259888000,11.5
2025-11-22 09:42:29+00:00,55.262,11.072038,9929.109929941304,STAVFJORD,259888000,11.5
2025-11-22 09:42:29+00:00,55.262,11.072038,9929.109929941304,STAVFJORD,259888000,11.5
2025-11-22 09:42:30+00:00,55.299865,11.039428,5382.836093790971,ARC ENDEAVOR,366663000,12.2
2025-11-22 09:42:30+00:00,55.299865,11.039428,5382.836093790971,ARC ENDEAVOR,366663000,12.2
2025-11-22 09:42:30+00:00,55.230208,11.102845,13780.492670442462,FEDERAL SUTTON,538004383,12.4
2025-11-22 09:42:30+00:00,55.299865,11.039428,5382.836093790971,ARC ENDEAVOR,366663000,12.2
2025-11-22 09:42:30+00:00,55.299865,11.039428,5382.836093790971,ARC ENDEAVOR,366663000,12.2
2025-11-22 09:42:30+00:00,55.25489,11.086108,10869.304682654882,DUSK,629009770,10.8
2025-11-22 09:42:30+00:00,55.230208,11.102845,13780.492670442462,FEDERAL SUTTON,538004383,12.4
2025-11-22 09:42:30+00:00,55.230208,11.102845,13780.492670442462,FEDERAL SUTTON,538004383,12.4
2025-11-22 09:42:30+00:00,55.230208,11.102845,13780.492670442462,FEDERAL SUTTON,538004383,12.4
2025-11-22 09:42:30+00:00,55.230208,11.102845,13780.492670442462,FEDERAL SUTTON,538004383,12.4
2025-11-22 09:42:30+00:00,55.25489,11.086108,10869.304682654882,DUSK,629009770,10.8
2025-11-22 09:42:32+00:00,55.241577,11.086877,12335.26969735596,TERN SEA,219814000,11.7
2025-11-22 09:42:32+00:00,55.241577,11.086877,12335.26969735596,TERN SEA,219814000,11.7
2025-11-22 09:42:32+00:00,55.241577,11.086877,12335.26969735596,TERN SEA,219814000,11.7
2025-11-22 09:42:32+00:00,55.241577,11.086877,12335.26969735596,TERN SEA,219814000,11.7
2025-11-22 09:42:35+00:00,55.39333,11.017492,5082.340882442331,RESOLUTE BAY,232005179,12.2
2025-11-22 09:42:35+00:00,55.39333,11.017492,5082.340882442331,RESOLUTE BAY,232005179,12.2
2025-11-22 09:42:35+00:00,55.39333,11.017492,5082.340882442331,RESOLUTE BAY,232005179,12.2
2025-11-22 09:42:35+00:00,55.39333,11.017492,5082.340882442331,RESOLUTE BAY,232005179,12.2
2025-11-22 09:42:40+00:00,55.255313,11.085832,10819.713391333942,DUSK,629009770,10.8
2025-11-22 09:42:40+00:00,55.255313,11.085832,10819.713391333942,DUSK,629009770,10.8
2025-11-22 09:42:40+00:00,55.255313,11.085832,10819.713391333942,DUSK,629009770,10.8
2025-11-22 09:42:40+00:00,55.261518,11.072423,9986.748753577092,STAVFJORD,259888000,11.5
2025-11-22 09:42:40+00:00,55.261518,11.072423,9986.748753577092,STAVFJORD,259888000,11.5
2025-11-22 09:42:40+00:00,55.261518,11.072423,9986.748753577092,STAVFJORD,259888000,11.5
2025-11-22 09:42:40+00:00,55.261518,11.072423,9986.748753577092,STAVFJORD,259888000,11.5
2025-11-22 09:42:41+00:00,55.299348,11.039845,5444.3804599186205,ARC ENDEAVOR,366663000,12.2
2025-11-22 09:42:41+00:00,55.299348,11.039845,5444.3804599186205,ARC ENDEAVOR,366663000,12.2
2025-11-22 09:42:41+00:00,55.299348,11.039845,5444.3804599186205,ARC ENDEAVOR,366663000,12.2
2025-11-22 09:42:41+00:00,55.299348,11.039845,5444.3804599186205,ARC ENDEAVOR,366663000,12.2
2025-11-22 09:42:41+00:00,55.299348,11.039845,5444.3804599186205,ARC ENDEAVOR,366663000,12.2
2025-11-22 09:42:41+00:00,55.230837,11.102855,13712.489969330938,FEDERAL SUTTON,538004383,12.4
2025-11-22 09:42:41+00:00,55.230837,11.102855,13712.489969330938,FEDERAL SUTTON,538004383,12.4
2025-11-22 09:42:41+00:00,55.230837,11.102855,13712.489969330938,FEDERAL SUTTON,538004383,12.4
2025-11-22 09:42:41+00:00,55.230837,11.102855,13712.489969330938,FEDERAL SUTTON,538004383,12.4
2025-11-22 09:42:41+00:00,55.230837,11.102855,13712.489969330938,FEDERAL SUTTON,538004383,12.4
2025-11-22 09:42:42+00:00,55.241082,11.087268,12393.874326360361,TERN SEA,219814000,11.7
2025-11-22 09:42:42+00:00,55.241082,11.087268,12393.874326360361,TERN SEA,219814000,11.7
2025-11-22 09:42:45+00:00,55.393862,11.016935,5147.492225638558,RESOLUTE BAY,232005179,12.2
2025-11-22 09:42:45+00:00,55.393862,11.016935,5147.492225638558,RESOLUTE BAY,232005179,12.2
2025-11-22 09:42:45+00:00,55.393862,11.016935,5147.492225638558,RESOLUTE BAY,232005179,12.2
2025-11-22 09:42:45+00:00,55.393862,11.016935,5147.492225638558,RESOLUTE BAY,232005179,12.2
2025-11-22 09:42:49+00:00,55.231293,11.102855,13663.096777584778,FEDERAL SUTTON,538004383,12.4
2025-11-22 09:42:49+00:00,55.231293,11.102855,13663.096777584778,FEDERAL SUTTON,538004383,12.4
2025-11-22 09:42:49+00:00,55.231293,11.102855,13663.096777584778,FEDERAL SUTTON,538004383,12.4
2025-11-22 09:42:49+00:00,55.231293,11.102855,13663.096777584778,FEDERAL SUTTON,538004383,12.4
2025-11-22 09:42:49+00:00,55.231293,11.102855,13663.096777584778,FEDERAL SUTTON,538004383,12.4
2025-11-22 09:42:50+00:00,55.298883,11.040225,5499.810238375349,ARC ENDEAVOR,366663000,12.2
2025-11-22 09:42:50+00:00,55.298883,11.040225,5499.810238375349,ARC ENDEAVOR,366663000,12.2
2025-11-22 09:42:50+00:00,55.298883,11.040225,5499.810238375349,ARC ENDEAVOR,366663000,12.2
2025-11-22 09:42:50+00:00,55.298883,11.040225,5499.810238375349,ARC ENDEAVOR,366663000,12.2
2025-11-22 09:42:50+00:00,55.261033,11.072812,10044.78389880398,STAVFJORD,259888000,11.5
2025-11-22 09:42:50+00:00,55.261033,11.072812,10044.78389880398,STAVFJORD,259888000,11.5
2025-11-22 09:42:50+00:00,55.261033,11.072812,10044.78389880398,STAVFJORD,259888000,11.5
2025-11-22 09:42:50+00:00,55.298883,11.040225,5499.810238375349,ARC ENDEAVOR,366663000,12.2
2025-11-22 09:42:51+00:00,55.25582,11.085507,10760.353030257003,DUSK,629009770,10.8
2025-11-22 09:42:51+00:00,55.25582,11.085507,10760.353030257003,DUSK,629009770,10.8
2025-11-22 09:42:51+00:00,55.25582,11.085507,10760.353030257003,DUSK,629009770,10.8
2025-11-22 09:42:52+00:00,55.240587,11.08766,12452.507885397783,TERN SEA,219814000,11.7
2025-11-22 09:42:52+00:00,55.240587,11.08766,12452.507885397783,TERN SEA,219814000,11.7
2025-11-22 09:42:52+00:00,55.240587,11.08766,12452.507885397783,TERN SEA,219814000,11.7
2025-11-22 09:42:52+00:00,55.240587,11.08766,12452.507885397783,TERN SEA,219814000,11.7
2025-11-22 09:42:55+00:00,55.394295,11.016472,5200.7192438376305,RESOLUTE BAY,232005179,12.2
2025-11-22 09:42:55+00:00,55.394295,11.016472,5200.7192438376305,RESOLUTE BAY,232005179,12.2
2025-11-22 09:42:55+00:00,55.394295,11.016472,5200.7192438376305,RESOLUTE BAY,232005179,12.2
2025-11-22 09:42:55+00:00,55.394295,11.016472,5200.7192438376305,RESOLUTE BAY,232005179,12.2
2025-11-22 09:42:59+00:00,55.260552,11.073212,10102.55086700346,STAVFJORD,259888000,11.5
2025-11-22 09:42:59+00:00,55.260552,11.073212,10102.55086700346,STAVFJORD,259888000,11.5
2025-11-22 09:42:59+00:00,55.260552,11.073212,10102.55086700346,STAVFJORD,259888000,11.5
2025-11-22 09:42:59+00:00,55.260552,11.073212,10102.55086700346,STAVFJORD,259888000,11.5
2025-11-22 09:42:59+00:00,55.260552,11.073212,10102.55086700346,STAVFJORD,259888000,11.5
2025-11-22 09:43:01+00:00,55.256305,11.085078,10702.146948988819,DUSK,629009770,10.8
2025-11-22 09:43:01+00:00,55.256305,11.085078,10702.146948988819,DUSK,629009770,10.8
2025-11-22 09:43:01+00:00,55.256305,11.085078,10702.146948988819,DUSK,629009770,10.8
2025-11-22 09:43:01+00:00,55.231918,11.102823,13594.940956382965,FEDERAL SUTTON,538004383,12.3
2025-11-22 09:43:01+00:00,55.231918,11.102823,13594.940956382965,FEDERAL SUTTON,538004383,12.3
2025-11-22 09:43:01+00:00,55.231918,11.102823,13594.940956382965,FEDERAL SUTTON,538004383,12.3
2025-11-22 09:43:01+00:00,55.298313,11.040687,5567.722718877133,ARC ENDEAVOR,366663000,12.2
2025-11-22 09:43:01+00:00,55.298313,11.040687,5567.722718877133,ARC ENDEAVOR,366663000,12.2
2025-11-22 09:43:01+00:00,55.298313,11.040687,5567.722718877133,ARC ENDEAVOR,366663000,12.2
2025-11-22 09:43:01+00:00,55.298313,11.040687,5567.722718877133,ARC ENDEAVOR,366663000,12.2
2025-11-22 09:43:01+00:00,55.298313,11.040687,5567.722718877133,ARC ENDEAVOR,366663000,12.2
2025-11-22 09:43:01+00:00,55.231918,11.102823,13594.940956382965,FEDERAL SUTTON,538004383,12.3
2025-11-22 09:43:02+00:00,55.240092,11.088043,12511.057386433757,TERN SEA,219814000,11.7
2025-11-22 09:43:02+00:00,55.240092,11.088043,12511.057386433757,TERN SEA,219814000,11.7
2025-11-22 09:43:02+00:00,55.240092,11.088043,12511.057386433757,TERN SEA,219814000,11.7
2025-11-22 09:43:02+00:00,55.240092,11.088043,12511.057386433757,TERN SEA,219814000,11.7
2025-11-22 09:43:06+00:00,55.394828,11.015895,5266.425879187863,RESOLUTE BAY,232005179,12.2
2025-11-22 09:43:06+00:00,55.394828,11.015895,5266.425879187863,RESOLUTE BAY,232005179,12.2
2025-11-22 09:43:06+00:00,55.394828,11.015895,5266.425879187863,RESOLUTE BAY,232005179,12.2
2025-11-22 09:43:06+00:00,55.394828,11.015895,5266.425879187863,RESOLUTE BAY,232005179,12.2
2025-11-22 09:43:07+00:00,55.260552,11.073212,10102.55086700346,STAVFJORD,259888000,11.5
2025-11-22 09:43:07+00:00,55.260552,11.073212,10102.55086700346,STAVFJORD,259888000,11.5
2025-11-22 09:43:07+00:00,55.260552,11.073212,10102.55086700346,STAVFJORD,259888000,11.5
2025-11-22 09:43:09+00:00,55.256657,11.08487,10661.1618128294,DUSK,629009770,10.8
2025-11-22 09:43:09+00:00,55.256657,11.08487,10661.1618128294,DUSK,629009770,10.8
2025-11-22 09:43:09+00:00,55.256657,11.08487,10661.1618128294,DUSK,629009770,10.8
2025-11-22 09:43:10+00:00,55.297848,11.041062,5623.125249169013,ARC ENDEAVOR,366663000,12.2
2025-11-22 09:43:10+00:00,55.297848,11.041062,5623.125249169013,ARC ENDEAVOR,366663000,12.2
2025-11-22 09:43:11+00:00,55.239647,11.08839,12563.737037918108,TERN SEA,219814000,11.7
2025-11-22 09:43:11+00:00,55.239647,11.08839,12563.737037918108,TERN SEA,219814000,11.7
2025-11-22 09:43:11+00:00,55.239647,11.08839,12563.737037918108,TERN SEA,219814000,11.7
2025-11-22 09:43:11+00:00,55.239647,11.08839,12563.737037918108,TERN SEA,219814000,11.7
2025-11-22 09:43:11+00:00,55.260025,11.073653,10165.900256307323,STAVFJORD,259888000,11.5
2025-11-22 09:43:11+00:00,55.232487,11.102767,13532.506083726521,FEDERAL SUTTON,538004383,12.3
2025-11-22 09:43:11+00:00,55.260025,11.073653,10165.900256307323,STAVFJORD,259888000,11.5
2025-11-22 09:43:11+00:00,55.260025,11.073653,10165.900256307323,STAVFJORD,259888000,11.5
2025-11-22 09:43:11+00:00,55.232487,11.102767,13532.506083726521,FEDERAL SUTTON,538004383,12.3
2025-11-22 09:43:16+00:00,55.395312,11.015367,5326.2354478366,RESOLUTE BAY,232005179,12.2
2025-11-22 09:43:16+00:00,55.395312,11.015367,5326.2354478366,RESOLUTE BAY,232005179,12.2
2025-11-22 09:43:16+00:00,55.395312,11.015367,5326.2354478366,RESOLUTE BAY,232005179,12.2
2025-11-22 09:43:16+00:00,55.395312,11.015367,5326.2354478366,RESOLUTE BAY,232005179,12.2
2025-11-22 09:43:20+00:00,55.257162,11.084553,10602.144134691314,DUSK,629009770,10.8
2025-11-22 09:43:20+00:00,55.232997,11.102705,13476.37747686628,FEDERAL SUTTON,538004383,12.3
2025-11-22 09:43:20+00:00,55.232997,11.102705,13476.37747686628,FEDERAL SUTTON,538004383,12.3
2025-11-22 09:43:20+00:00,55.232997,11.102705,13476.37747686628,FEDERAL SUTTON,538004383,12.3
2025-11-22 09:43:21+00:00,55.297282,11.041517,5690.517363335802,ARC ENDEAVOR,366663000,12.2
2025-11-22 09:43:21+00:00,55.297282,11.041517,5690.517363335802,ARC ENDEAVOR,366663000,12.2
2025-11-22 09:43:21+00:00,55.297282,11.041517,5690.517363335802,ARC ENDEAVOR,366663000,12.2
2025-11-22 09:43:21+00:00,55.297282,11.041517,5690.517363335802,ARC ENDEAVOR,366663000,12.2
2025-11-22 09:43:21+00:00,55.259547,11.074055,10223.19076338844,STAVFJORD,259888000,11.4
2025-11-22 09:43:21+00:00,55.259547,11.074055,10223.19076338844,STAVFJORD,259888000,11.4
2025-11-22 09:43:21+00:00,55.259547,11.074055,10223.19076338844,STAVFJORD,259888000,11.4
2025-11-22 09:43:22+00:00,55.2391,11.088812,12628.45770818184,TERN SEA,219814000,11.7
2025-11-22 09:43:23+00:00,55.2391,11.088812,12628.45770818184,TERN SEA,219814000,11.7
2025-11-22 09:43:23+00:00,55.2391,11.088812,12628.45770818184,TERN SEA,219814000,11.7
2025-11-22 09:43:25+00:00,55.395745,11.014897,5379.780081327669,RESOLUTE BAY,232005179,12.2
2025-11-22 09:43:25+00:00,55.395745,11.014897,5379.780081327669,RESOLUTE BAY,232005179,12.2
2025-11-22 09:43:25+00:00,55.395745,11.014897,5379.780081327669,RESOLUTE BAY,232005179,12.2
2025-11-22 09:43:25+00:00,55.395745,11.014897,5379.780081327669,RESOLUTE BAY,232005179,12.2
2025-11-22 09:43:29+00:00,55.259117,11.074417,10274.59924283204,STAVFJORD,259888000,11.4
2025-11-22 09:43:29+00:00,55.259117,11.074417,10274.59924283204,STAVFJORD,259888000,11.4
2025-11-22 09:43:29+00:00,55.259117,11.074417,10274.59924283204,STAVFJORD,259888000,11.4
2025-11-22 09:43:29+00:00,55.259117,11.074417,10274.59924283204,STAVFJORD,259888000,11.4
2025-11-22 09:43:30+00:00,55.257698,11.084123,10538.397304135064,DUSK,629009770,10.8
2025-11-22 09:43:30+00:00,55.296767,11.041933,5751.862664919131,ARC ENDEAVOR,366663000,12.2
2025-11-22 09:43:30+00:00,55.296767,11.041933,5751.862664919131,ARC ENDEAVOR,366663000,12.2
2025-11-22 09:43:30+00:00,55.296767,11.041933,5751.862664919131,ARC ENDEAVOR,366663000,12.2
2025-11-22 09:43:30+00:00,55.257698,11.084123,10538.397304135064,DUSK,629009770,10.8
2025-11-22 09:43:30+00:00,55.257698,11.084123,10538.397304135064,DUSK,629009770,10.8
2025-11-22 09:43:30+00:00,55.296767,11.041933,5751.862664919131,ARC ENDEAVOR,366663000,12.2
2025-11-22 09:43:30+00:00,55.233618,11.102593,13407.496711992337,FEDERAL SUTTON,538004383,12.2
2025-11-22 09:43:30+00:00,55.233618,11.102593,13407.496711992337,FEDERAL SUTTON,538004383,12.2
2025-11-22 09:43:30+00:00,55.233618,11.102593,13407.496711992337,FEDERAL SUTTON,538004383,12.2
2025-11-22 09:43:30+00:00,55.233618,11.102593,13407.496711992337,FEDERAL SUTTON,538004383,12.2
2025-11-22 09:43:30+00:00,55.233618,11.102593,13407.496711992337,FEDERAL SUTTON,538004383,12.2
2025-11-22 09:43:30+00:00,55.233618,11.102593,13407.496711992337,FEDERAL SUTTON,538004383,12.2
2025-11-22 09:43:32+00:00,55.238603,11.089187,12687.181874326501,TERN SEA,219814000,11.7
2025-11-22 09:43:32+00:00,55.238603,11.089187,12687.181874326501,TERN SEA,219814000,11.7
2025-11-22 09:43:32+00:00,55.238603,11.089187,12687.181874326501,TERN SEA,219814000,11.7
2025-11-22 09:43:32+00:00,55.238603,11.089187,12687.181874326501,TERN SEA,219814000,11.7
2025-11-22 09:43:35+00:00,55.396227,11.014382,5439.342411868481,RESOLUTE BAY,232005179,12.2
2025-11-22 09:43:35+00:00,55.396227,11.014382,5439.342411868481,RESOLUTE BAY,232005179,12.2
2025-11-22 09:43:35+00:00,55.396227,11.014382,5439.342411868481,RESOLUTE BAY,232005179,12.2
2025-11-22 09:43:35+00:00,55.396227,11.014382,5439.342411868481,RESOLUTE BAY,232005179,12.2
2025-11-22 09:43:38+00:00,55.296767,11.041933,5751.862664919131,ARC ENDEAVOR,366663000,12.2
2025-11-22 09:43:38+00:00,55.296767,11.041933,5751.862664919131,ARC ENDEAVOR,366663000,12.2
2025-11-22 09:43:38+00:00,55.296767,11.041933,5751.862664919131,ARC ENDEAVOR,366663000,12.2
2025-11-22 09:43:38+00:00,55.296767,11.041933,5751.862664919131,ARC ENDEAVOR,366663000,12.2
2025-11-22 09:43:40+00:00,55.258115,11.083808,10489.05048464328,DUSK,629009770,10.8
2025-11-22 09:43:40+00:00,55.258115,11.083808,10489.05048464328,DUSK,629009770,10.8
2025-11-22 09:43:40+00:00,55.258115,11.083808,10489.05048464328,DUSK,629009770,10.8
2025-11-22 09:43:40+00:00,55.258115,11.083808,10489.05048464328,DUSK,629009770,10.8
2025-11-22 09:43:40+00:00,55.258638,11.074817,10331.844716918555,STAVFJORD,259888000,11.4
2025-11-22 09:43:40+00:00,55.258638,11.074817,10331.844716918555,STAVFJORD,259888000,11.4
2025-11-22 09:43:40+00:00,55.258638,11.074817,10331.844716918555,STAVFJORD,259888000,11.4
2025-11-22 09:43:40+00:00,55.258638,11.074817,10331.844716918555,STAVFJORD,259888000,11.4
2025-11-22 09:43:41+00:00,55.296252,11.04235,5813.223730806513,ARC ENDEAVOR,366663000,12.2
2025-11-22 09:43:41+00:00,55.296252,11.04235,5813.223730806513,ARC ENDEAVOR,366663000,12.2
2025-11-22 09:43:41+00:00,55.296252,11.04235,5813.223730806513,ARC ENDEAVOR,366663000,12.2
2025-11-22 09:43:41+00:00,55.296252,11.04235,5813.223730806513,ARC ENDEAVOR,366663000,12.2
2025-11-22 09:43:41+00:00,55.234373,11.102403,13322.95587458437,FEDERAL SUTTON,538004383,12.2
2025-11-22 09:43:41+00:00,55.234373,11.102403,13322.95587458437,FEDERAL SUTTON,538004383,12.2
2025-11-22 09:43:41+00:00,55.234373,11.102403,13322.95587458437,FEDERAL SUTTON,538004383,12.2
2025-11-22 09:43:41+00:00,55.234373,11.102403,13322.95587458437,FEDERAL SUTTON,538004383,12.2
2025-11-22 09:43:41+00:00,55.234373,11.102403,13322.95587458437,FEDERAL SUTTON,538004383,12.2
2025-11-22 09:43:41+00:00,55.234373,11.102403,13322.95587458437,FEDERAL SUTTON,538004383,12.2
2025-11-22 09:43:42+00:00,55.238107,11.089563,12745.822389135907,TERN SEA,219814000,11.7
2025-11-22 09:43:42+00:00,55.238107,11.089563,12745.822389135907,TERN SEA,219814000,11.7
2025-11-22 09:43:42+00:00,55.238107,11.089563,12745.822389135907,TERN SEA,219814000,11.7
2025-11-22 09:43:42+00:00,55.238107,11.089563,12745.822389135907,TERN SEA,219814000,11.7
2025-11-22 09:43:45+00:00,55.396752,11.013807,5504.503064164093,RESOLUTE BAY,232005179,12.2
2025-11-22 09:43:45+00:00,55.396752,11.013807,5504.503064164093,RESOLUTE BAY,232005179,12.2
2025-11-22 09:43:46+00:00,55.238107,11.089563,12745.822389135907,TERN SEA,219814000,11.7
2025-11-22 09:43:46+00:00,55.238107,11.089563,12745.822389135907,TERN SEA,219814000,11.7
2025-11-22 09:43:49+00:00,55.234933,11.10224,13259.922535869266,FEDERAL SUTTON,538004383,12.2
2025-11-22 09:43:49+00:00,55.234933,11.10224,13259.922535869266,FEDERAL SUTTON,538004383,12.2
2025-11-22 09:43:49+00:00,55.234933,11.10224,13259.922535869266,FEDERAL SUTTON,538004383,12.2
2025-11-22 09:43:49+00:00,55.234933,11.10224,13259.922535869266,FEDERAL SUTTON,538004383,12.2
2025-11-22 09:43:49+00:00,55.234933,11.10224,13259.922535869266,FEDERAL SUTTON,538004383,12.2
2025-11-22 09:43:49+00:00,55.258517,11.083505,10441.49758474651,DUSK,629009770,10.8
2025-11-22 09:43:49+00:00,55.258517,11.083505,10441.49758474651,DUSK,629009770,10.8
2025-11-22 09:43:49+00:00,55.258517,11.083505,10441.49758474651,DUSK,629009770,10.8
2025-11-22 09:43:49+00:00,55.234933,11.10224,13259.922535869266,FEDERAL SUTTON,538004383,12.2
2025-11-22 09:43:50+00:00,55.295785,11.042727,5868.856568506609,ARC ENDEAVOR,366663000,12.2
2025-11-22 09:43:50+00:00,55.25816,11.075213,10388.951705413463,STAVFJORD,259888000,11.4
2025-11-22 09:43:50+00:00,55.25816,11.075213,10388.951705413463,STAVFJORD,259888000,11.4
2025-11-22 09:43:50+00:00,55.25816,11.075213,10388.951705413463,STAVFJORD,259888000,11.4
2025-11-22 09:43:50+00:00,55.295785,11.042727,5868.856568506609,ARC ENDEAVOR,366663000,12.2
2025-11-22 09:43:50+00:00,55.295785,11.042727,5868.856568506609,ARC ENDEAVOR,366663000,12.2
2025-11-22 09:43:50+00:00,55.295785,11.042727,5868.856568506609,ARC ENDEAVOR,366663000,12.2
2025-11-22 09:43:50+00:00,55.295785,11.042727,5868.856568506609,ARC ENDEAVOR,366663000,12.2
2025-11-22 09:43:53+00:00,55.23756,11.08998,12810.536191622195,TERN SEA,219814000,11.7
2025-11-22 09:43:53+00:00,55.23756,11.08998,12810.536191622195,TERN SEA,219814000,11.7
2025-11-22 09:43:53+00:00,55.23756,11.08998,12810.536191622195,TERN SEA,219814000,11.7
2025-11-22 09:43:55+00:00,55.397183,11.013333,5558.092390573582,RESOLUTE BAY,232005179,12.2
2025-11-22 09:43:55+00:00,55.397183,11.013333,5558.092390573582,RESOLUTE BAY,232005179,12.2
2025-11-22 09:43:55+00:00,55.397183,11.013333,5558.092390573582,RESOLUTE BAY,232005179,12.2
2025-11-22 09:43:55+00:00,55.397183,11.013333,5558.092390573582,RESOLUTE BAY,232005179,12.2
2025-11-22 09:43:59+00:00,55.257683,11.075598,10445.831161415952,STAVFJORD,259888000,11.4
2025-11-22 09:43:59+00:00,55.257683,11.075598,10445.831161415952,STAVFJORD,259888000,11.4
2025-11-22 09:43:59+00:00,55.257683,11.075598,10445.831161415952,STAVFJORD,259888000,11.4
2025-11-22 09:44:01+00:00,55.235648,11.101985,13178.741599371648,FEDERAL SUTTON,538004383,12.1
2025-11-22 09:44:01+00:00,55.25906,11.083112,10377.47320003607,DUSK,629009770,10.8
2025-11-22 09:44:01+00:00,55.235648,11.101985,13178.741599371648,FEDERAL SUTTON,538004383,12.1
2025-11-22 09:44:01+00:00,55.235648,11.101985,13178.741599371648,FEDERAL SUTTON,538004383,12.1
2025-11-22 09:44:01+00:00,55.235648,11.101985,13178.741599371648,FEDERAL SUTTON,538004383,12.1
2025-11-22 09:44:01+00:00,55.25906,11.083112,10377.47320003607,DUSK,629009770,10.8
2025-11-22 09:44:01+00:00,55.295218,11.043175,5936.25015097977,ARC ENDEAVOR,366663000,12.2
2025-11-22 09:44:01+00:00,55.295218,11.043175,5936.25015097977,ARC ENDEAVOR,366663000,12.2
2025-11-22 09:44:01+00:00,55.295218,11.043175,5936.25015097977,ARC ENDEAVOR,366663000,12.2
2025-11-22 09:44:01+00:00,55.295218,11.043175,5936.25015097977,ARC ENDEAVOR,366663000,12.2
2025-11-22 09:44:01+00:00,55.295218,11.043175,5936.25015097977,ARC ENDEAVOR,366663000,12.2
2025-11-22 09:44:01+00:00,55.235648,11.101985,13178.741599371648,FEDERAL SUTTON,538004383,12.1
2025-11-22 09:44:02+00:00,55.237113,11.090322,12863.446676727981,TERN SEA,219814000,11.7
2025-11-22 09:44:02+00:00,55.237113,11.090322,12863.446676727981,TERN SEA,219814000,11.7
2025-11-22 09:44:02+00:00,55.237113,11.090322,12863.446676727981,TERN SEA,219814000,11.7
2025-11-22 09:44:02+00:00,55.237113,11.090322,12863.446676727981,TERN SEA,219814000,11.7
2025-11-22 09:44:06+00:00,55.397713,11.01276,5623.784697954988,RESOLUTE BAY,232005179,12.2
2025-11-22 09:44:06+00:00,55.397713,11.01276,5623.784697954988,RESOLUTE BAY,232005179,12.2
2025-11-22 09:44:06+00:00,55.397713,11.01276,5623.784697954988,RESOLUTE BAY,232005179,12.2
2025-11-22 09:44:06+00:00,55.397713,11.01276,5623.784697954988,RESOLUTE BAY,232005179,12.2
2025-11-22 09:44:07+00:00,55.397713,11.01276,5623.784697954988,RESOLUTE BAY,232005179,12.2
2025-11-22 09:44:07+00:00,55.397713,11.01276,5623.784697954988,RESOLUTE BAY,232005179,12.2
2025-11-22 09:44:07+00:00,55.397713,11.01276,5623.784697954988,RESOLUTE BAY,232005179,12.2
2025-11-22 09:44:09+00:00,55.259415,11.082838,10335.426408953374,DUSK,629009770,10.8
2025-11-22 09:44:10+00:00,55.294753,11.04354,5991.4142237457045,ARC ENDEAVOR,366663000,12.2
2025-11-22 09:44:10+00:00,55.294753,11.04354,5991.4142237457045,ARC ENDEAVOR,366663000,12.2
2025-11-22 09:44:10+00:00,55.294753,11.04354,5991.4142237457045,ARC ENDEAVOR,366663000,12.2
2025-11-22 09:44:11+00:00,55.236665,11.090663,12916.466424930559,TERN SEA,219814000,11.7
2025-11-22 09:44:11+00:00,55.236665,11.090663,12916.466424930559,TERN SEA,219814000,11.7
2025-11-22 09:44:11+00:00,55.236665,11.090663,12916.466424930559,TERN SEA,219814000,11.7
2025-11-22 09:44:11+00:00,55.236665,11.090663,12916.466424930559,TERN SEA,219814000,11.7
2025-11-22 09:44:11+00:00,55.236205,11.10175,13114.955267962294,FEDERAL SUTTON,538004383,12.1
2025-11-22 09:44:11+00:00,55.236205,11.10175,13114.955267962294,FEDERAL SUTTON,538004383,12.1
2025-11-22 09:44:11+00:00,55.257153,11.076027,10509.065938873247,STAVFJORD,259888000,11.4
2025-11-22 09:44:11+00:00,55.236205,11.10175,13114.955267962294,FEDERAL SUTTON,538004383,12.1
2025-11-22 09:44:11+00:00,55.236205,11.10175,13114.955267962294,FEDERAL SUTTON,538004383,12.1
2025-11-22 09:44:11+00:00,55.257153,11.076027,10509.065938873247,STAVFJORD,259888000,11.4
2025-11-22 09:44:11+00:00,55.257153,11.076027,10509.065938873247,STAVFJORD,259888000,11.4
2025-11-22 09:44:11+00:00,55.257153,11.076027,10509.065938873247,STAVFJORD,259888000,11.4
2025-11-22 09:44:11+00:00,55.236205,11.10175,13114.955267962294,FEDERAL SUTTON,538004383,12.1
2025-11-22 09:44:16+00:00,55.398195,11.012242,5678.668881167617,RESOLUTE BAY,232005179,12.2
2025-11-22 09:44:16+00:00,55.398195,11.012242,5678.668881167617,RESOLUTE BAY,232005179,12.2
2025-11-22 09:44:16+00:00,55.398195,11.012242,5678.668881167617,RESOLUTE BAY,232005179,12.2
2025-11-22 09:44:16+00:00,55.398195,11.012242,5678.668881167617,RESOLUTE BAY,232005179,12.2
2025-11-22 09:44:20+00:00,55.236693,11.101508,13058.529435929508,FEDERAL SUTTON,538004383,12.1
2025-11-22 09:44:20+00:00,55.236693,11.101508,13058.529435929508,FEDERAL SUTTON,538004383,12.1
2025-11-22 09:44:20+00:00,55.236693,11.101508,13058.529435929508,FEDERAL SUTTON,538004383,12.1
2025-11-22 09:44:20+00:00,55.236693,11.101508,13058.529435929508,FEDERAL SUTTON,538004383,12.1
2025-11-22 09:44:21+00:00,55.294187,11.04398,6058.509924409453,ARC ENDEAVOR,366663000,12.2
2025-11-22 09:44:21+00:00,55.256665,11.07643,10567.408003958108,STAVFJORD,259888000,11.4
2025-11-22 09:44:21+00:00,55.256665,11.07643,10567.408003958108,STAVFJORD,259888000,11.4
2025-11-22 09:44:21+00:00,55.256665,11.07643,10567.408003958108,STAVFJORD,259888000,11.4
2025-11-22 09:44:21+00:00,55.294187,11.04398,6058.509924409453,ARC ENDEAVOR,366663000,12.2
2025-11-22 09:44:21+00:00,55.294187,11.04398,6058.509924409453,ARC ENDEAVOR,366663000,12.2
2025-11-22 09:44:21+00:00,55.294187,11.04398,6058.509924409453,ARC ENDEAVOR,366663000,12.2
2025-11-22 09:44:22+00:00,55.236118,11.091083,12981.26104827996,TERN SEA,219814000,11.7
2025-11-22 09:44:22+00:00,55.236118,11.091083,12981.26104827996,TERN SEA,219814000,11.7
2025-11-22 09:44:23+00:00,55.236118,11.091083,12981.26104827996,TERN SEA,219814000,11.7
2025-11-22 09:44:23+00:00,55.236118,11.091083,12981.26104827996,TERN SEA,219814000,11.7
2025-11-22 09:44:25+00:00,55.39863,11.011778,5725.020369972367,RESOLUTE BAY,232005179,12.2
2025-11-22 09:44:25+00:00,55.39863,11.011778,5725.020369972367,RESOLUTE BAY,232005179,12.2
2025-11-22 09:44:25+00:00,55.39863,11.011778,5725.020369972367,RESOLUTE BAY,232005179,12.2
2025-11-22 09:44:25+00:00,55.39863,11.011778,5725.020369972367,RESOLUTE BAY,232005179,12.2
2025-11-22 09:44:29+00:00,55.256228,11.076777,10619.491832072148,STAVFJORD,259888000,11.3
2025-11-22 09:44:29+00:00,55.256228,11.076777,10619.491832072148,STAVFJORD,259888000,11.3
2025-11-22 09:44:29+00:00,55.256228,11.076777,10619.491832072148,STAVFJORD,259888000,11.3
2025-11-22 09:44:30+00:00,55.293668,11.04438,6120.004620225225,ARC ENDEAVOR,366663000,12.2
2025-11-22 09:44:30+00:00,55.293668,11.04438,6120.004620225225,ARC ENDEAVOR,366663000,12.2
2025-11-22 09:44:30+00:00,55.293668,11.04438,6120.004620225225,ARC ENDEAVOR,366663000,12.2
2025-11-22 09:44:30+00:00,55.26041,11.082052,10217.421108171986,DUSK,629009770,10.8
2025-11-22 09:44:30+00:00,55.26041,11.082052,10217.421108171986,DUSK,629009770,10.8
2025-11-22 09:44:30+00:00,55.237225,11.101213,12996.54978491365,FEDERAL SUTTON,538004383,12.1
2025-11-22 09:44:30+00:00,55.293668,11.04438,6120.004620225225,ARC ENDEAVOR,366663000,12.2
2025-11-22 09:44:30+00:00,55.237225,11.101213,12996.54978491365,FEDERAL SUTTON,538004383,12.1
2025-11-22 09:44:30+00:00,55.237225,11.101213,12996.54978491365,FEDERAL SUTTON,538004383,12.1
2025-11-22 09:44:30+00:00,55.237225,11.101213,12996.54978491365,FEDERAL SUTTON,538004383,12.1
2025-11-22 09:44:30+00:00,55.237225,11.101213,12996.54978491365,FEDERAL SUTTON,538004383,12.1
2025-11-22 09:44:30+00:00,55.26041,11.082052,10217.421108171986,DUSK,629009770,10.8
2025-11-22 09:44:33+00:00,55.23557,11.091505,13046.205979318698,TERN SEA,219814000,11.7
2025-11-22 09:44:33+00:00,55.23557,11.091505,13046.205979318698,TERN SEA,219814000,11.7
2025-11-22 09:44:33+00:00,55.23557,11.091505,13046.205979318698,TERN SEA,219814000,11.7
2025-11-22 09:44:35+00:00,55.399112,11.011258,5776.382829508822,RESOLUTE BAY,232005179,12.2
2025-11-22 09:44:35+00:00,55.399112,11.011258,5776.382829508822,RESOLUTE BAY,232005179,12.2
2025-11-22 09:44:35+00:00,55.399112,11.011258,5776.382829508822,RESOLUTE BAY,232005179,12.2
2025-11-22 09:44:35+00:00,55.399112,11.011258,5776.382829508822,RESOLUTE BAY,232005179,12.2
2025-11-22 09:44:40+00:00,55.260822,11.081757,10168.929761823485,DUSK,629009770,10.8
2025-11-22 09:44:40+00:00,55.260822,11.081757,10168.929761823485,DUSK,629009770,10.8
2025-11-22 09:44:40+00:00,55.255747,11.077153,10676.75877081341,STAVFJORD,259888000,11.3
2025-11-22 09:44:40+00:00,55.255747,11.077153,10676.75877081341,STAVFJORD,259888000,11.3
2025-11-22 09:44:40+00:00,55.255747,11.077153,10676.75877081341,STAVFJORD,259888000,11.3
2025-11-22 09:44:40+00:00,55.255747,11.077153,10676.75877081341,STAVFJORD,259888000,11.3
2025-11-22 09:44:41+00:00,55.237807,11.100873,12928.488613819876,FEDERAL SUTTON,538004383,12.0
2025-11-22 09:44:41+00:00,55.293152,11.044783,6181.218043080762,ARC ENDEAVOR,366663000,12.2
2025-11-22 09:44:41+00:00,55.293152,11.044783,6181.218043080762,ARC ENDEAVOR,366663000,12.2
2025-11-22 09:44:41+00:00,55.237807,11.100873,12928.488613819876,FEDERAL SUTTON,538004383,12.0
2025-11-22 09:44:41+00:00,55.237807,11.100873,12928.488613819876,FEDERAL SUTTON,538004383,12.0
2025-11-22 09:44:41+00:00,55.237807,11.100873,12928.488613819876,FEDERAL SUTTON,538004383,12.0
2025-11-22 09:44:41+00:00,55.237807,11.100873,12928.488613819876,FEDERAL SUTTON,538004383,12.0
2025-11-22 09:44:42+00:00,55.235125,11.091853,13099.020326174807,TERN SEA,219814000,11.7
2025-11-22 09:44:42+00:00,55.235125,11.091853,13099.020326174807,TERN SEA,219814000,11.7
2025-11-22 09:44:42+00:00,55.235125,11.091853,13099.020326174807,TERN SEA,219814000,11.7
2025-11-22 09:44:42+00:00,55.235125,11.091853,13099.020326174807,TERN SEA,219814000,11.7
2025-11-22 09:44:49+00:00,55.26123,11.081462,10120.88687877996,DUSK,629009770,10.8
2025-11-22 09:44:49+00:00,55.26123,11.081462,10120.88687877996,DUSK,629009770,10.8
2025-11-22 09:44:49+00:00,55.26123,11.081462,10120.88687877996,DUSK,629009770,10.8
2025-11-22 09:44:49+00:00,55.238227,11.100615,12879.185457857126,FEDERAL SUTTON,538004383,12.0
2025-11-22 09:44:49+00:00,55.238227,11.100615,12879.185457857126,FEDERAL SUTTON,538004383,12.0
2025-11-22 09:44:49+00:00,55.238227,11.100615,12879.185457857126,FEDERAL SUTTON,538004383,12.0
2025-11-22 09:44:49+00:00,55.238227,11.100615,12879.185457857126,FEDERAL SUTTON,538004383,12.0
2025-11-22 09:44:50+00:00,55.292687,11.045153,6236.491794297977,ARC ENDEAVOR,366663000,12.2
2025-11-22 09:44:51+00:00,55.255218,11.077578,10739.906008971555,STAVFJORD,259888000,11.3
2025-11-22 09:44:51+00:00,55.255218,11.077578,10739.906008971555,STAVFJORD,259888000,11.3
2025-11-22 09:44:51+00:00,55.255218,11.077578,10739.906008971555,STAVFJORD,259888000,11.3
2025-11-22 09:44:51+00:00,55.255218,11.077578,10739.906008971555,STAVFJORD,259888000,11.3
2025-11-22 09:44:53+00:00,55.23458,11.092282,13163.752763651162,TERN SEA,219814000,11.7
2025-11-22 09:44:53+00:00,55.23458,11.092282,13163.752763651162,TERN SEA,219814000,11.7
2025-11-22 09:44:55+00:00,55.400082,11.010222,5879.464889235673,RESOLUTE BAY,232005179,12.2
2025-11-22 09:44:55+00:00,55.400082,11.010222,5879.464889235673,RESOLUTE BAY,232005179,12.2
2025-11-22 09:44:55+00:00,55.400082,11.010222,5879.464889235673,RESOLUTE BAY,232005179,12.2
2025-11-22 09:44:59+00:00,55.254788,11.077912,10791.100969122877,STAVFJORD,259888000,11.3
2025-11-22 09:44:59+00:00,55.254788,11.077912,10791.100969122877,STAVFJORD,259888000,11.3
2025-11-22 09:44:59+00:00,55.254788,11.077912,10791.100969122877,STAVFJORD,259888000,11.3
2025-11-22 09:44:59+00:00,55.254788,11.077912,10791.100969122877,STAVFJORD,259888000,11.3
2025-11-22 09:44:59+00:00,55.254788,11.077912,10791.100969122877,STAVFJORD,259888000,11.3
2025-11-22 09:45:01+00:00,55.261777,11.081057,10056.386296178278,DUSK,629009770,10.8
2025-11-22 09:45:01+00:00,55.261777,11.081057,10056.386296178278,DUSK,629009770,10.8
2025-11-22 09:45:01+00:00,55.261777,11.081057,10056.386296178278,DUSK,629009770,10.8
2025-11-22 09:45:01+00:00,55.23874,11.100273,12818.568032973093,FEDERAL SUTTON,538004383,12.0
2025-11-22 09:45:01+00:00,55.23874,11.100273,12818.568032973093,FEDERAL SUTTON,538004383,12.0
2025-11-22 09:45:01+00:00,55.23874,11.100273,12818.568032973093,FEDERAL SUTTON,538004383,12.0
2025-11-22 09:45:01+00:00,55.23874,11.100273,12818.568032973093,FEDERAL SUTTON,538004383,12.0
2025-11-22 09:45:01+00:00,55.292118,11.045608,6304.193519822814,ARC ENDEAVOR,366663000,12.2
2025-11-22 09:45:01+00:00,55.292118,11.045608,6304.193519822814,ARC ENDEAVOR,366663000,12.2
2025-11-22 09:45:01+00:00,55.292118,11.045608,6304.193519822814,ARC ENDEAVOR,366663000,12.2
2025-11-22 09:45:01+00:00,55.292118,11.045608,6304.193519822814,ARC ENDEAVOR,366663000,12.2
2025-11-22 09:45:01+00:00,55.292118,11.045608,6304.193519822814,ARC ENDEAVOR,366663000,12.2
2025-11-22 09:45:01+00:00,55.23874,11.100273,12818.568032973093,FEDERAL SUTTON,538004383,12.0
2025-11-22 09:45:02+00:00,55.234135,11.092633,13216.629560891897,TERN SEA,219814000,11.7
2025-11-22 09:45:02+00:00,55.234135,11.092633,13216.629560891897,TERN SEA,219814000,11.7
2025-11-22 09:45:02+00:00,55.234135,11.092633,13216.629560891897,TERN SEA,219814000,11.7
2025-11-22 09:45:06+00:00,55.40062,11.00965,5936.780363163593,RESOLUTE BAY,232005179,12.2
2025-11-22 09:45:06+00:00,55.40062,11.00965,5936.780363163593,RESOLUTE BAY,232005179,12.2
2025-11-22 09:45:06+00:00,55.40062,11.00965,5936.780363163593,RESOLUTE BAY,232005179,12.2
2025-11-22 09:45:06+00:00,55.40062,11.00965,5936.780363163593,RESOLUTE BAY,232005179,12.2
2025-11-22 09:45:09+00:00,55.262138,11.080783,10013.754721363715,DUSK,629009770,10.9
2025-11-22 09:45:09+00:00,55.262138,11.080783,10013.754721363715,DUSK,629009770,10.9
2025-11-22 09:45:10+00:00,55.291655,11.045982,6359.3601299368665,ARC ENDEAVOR,366663000,12.2
2025-11-22 09:45:10+00:00,55.291655,11.045982,6359.3601299368665,ARC ENDEAVOR,366663000,12.2
2025-11-22 09:45:10+00:00,55.291655,11.045982,6359.3601299368665,ARC ENDEAVOR,366663000,12.2
2025-11-22 09:45:11+00:00,55.239132,11.100003,12772.12284636573,FEDERAL SUTTON,538004383,12.0
2025-11-22 09:45:11+00:00,55.239132,11.100003,12772.12284636573,FEDERAL SUTTON,538004383,12.0
2025-11-22 09:45:11+00:00,55.239132,11.100003,12772.12284636573,FEDERAL SUTTON,538004383,12.0
2025-11-22 09:45:11+00:00,55.254263,11.078327,10853.706132755113,STAVFJORD,259888000,11.3
2025-11-22 09:45:11+00:00,55.254263,11.078327,10853.706132755113,STAVFJORD,259888000,11.3
2025-11-22 09:45:11+00:00,55.254263,11.078327,10853.706132755113,STAVFJORD,259888000,11.3
2025-11-22 09:45:11+00:00,55.254263,11.078327,10853.706132755113,STAVFJORD,259888000,11.3
2025-11-22 09:45:12+00:00,55.233643,11.093025,13275.152610993377,TERN SEA,219814000,11.7
2025-11-22 09:45:12+00:00,55.233643,11.093025,13275.152610993377,TERN SEA,219814000,11.7
2025-11-22 09:45:12+00:00,55.233643,11.093025,13275.152610993377,TERN SEA,219814000,11.7
2025-11-22 09:45:12+00:00,55.233643,11.093025,13275.152610993377,TERN SEA,219814000,11.7
2025-11-22 09:45:16+00:00,55.401108,11.009135,5988.979198103319,RESOLUTE BAY,232005179,12.2
2025-11-22 09:45:16+00:00,55.401108,11.009135,5988.979198103319,RESOLUTE BAY,232005179,12.2
2025-11-22 09:45:16+00:00,55.401108,11.009135,5988.979198103319,RESOLUTE BAY,232005179,12.2
2025-11-22 09:45:16+00:00,55.401108,11.009135,5988.979198103319,RESOLUTE BAY,232005179,12.2
2025-11-22 09:45:21+00:00,55.291088,11.046433,6426.8684549043255,ARC ENDEAVOR,366663000,12.2
2025-11-22 09:45:21+00:00,55.253785,11.078693,10909.788198184495,STAVFJORD,259888000,11.3
2025-11-22 09:45:21+00:00,55.253785,11.078693,10909.788198184495,STAVFJORD,259888000,11.3
2025-11-22 09:45:21+00:00,55.253785,11.078693,10909.788198184495,STAVFJORD,259888000,11.3
2025-11-22 09:45:21+00:00,55.253785,11.078693,10909.788198184495,STAVFJORD,259888000,11.3
2025-11-22 09:45:21+00:00,55.239602,11.099673,12716.34751739789,FEDERAL SUTTON,538004383,12.0
2025-11-22 09:45:21+00:00,55.239602,11.099673,12716.34751739789,FEDERAL SUTTON,538004383,12.0
2025-11-22 09:45:21+00:00,55.239602,11.099673,12716.34751739789,FEDERAL SUTTON,538004383,12.0
2025-11-22 09:45:21+00:00,55.239602,11.099673,12716.34751739789,FEDERAL SUTTON,538004383,12.0
2025-11-22 09:45:21+00:00,55.239602,11.099673,12716.34751739789,FEDERAL SUTTON,538004383,12.0
2025-11-22 09:45:21+00:00,55.291088,11.046433,6426.8684549043255,ARC ENDEAVOR,366663000,12.2
2025-11-22 09:45:21+00:00,55.291088,11.046433,6426.8684549043255,ARC ENDEAVOR,366663000,12.2
2025-11-22 09:45:21+00:00,55.291088,11.046433,6426.8684549043255,ARC ENDEAVOR,366663000,12.2
2025-11-22 09:45:21+00:00,55.291088,11.046433,6426.8684549043255,ARC ENDEAVOR,366663000,12.2
2025-11-22 09:45:23+00:00,55.233095,11.09347,13340.456745696896,TERN SEA,219814000,11.7
2025-11-22 09:45:23+00:00,55.233095,11.09347,13340.456745696896,TERN SEA,219814000,11.7
2025-11-22 09:45:23+00:00,55.233095,11.09347,13340.456745696896,TERN SEA,219814000,11.7
2025-11-22 09:45:23+00:00,55.233095,11.09347,13340.456745696896,TERN SEA,219814000,11.7
2025-11-22 09:45:26+00:00,55.401597,11.008625,6041.430361499104,RESOLUTE BAY,232005179,12.2
2025-11-22 09:45:26+00:00,55.401597,11.008625,6041.430361499104,RESOLUTE BAY,232005179,12.2
2025-11-22 09:45:26+00:00,55.401597,11.008625,6041.430361499104,RESOLUTE BAY,232005179,12.2
2025-11-22 09:45:26+00:00,55.401597,11.008625,6041.430361499104,RESOLUTE BAY,232005179,12.2
2025-11-22 09:45:29+00:00,55.263038,11.080087,9907.37331411453,DUSK,629009770,10.8
2025-11-22 09:45:29+00:00,55.263038,11.080087,9907.37331411453,DUSK,629009770,10.8
2025-11-22 09:45:29+00:00,55.263038,11.080087,9907.37331411453,DUSK,629009770,10.8
2025-11-22 09:45:29+00:00,55.253353,11.079032,10960.56981298282,STAVFJORD,259888000,11.3
2025-11-22 09:45:29+00:00,55.253353,11.079032,10960.56981298282,STAVFJORD,259888000,11.3
2025-11-22 09:45:29+00:00,55.253353,11.079032,10960.56981298282,STAVFJORD,259888000,11.3
2025-11-22 09:45:29+00:00,55.253353,11.079032,10960.56981298282,STAVFJORD,259888000,11.3
2025-11-22 09:45:30+00:00,55.290573,11.046847,6488.270779927865,ARC ENDEAVOR,366663000,12.2
2025-11-22 09:45:30+00:00,55.290573,11.046847,6488.270779927865,ARC ENDEAVOR,366663000,12.2
2025-11-22 09:45:30+00:00,55.290573,11.046847,6488.270779927865,ARC ENDEAVOR,366663000,12.2
2025-11-22 09:45:30+00:00,55.240048,11.099355,12663.353617664688,FEDERAL SUTTON,538004383,12.0
2025-11-22 09:45:30+00:00,55.290573,11.046847,6488.270779927865,ARC ENDEAVOR,366663000,12.2
2025-11-22 09:45:30+00:00,55.240048,11.099355,12663.353617664688,FEDERAL SUTTON,538004383,12.0
2025-11-22 09:45:30+00:00,55.240048,11.099355,12663.353617664688,FEDERAL SUTTON,538004383,12.0
2025-11-22 09:45:30+00:00,55.240048,11.099355,12663.353617664688,FEDERAL SUTTON,538004383,12.0
2025-11-22 09:45:30+00:00,55.240048,11.099355,12663.353617664688,FEDERAL SUTTON,538004383,12.0
2025-11-22 09:45:33+00:00,55.232598,11.093872,13399.680472945658,TERN SEA,219814000,11.7
2025-11-22 09:45:33+00:00,55.232598,11.093872,13399.680472945658,TERN SEA,219814000,11.7
2025-11-22 09:45:33+00:00,55.232598,11.093872,13399.680472945658,TERN SEA,219814000,11.7
2025-11-22 09:45:33+00:00,55.232598,11.093872,13399.680472945658,TERN SEA,219814000,11.7
2025-11-22 09:45:35+00:00,55.402037,11.008165,6088.722269879176,RESOLUTE BAY,232005179,12.2
2025-11-22 09:45:35+00:00,55.402037,11.008165,6088.722269879176,RESOLUTE BAY,232005179,12.2
2025-11-22 09:45:35+00:00,55.402037,11.008165,6088.722269879176,RESOLUTE BAY,232005179,12.2
2025-11-22 09:45:40+00:00,55.263543,11.07971,9847.859584271071,DUSK,629009770,10.8
2025-11-22 09:45:40+00:00,55.263543,11.07971,9847.859584271071,DUSK,629009770,10.8
2025-11-22 09:45:40+00:00,55.263543,11.07971,9847.859584271071,DUSK,629009770,10.8
2025-11-22 09:45:40+00:00,55.252875,11.079408,11016.788453704285,STAVFJORD,259888000,11.3
2025-11-22 09:45:40+00:00,55.252875,11.079408,11016.788453704285,STAVFJORD,259888000,11.3
2025-11-22 09:45:40+00:00,55.252875,11.079408,11016.788453704285,STAVFJORD,259888000,11.3
2025-11-22 09:45:40+00:00,55.252875,11.079408,11016.788453704285,STAVFJORD,259888000,11.3
2025-11-22 09:45:41+00:00,55.240615,11.098977,12596.376711669307,FEDERAL SUTTON,538004383,12.0
2025-11-22 09:45:41+00:00,55.240615,11.098977,12596.376711669307,FEDERAL SUTTON,538004383,12.0
2025-11-22 09:45:41+00:00,55.240615,11.098977,12596.376711669307,FEDERAL SUTTON,538004383,12.0
2025-11-22 09:45:41+00:00,55.240615,11.098977,12596.376711669307,FEDERAL SUTTON,538004383,12.0
2025-11-22 09:45:41+00:00,55.29006,11.047257,6549.412963207754,ARC ENDEAVOR,366663000,12.2
2025-11-22 09:45:41+00:00,55.240615,11.098977,12596.376711669307,FEDERAL SUTTON,538004383,12.0
2025-11-22 09:45:41+00:00,55.29006,11.047257,6549.412963207754,ARC ENDEAVOR,366663000,12.2
2025-11-22 09:45:41+00:00,55.29006,11.047257,6549.412963207754,ARC ENDEAVOR,366663000,12.2
2025-11-22 09:45:42+00:00,55.232152,11.09422,13452.682477168884,TERN SEA,219814000,11.7
2025-11-22 09:45:42+00:00,55.232152,11.09422,13452.682477168884,TERN SEA,219814000,11.7
2025-11-22 09:45:42+00:00,55.232152,11.09422,13452.682477168884,TERN SEA,219814000,11.7
2025-11-22 09:45:42+00:00,55.232152,11.09422,13452.682477168884,TERN SEA,219814000,11.7
2025-11-22 09:45:46+00:00,55.402573,11.007598,6146.388040176995,RESOLUTE BAY,232005179,12.2
2025-11-22 09:45:46+00:00,55.402573,11.007598,6146.388040176995,RESOLUTE BAY,232005179,12.2
2025-11-22 09:45:46+00:00,55.402573,11.007598,6146.388040176995,RESOLUTE BAY,232005179,12.2
2025-11-22 09:45:49+00:00,55.263957,11.079398,9799.052952122815,DUSK,629009770,10.8
2025-11-22 09:45:49+00:00,55.263957,11.079398,9799.052952122815,DUSK,629009770,10.8
2025-11-22 09:45:49+00:00,55.263957,11.079398,9799.052952122815,DUSK,629009770,10.8
2025-11-22 09:45:49+00:00,55.241032,11.0987,12547.137173391411,FEDERAL SUTTON,538004383,12.1
2025-11-22 09:45:49+00:00,55.241032,11.0987,12547.137173391411,FEDERAL SUTTON,538004383,12.1
2025-11-22 09:45:49+00:00,55.241032,11.0987,12547.137173391411,FEDERAL SUTTON,538004383,12.1
2025-11-22 09:45:49+00:00,55.241032,11.0987,12547.137173391411,FEDERAL SUTTON,538004383,12.1
2025-11-22 09:45:50+00:00,55.289598,11.04763,6604.538044373161,ARC ENDEAVOR,366663000,12.2
2025-11-22 09:45:50+00:00,55.289598,11.04763,6604.538044373161,ARC ENDEAVOR,366663000,12.2
2025-11-22 09:45:51+00:00,55.25235,11.079815,11078.501839388138,STAVFJORD,259888000,11.3
2025-11-22 09:45:51+00:00,55.25235,11.079815,11078.501839388138,STAVFJORD,259888000,11.3
2025-11-22 09:45:51+00:00,55.25235,11.079815,11078.501839388138,STAVFJORD,259888000,11.3
2025-11-22 09:45:53+00:00,55.231602,11.094637,13517.907626960303,TERN SEA,219814000,11.7
2025-11-22 09:45:53+00:00,55.231602,11.094637,13517.907626960303,TERN SEA,219814000,11.7
2025-11-22 09:45:53+00:00,55.231602,11.094637,13517.907626960303,TERN SEA,219814000,11.7
2025-11-22 09:45:55+00:00,55.403013,11.007138,6193.833157243565,RESOLUTE BAY,232005179,12.3
2025-11-22 09:45:55+00:00,55.403013,11.007138,6193.833157243565,RESOLUTE BAY,232005179,12.3
2025-11-22 09:45:59+00:00,55.25192,11.080152,11129.102438839907,STAVFJORD,259888000,11.3
2025-11-22 09:45:59+00:00,55.25192,11.080152,11129.102438839907,STAVFJORD,259888000,11.3
2025-11-22 09:45:59+00:00,55.25192,11.080152,11129.102438839907,STAVFJORD,259888000,11.3
2025-11-22 09:46:01+00:00,55.24166,11.098277,12472.903418130243,FEDERAL SUTTON,538004383,12.1
2025-11-22 09:46:01+00:00,55.24166,11.098277,12472.903418130243,FEDERAL SUTTON,538004383,12.1
2025-11-22 09:46:01+00:00,55.264492,11.078943,9735.445365484939,DUSK,629009770,10.8
2025-11-22 09:46:01+00:00,55.264492,11.078943,9735.445365484939,DUSK,629009770,10.8
2025-11-22 09:46:01+00:00,55.24166,11.098277,12472.903418130243,FEDERAL SUTTON,538004383,12.1
2025-11-22 09:46:01+00:00,55.24166,11.098277,12472.903418130243,FEDERAL SUTTON,538004383,12.1
2025-11-22 09:46:01+00:00,55.289033,11.048083,6671.946527162202,ARC ENDEAVOR,366663000,12.2
2025-11-22 09:46:01+00:00,55.289033,11.048083,6671.946527162202,ARC ENDEAVOR,366663000,12.2
2025-11-22 09:46:01+00:00,55.24166,11.098277,12472.903418130243,FEDERAL SUTTON,538004383,12.1
2025-11-22 09:46:01+00:00,55.289033,11.048083,6671.946527162202,ARC ENDEAVOR,366663000,12.2
2025-11-22 09:46:01+00:00,55.289033,11.048083,6671.946527162202,ARC ENDEAVOR,366663000,12.2
2025-11-22 09:46:01+00:00,55.289033,11.048083,6671.946527162202,ARC ENDEAVOR,366663000,12.2
2025-11-22 09:46:02+00:00,55.23115,11.09497,13571.400795738884,TERN SEA,219814000,11.7
2025-11-22 09:46:02+00:00,55.23115,11.09497,13571.400795738884,TERN SEA,219814000,11.7
2025-11-22 09:46:02+00:00,55.23115,11.09497,13571.400795738884,TERN SEA,219814000,11.7
2025-11-22 09:46:02+00:00,55.23115,11.09497,13571.400795738884,TERN SEA,219814000,11.7
2025-11-22 09:46:06+00:00,55.403553,11.006572,6252.130584890447,RESOLUTE BAY,232005179,12.3
2025-11-22 09:46:06+00:00,55.403553,11.006572,6252.130584890447,RESOLUTE BAY,232005179,12.3
2025-11-22 09:46:06+00:00,55.403553,11.006572,6252.130584890447,RESOLUTE BAY,232005179,12.3
2025-11-22 09:46:06+00:00,55.403553,11.006572,6252.130584890447,RESOLUTE BAY,232005179,12.3
2025-11-22 09:46:09+00:00,55.264852,11.078645,9692.750663484312,DUSK,629009770,10.8
2025-11-22 09:46:09+00:00,55.264852,11.078645,9692.750663484312,DUSK,629009770,10.8
2025-11-22 09:46:09+00:00,55.264852,11.078645,9692.750663484312,DUSK,629009770,10.8
2025-11-22 09:46:11+00:00,55.28852,11.048498,6733.230010815916,ARC ENDEAVOR,366663000,12.2
2025-11-22 09:46:11+00:00,55.28852,11.048498,6733.230010815916,ARC ENDEAVOR,366663000,12.2
2025-11-22 09:46:11+00:00,55.28852,11.048498,6733.230010815916,ARC ENDEAVOR,366663000,12.2
2025-11-22 09:46:11+00:00,55.28852,11.048498,6733.230010815916,ARC ENDEAVOR,366663000,12.2
2025-11-22 09:46:11+00:00,55.242133,11.09796,12417.020414458442,FEDERAL SUTTON,538004383,12.1
2025-11-22 09:46:11+00:00,55.242133,11.09796,12417.020414458442,FEDERAL SUTTON,538004383,12.1
2025-11-22 09:46:11+00:00,55.242133,11.09796,12417.020414458442,FEDERAL SUTTON,538004383,12.1
2025-11-22 09:46:11+00:00,55.242133,11.09796,12417.020414458442,FEDERAL SUTTON,538004383,12.1
2025-11-22 09:46:11+00:00,55.251398,11.080558,11190.52124890319,STAVFJORD,259888000,11.3
2025-11-22 09:46:11+00:00,55.251398,11.080558,11190.52124890319,STAVFJORD,259888000,11.3
2025-11-22 09:46:11+00:00,55.251398,11.080558,11190.52124890319,STAVFJORD,259888000,11.3
2025-11-22 09:46:11+00:00,55.242133,11.09796,12417.020414458442,FEDERAL SUTTON,538004383,12.1
2025-11-22 09:46:12+00:00,55.23064,11.09533,13631.571572299606,TERN SEA,219814000,11.7
2025-11-22 09:46:12+00:00,55.23064,11.09533,13631.571572299606,TERN SEA,219814000,11.7
2025-11-22 09:46:12+00:00,55.23064,11.09533,13631.571572299606,TERN SEA,219814000,11.7
2025-11-22 09:46:12+00:00,55.23064,11.09533,13631.571572299606,TERN SEA,219814000,11.7
2025-11-22 09:46:16+00:00,55.40404,11.006055,6304.687009225448,RESOLUTE BAY,232005179,12.3
2025-11-22 09:46:16+00:00,55.40404,11.006055,6304.687009225448,RESOLUTE BAY,232005179,12.3
2025-11-22 09:46:16+00:00,55.40404,11.006055,6304.687009225448,RESOLUTE BAY,232005179,12.3
2025-11-22 09:46:16+00:00,55.40404,11.006055,6304.687009225448,RESOLUTE BAY,232005179,12.3
2025-11-22 09:46:21+00:00,55.242712,11.097577,12348.69357255932,FEDERAL SUTTON,538004383,12.1
2025-11-22 09:46:21+00:00,55.242712,11.097577,12348.69357255932,FEDERAL SUTTON,538004383,12.1
2025-11-22 09:46:21+00:00,55.288007,11.048912,6794.526074805055,ARC ENDEAVOR,366663000,12.2
2025-11-22 09:46:21+00:00,55.242712,11.097577,12348.69357255932,FEDERAL SUTTON,538004383,12.1
2025-11-22 09:46:21+00:00,55.242712,11.097577,12348.69357255932,FEDERAL SUTTON,538004383,12.1
2025-11-22 09:46:21+00:00,55.288007,11.048912,6794.526074805055,ARC ENDEAVOR,366663000,12.2
2025-11-22 09:46:21+00:00,55.288007,11.048912,6794.526074805055,ARC ENDEAVOR,366663000,12.2
2025-11-22 09:46:21+00:00,55.288007,11.048912,6794.526074805055,ARC ENDEAVOR,366663000,12.2
2025-11-22 09:46:21+00:00,55.250922,11.080933,11246.596501109421,STAVFJORD,259888000,11.2
2025-11-22 09:46:21+00:00,55.250922,11.080933,11246.596501109421,STAVFJORD,259888000,11.2
2025-11-22 09:46:21+00:00,55.250922,11.080933,11246.596501109421,STAVFJORD,259888000,11.2
2025-11-22 09:46:21+00:00,55.288007,11.048912,6794.526074805055,ARC ENDEAVOR,366663000,12.2
2025-11-22 09:46:23+00:00,55.230138,11.095685,13690.815741817418,TERN SEA,219814000,11.6
2025-11-22 09:46:23+00:00,55.230138,11.095685,13690.815741817418,TERN SEA,219814000,11.6
2025-11-22 09:46:23+00:00,55.230138,11.095685,13690.815741817418,TERN SEA,219814000,11.6
2025-11-22 09:46:23+00:00,55.230138,11.095685,13690.815741817418,TERN SEA,219814000,11.6
2025-11-22 09:46:26+00:00,55.404528,11.005537,6357.424248224307,RESOLUTE BAY,232005179,12.3
2025-11-22 09:46:26+00:00,55.404528,11.005537,6357.424248224307,RESOLUTE BAY,232005179,12.3
2025-11-22 09:46:26+00:00,55.404528,11.005537,6357.424248224307,RESOLUTE BAY,232005179,12.3
2025-11-22 09:46:26+00:00,55.404528,11.005537,6357.424248224307,RESOLUTE BAY,232005179,12.3
2025-11-22 09:46:29+00:00,55.265753,11.077932,9586.304023500023,DUSK,629009770,10.8
2025-11-22 09:46:29+00:00,55.250493,11.081275,11297.193131161896,STAVFJORD,259888000,11.2
2025-11-22 09:46:29+00:00,55.250493,11.081275,11297.193131161896,STAVFJORD,259888000,11.2
2025-11-22 09:46:29+00:00,55.250493,11.081275,11297.193131161896,STAVFJORD,259888000,11.2
2025-11-22 09:46:29+00:00,55.250493,11.081275,11297.193131161896,STAVFJORD,259888000,11.2
2025-11-22 09:46:30+00:00,55.287493,11.049327,6855.972564523267,ARC ENDEAVOR,366663000,12.2
2025-11-22 09:46:30+00:00,55.287493,11.049327,6855.972564523267,ARC ENDEAVOR,366663000,12.2
2025-11-22 09:46:30+00:00,55.287493,11.049327,6855.972564523267,ARC ENDEAVOR,366663000,12.2
2025-11-22 09:46:30+00:00,55.243183,11.097262,12293.066489273551,FEDERAL SUTTON,538004383,12.1
2025-11-22 09:46:30+00:00,55.243183,11.097262,12293.066489273551,FEDERAL SUTTON,538004383,12.1
2025-11-22 09:46:30+00:00,55.243183,11.097262,12293.066489273551,FEDERAL SUTTON,538004383,12.1
2025-11-22 09:46:30+00:00,55.287493,11.049327,6855.972564523267,ARC ENDEAVOR,366663000,12.2
2025-11-22 09:46:33+00:00,55.229588,11.096073,13755.723078148252,TERN SEA,219814000,11.6
2025-11-22 09:46:33+00:00,55.229588,11.096073,13755.723078148252,TERN SEA,219814000,11.6
2025-11-22 09:46:33+00:00,55.229588,11.096073,13755.723078148252,TERN SEA,219814000,11.6
2025-11-22 09:46:33+00:00,55.229588,11.096073,13755.723078148252,TERN SEA,219814000,11.6
2025-11-22 09:46:35+00:00,55.404968,11.005068,6404.972556611866,RESOLUTE BAY,232005179,12.3
2025-11-22 09:46:35+00:00,55.404968,11.005068,6404.972556611866,RESOLUTE BAY,232005179,12.3
2025-11-22 09:46:35+00:00,55.404968,11.005068,6404.972556611866,RESOLUTE BAY,232005179,12.3
2025-11-22 09:46:35+00:00,55.404968,11.005068,6404.972556611866,RESOLUTE BAY,232005179,12.3
2025-11-22 09:46:39+00:00,55.25002,11.081657,11353.0490134451,STAVFJORD,259888000,11.2
2025-11-22 09:46:39+00:00,55.25002,11.081657,11353.0490134451,STAVFJORD,259888000,11.2
2025-11-22 09:46:39+00:00,55.25002,11.081657,11353.0490134451,STAVFJORD,259888000,11.2
2025-11-22 09:46:39+00:00,55.25002,11.081657,11353.0490134451,STAVFJORD,259888000,11.2
2025-11-22 09:46:40+00:00,55.266257,11.077562,9527.095281770313,DUSK,629009770,10.8
2025-11-22 09:46:40+00:00,55.266257,11.077562,9527.095281770313,DUSK,629009770,10.8
2025-11-22 09:46:40+00:00,55.266257,11.077562,9527.095281770313,DUSK,629009770,10.8
2025-11-22 09:46:41+00:00,55.286982,11.049742,6917.120570803912,ARC ENDEAVOR,366663000,12.2
2025-11-22 09:46:41+00:00,55.286982,11.049742,6917.120570803912,ARC ENDEAVOR,366663000,12.2
2025-11-22 09:46:41+00:00,55.286982,11.049742,6917.120570803912,ARC ENDEAVOR,366663000,12.2
2025-11-22 09:46:41+00:00,55.286982,11.049742,6917.120570803912,ARC ENDEAVOR,366663000,12.2
2025-11-22 09:46:41+00:00,55.286982,11.049742,6917.120570803912,ARC ENDEAVOR,366663000,12.2
2025-11-22 09:46:41+00:00,55.243752,11.09685,12225.416206906933,FEDERAL SUTTON,538004383,12.1
2025-11-22 09:46:41+00:00,55.243752,11.09685,12225.416206906933,FEDERAL SUTTON,538004383,12.1
2025-11-22 09:46:41+00:00,55.243752,11.09685,12225.416206906933,FEDERAL SUTTON,538004383,12.1
2025-11-22 09:46:41+00:00,55.243752,11.09685,12225.416206906933,FEDERAL SUTTON,538004383,12.1
2025-11-22 09:46:42+00:00,55.229138,11.096383,13808.74243739352,TERN SEA,219814000,11.6
2025-11-22 09:46:42+00:00,55.229138,11.096383,13808.74243739352,TERN SEA,219814000,11.6
2025-11-22 09:46:42+00:00,55.229138,11.096383,13808.74243739352,TERN SEA,219814000,11.6
2025-11-22 09:46:42+00:00,55.229138,11.096383,13808.74243739352,TERN SEA,219814000,11.6
2025-11-22 09:46:46+00:00,55.405507,11.004497,6463.009521075006,RESOLUTE BAY,232005179,12.3
2025-11-22 09:46:46+00:00,55.405507,11.004497,6463.009521075006,RESOLUTE BAY,232005179,12.3
2025-11-22 09:46:46+00:00,55.405507,11.004497,6463.009521075006,RESOLUTE BAY,232005179,12.3
2025-11-22 09:46:49+00:00,55.244218,11.096517,12170.083192956528,FEDERAL SUTTON,538004383,12.1
2025-11-22 09:46:49+00:00,55.244218,11.096517,12170.083192956528,FEDERAL SUTTON,538004383,12.1
2025-11-22 09:46:49+00:00,55.244218,11.096517,12170.083192956528,FEDERAL SUTTON,538004383,12.1
2025-11-22 09:46:49+00:00,55.244218,11.096517,12170.083192956528,FEDERAL SUTTON,538004383,12.1
2025-11-22 09:46:49+00:00,55.26667,11.07726,9478.60470157469,DUSK,629009770,10.8
2025-11-22 09:46:49+00:00,55.26667,11.07726,9478.60470157469,DUSK,629009770,10.8
2025-11-22 09:46:49+00:00,55.26667,11.07726,9478.60470157469,DUSK,629009770,10.8
2025-11-22 09:46:49+00:00,55.26667,11.07726,9478.60470157469,DUSK,629009770,10.8
2025-11-22 09:46:50+00:00,55.286517,11.050115,6972.72550589183,ARC ENDEAVOR,366663000,12.2
2025-11-22 09:46:50+00:00,55.286517,11.050115,6972.72550589183,ARC ENDEAVOR,366663000,12.2
2025-11-22 09:46:51+00:00,55.249498,11.08209,11414.833276674864,STAVFJORD,259888000,11.2
2025-11-22 09:46:51+00:00,55.249498,11.08209,11414.833276674864,STAVFJORD,259888000,11.2
2025-11-22 09:46:51+00:00,55.249498,11.08209,11414.833276674864,STAVFJORD,259888000,11.2
2025-11-22 09:46:51+00:00,55.249498,11.08209,11414.833276674864,STAVFJORD,259888000,11.2
2025-11-22 09:46:53+00:00,55.228585,11.09676,13873.855669062998,TERN SEA,219814000,11.6
2025-11-22 09:46:53+00:00,55.228585,11.09676,13873.855669062998,TERN SEA,219814000,11.6
2025-11-22 09:46:54+00:00,55.244218,11.096517,12170.083192956528,FEDERAL SUTTON,538004383,12.1
2025-11-22 09:46:54+00:00,55.244218,11.096517,12170.083192956528,FEDERAL SUTTON,538004383,12.1
2025-11-22 09:46:54+00:00,55.244218,11.096517,12170.083192956528,FEDERAL SUTTON,538004383,12.1
2025-11-22 09:46:56+00:00,55.406,11.003983,6516.158779856985,RESOLUTE BAY,232005179,12.3
2025-11-22 09:46:56+00:00,55.406,11.003983,6516.158779856985,RESOLUTE BAY,232005179,12.3
2025-11-22 09:46:56+00:00,55.406,11.003983,6516.158779856985,RESOLUTE BAY,232005179,12.3
2025-11-22 09:46:56+00:00,55.406,11.003983,6516.158779856985,RESOLUTE BAY,232005179,12.3
2025-11-22 09:46:57+00:00,55.228335,11.096935,13903.353207289154,TERN SEA,219814000,11.6
2025-11-22 09:46:57+00:00,55.228335,11.096935,13903.353207289154,TERN SEA,219814000,11.6
2025-11-22 09:46:57+00:00,55.228335,11.096935,13903.353207289154,TERN SEA,219814000,11.6
2025-11-22 09:46:57+00:00,55.228335,11.096935,13903.353207289154,TERN SEA,219814000,11.6
2025-11-22 09:46:58+00:00,55.228335,11.096935,13903.353207289154,TERN SEA,219814000,11.6
2025-11-22 09:46:58+00:00,55.228335,11.096935,13903.353207289154,TERN SEA,219814000,11.6
2025-11-22 09:46:58+00:00,55.228335,11.096935,13903.353207289154,TERN SEA,219814000,11.6
2025-11-22 09:46:58+00:00,55.228335,11.096935,13903.353207289154,TERN SEA,219814000,11.6
2025-11-22 09:46:59+00:00,55.249073,11.082455,11465.286033720027,STAVFJORD,259888000,11.2
2025-11-22 09:46:59+00:00,55.249073,11.082455,11465.286033720027,STAVFJORD,259888000,11.2
2025-11-22 09:46:59+00:00,55.249073,11.082455,11465.286033720027,STAVFJORD,259888000,11.2
2025-11-22 09:46:59+00:00,55.249073,11.082455,11465.286033720027,STAVFJORD,259888000,11.2
2025-11-22 09:46:59+00:00,55.249073,11.082455,11465.286033720027,STAVFJORD,259888000,11.2
2025-11-22 09:47:00+00:00,55.26717,11.076867,9419.63836658626,DUSK,629009770,10.8
2025-11-22 09:47:00+00:00,55.26717,11.076867,9419.63836658626,DUSK,629009770,10.8
2025-11-22 09:47:00+00:00,55.26717,11.076867,9419.63836658626,DUSK,629009770,10.8
2025-11-22 09:47:01+00:00,55.24479,11.096113,12102.240741263025,FEDERAL SUTTON,538004383,12.1
2025-11-22 09:47:01+00:00,55.24479,11.096113,12102.240741263025,FEDERAL SUTTON,538004383,12.1
2025-11-22 09:47:01+00:00,55.24479,11.096113,12102.240741263025,FEDERAL SUTTON,538004383,12.1
2025-11-22 09:47:01+00:00,55.24479,11.096113,12102.240741263025,FEDERAL SUTTON,538004383,12.1
2025-11-22 09:47:01+00:00,55.24479,11.096113,12102.240741263025,FEDERAL SUTTON,538004383,12.1
2025-11-22 09:47:01+00:00,55.285953,11.050563,7040.137412956735,ARC ENDEAVOR,366663000,12.2
2025-11-22 09:47:01+00:00,55.285953,11.050563,7040.137412956735,ARC ENDEAVOR,366663000,12.2
2025-11-22 09:47:01+00:00,55.285953,11.050563,7040.137412956735,ARC ENDEAVOR,366663000,12.2
2025-11-22 09:47:01+00:00,55.285953,11.050563,7040.137412956735,ARC ENDEAVOR,366663000,12.2
2025-11-22 09:47:01+00:00,55.285953,11.050563,7040.137412956735,ARC ENDEAVOR,366663000,12.2
2025-11-22 09:47:02+00:00,55.228137,11.097083,13926.836731734511,TERN SEA,219814000,11.6
2025-11-22 09:47:02+00:00,55.228137,11.097083,13926.836731734511,TERN SEA,219814000,11.6
2025-11-22 09:47:02+00:00,55.228137,11.097083,13926.836731734511,TERN SEA,219814000,11.6
2025-11-22 09:47:02+00:00,55.228137,11.097083,13926.836731734511,TERN SEA,219814000,11.6
2025-11-22 09:47:06+00:00,55.406492,11.003473,6569.1635843537215,RESOLUTE BAY,232005179,12.3
2025-11-22 09:47:06+00:00,55.406492,11.003473,6569.1635843537215,RESOLUTE BAY,232005179,12.3
2025-11-22 09:47:06+00:00,55.227938,11.097233,13950.45654806399,TERN SEA,219814000,11.6
2025-11-22 09:47:06+00:00,55.227938,11.097233,13950.45654806399,TERN SEA,219814000,11.6
2025-11-22 09:47:06+00:00,55.227938,11.097233,13950.45654806399,TERN SEA,219814000,11.6
2025-11-22 09:47:06+00:00,55.406492,11.003473,6569.1635843537215,RESOLUTE BAY,232005179,12.3
2025-11-22 09:47:06+00:00,55.227938,11.097233,13950.45654806399,TERN SEA,219814000,11.6
2025-11-22 09:47:06+00:00,55.406492,11.003473,6569.1635843537215,RESOLUTE BAY,232005179,12.3
2025-11-22 09:47:08+00:00,55.22784,11.097305,13962.065117615914,TERN SEA,219814000,11.6
2025-11-22 09:47:08+00:00,55.22784,11.097305,13962.065117615914,TERN SEA,219814000,11.6
2025-11-22 09:47:08+00:00,55.22784,11.097305,13962.065117615914,TERN SEA,219814000,11.6
2025-11-22 09:47:08+00:00,55.22784,11.097305,13962.065117615914,TERN SEA,219814000,11.6
2025-11-22 09:47:09+00:00,55.26758,11.076545,9371.30812692762,DUSK,629009770,10.8
2025-11-22 09:47:09+00:00,55.26758,11.076545,9371.30812692762,DUSK,629009770,10.8
2025-11-22 09:47:11+00:00,55.28544,11.050973,7101.5134683381375,ARC ENDEAVOR,366663000,12.2
2025-11-22 09:47:11+00:00,55.28544,11.050973,7101.5134683381375,ARC ENDEAVOR,366663000,12.2
2025-11-22 09:47:11+00:00,55.28544,11.050973,7101.5134683381375,ARC ENDEAVOR,366663000,12.2
2025-11-22 09:47:11+00:00,55.28544,11.050973,7101.5134683381375,ARC ENDEAVOR,366663000,12.2
2025-11-22 09:47:11+00:00,55.248558,11.082885,11526.32130157511,STAVFJORD,259888000,11.2
2025-11-22 09:47:11+00:00,55.248558,11.082885,11526.32130157511,STAVFJORD,259888000,11.2
2025-11-22 09:47:11+00:00,55.248558,11.082885,11526.32130157511,STAVFJORD,259888000,11.2
2025-11-22 09:47:11+00:00,55.248558,11.082885,11526.32130157511,STAVFJORD,259888000,11.2
2025-11-22 09:47:11+00:00,55.245303,11.095728,12041.079517962356,FEDERAL SUTTON,538004383,12.1
2025-11-22 09:47:11+00:00,55.245303,11.095728,12041.079517962356,FEDERAL SUTTON,538004383,12.1
2025-11-22 09:47:11+00:00,55.245303,11.095728,12041.079517962356,FEDERAL SUTTON,538004383,12.1
2025-11-22 09:47:11+00:00,55.245303,11.095728,12041.079517962356,FEDERAL SUTTON,538004383,12.1
2025-11-22 09:47:11+00:00,55.245303,11.095728,12041.079517962356,FEDERAL SUTTON,538004383,12.1
2025-11-22 09:47:11+00:00,55.245303,11.095728,12041.079517962356,FEDERAL SUTTON,538004383,12.1
2025-11-22 09:47:12+00:00,55.227638,11.09744,13985.822268067617,TERN SEA,219814000,11.6
2025-11-22 09:47:12+00:00,55.227638,11.09744,13985.822268067617,TERN SEA,219814000,11.6
2025-11-22 09:47:12+00:00,55.227638,11.09744,13985.822268067617,TERN SEA,219814000,11.6
2025-11-22 09:47:12+00:00,55.227638,11.09744,13985.822268067617,TERN SEA,219814000,11.6
2025-11-22 09:47:15+00:00,55.227488,11.09753,14003.33293578751,TERN SEA,219814000,11.5
2025-11-22 09:47:15+00:00,55.227488,11.09753,14003.33293578751,TERN SEA,219814000,11.5
2025-11-22 09:47:15+00:00,55.227488,11.09753,14003.33293578751,TERN SEA,219814000,11.5
2025-11-22 09:47:15+00:00,55.227488,11.09753,14003.33293578751,TERN SEA,219814000,11.5
2025-11-22 09:47:16+00:00,55.406982,11.002963,6621.938131404102,RESOLUTE BAY,232005179,12.3
2025-11-22 09:47:16+00:00,55.406982,11.002963,6621.938131404102,RESOLUTE BAY,232005179,12.3
2025-11-22 09:47:16+00:00,55.406982,11.002963,6621.938131404102,RESOLUTE BAY,232005179,12.3
2025-11-22 09:47:16+00:00,55.406982,11.002963,6621.938131404102,RESOLUTE BAY,232005179,12.3
2025-11-22 09:47:18+00:00,55.227287,11.097643,14026.700202104823,TERN SEA,219814000,11.5
2025-11-22 09:47:18+00:00,55.227287,11.097643,14026.700202104823,TERN SEA,219814000,11.5
2025-11-22 09:47:18+00:00,55.227287,11.097643,14026.700202104823,TERN SEA,219814000,11.5
2025-11-22 09:47:20+00:00,55.248135,11.083245,11576.54492728911,STAVFJORD,259888000,11.2
2025-11-22 09:47:20+00:00,55.248135,11.083245,11576.54492728911,STAVFJORD,259888000,11.2
2025-11-22 09:47:20+00:00,55.248135,11.083245,11576.54492728911,STAVFJORD,259888000,11.2
2025-11-22 09:47:20+00:00,55.248135,11.083245,11576.54492728911,STAVFJORD,259888000,11.2
2025-11-22 09:47:20+00:00,55.248135,11.083245,11576.54492728911,STAVFJORD,259888000,11.2
2025-11-22 09:47:20+00:00,55.268082,11.076158,9312.230026808416,DUSK,629009770,10.8
2025-11-22 09:47:20+00:00,55.268082,11.076158,9312.230026808416,DUSK,629009770,10.8
2025-11-22 09:47:20+00:00,55.268082,11.076158,9312.230026808416,DUSK,629009770,10.8
2025-11-22 09:47:21+00:00,55.284927,11.051388,7162.982862585348,ARC ENDEAVOR,366663000,12.2
2025-11-22 09:47:21+00:00,55.284927,11.051388,7162.982862585348,ARC ENDEAVOR,366663000,12.2
2025-11-22 09:47:21+00:00,55.284927,11.051388,7162.982862585348,ARC ENDEAVOR,366663000,12.2
2025-11-22 09:47:21+00:00,55.284927,11.051388,7162.982862585348,ARC ENDEAVOR,366663000,12.2
2025-11-22 09:47:21+00:00,55.245817,11.09533,11979.634618153106,FEDERAL SUTTON,538004383,12.1
2025-11-22 09:47:21+00:00,55.245817,11.09533,11979.634618153106,FEDERAL SUTTON,538004383,12.1
2025-11-22 09:47:21+00:00,55.245817,11.09533,11979.634618153106,FEDERAL SUTTON,538004383,12.1
2025-11-22 09:47:21+00:00,55.245817,11.09533,11979.634618153106,FEDERAL SUTTON,538004383,12.1
2025-11-22 09:47:21+00:00,55.245817,11.09533,11979.634618153106,FEDERAL SUTTON,538004383,12.1
2025-11-22 09:47:22+00:00,55.227135,11.097727,14044.352609485572,TERN SEA,219814000,11.5
2025-11-22 09:47:22+00:00,55.227135,11.097727,14044.352609485572,TERN SEA,219814000,11.5
2025-11-22 09:47:22+00:00,55.227135,11.097727,14044.352609485572,TERN SEA,219814000,11.5
2025-11-22 09:47:25+00:00,55.226983,11.097807,14061.953831181083,TERN SEA,219814000,11.4
2025-11-22 09:47:25+00:00,55.226983,11.097807,14061.953831181083,TERN SEA,219814000,11.4
2025-11-22 09:47:25+00:00,55.226983,11.097807,14061.953831181083,TERN SEA,219814000,11.4
2025-11-22 09:47:25+00:00,55.226983,11.097807,14061.953831181083,TERN SEA,219814000,11.4
2025-11-22 09:47:26+00:00,55.407475,11.00245,6675.014122617067,RESOLUTE BAY,232005179,12.3
2025-11-22 09:47:26+00:00,55.407475,11.00245,6675.014122617067,RESOLUTE BAY,232005179,12.3
2025-11-22 09:47:26+00:00,55.407475,11.00245,6675.014122617067,RESOLUTE BAY,232005179,12.3
2025-11-22 09:47:26+00:00,55.407475,11.00245,6675.014122617067,RESOLUTE BAY,232005179,12.3
2025-11-22 09:47:29+00:00,55.24766,11.083648,11632.951719751354,STAVFJORD,259888000,11.2
2025-11-22 09:47:29+00:00,55.24766,11.083648,11632.951719751354,STAVFJORD,259888000,11.2
2025-11-22 09:47:29+00:00,55.24766,11.083648,11632.951719751354,STAVFJORD,259888000,11.2
2025-11-22 09:47:29+00:00,55.24766,11.083648,11632.951719751354,STAVFJORD,259888000,11.2
2025-11-22 09:47:29+00:00,55.268492,11.075835,9263.92927997229,DUSK,629009770,10.8
2025-11-22 09:47:29+00:00,55.268492,11.075835,9263.92927997229,DUSK,629009770,10.8
2025-11-22 09:47:29+00:00,55.24766,11.083648,11632.951719751354,STAVFJORD,259888000,11.2
2025-11-22 09:47:30+00:00,55.246277,11.094968,11924.572452922699,FEDERAL SUTTON,538004383,12.2
2025-11-22 09:47:30+00:00,55.284417,11.051802,7224.13717699688,ARC ENDEAVOR,366663000,12.1
2025-11-22 09:47:30+00:00,55.284417,11.051802,7224.13717699688,ARC ENDEAVOR,366663000,12.1
2025-11-22 09:47:30+00:00,55.284417,11.051802,7224.13717699688,ARC ENDEAVOR,366663000,12.1
2025-11-22 09:47:30+00:00,55.246277,11.094968,11924.572452922699,FEDERAL SUTTON,538004383,12.2
2025-11-22 09:47:30+00:00,55.284417,11.051802,7224.13717699688,ARC ENDEAVOR,366663000,12.1
2025-11-22 09:47:30+00:00,55.246277,11.094968,11924.572452922699,FEDERAL SUTTON,538004383,12.2
2025-11-22 09:47:30+00:00,55.22673,11.097943,14091.28756155173,TERN SEA,219814000,11.5
2025-11-22 09:47:30+00:00,55.22673,11.097943,14091.28756155173,TERN SEA,219814000,11.5
2025-11-22 09:47:30+00:00,55.22673,11.097943,14091.28756155173,TERN SEA,219814000,11.5
2025-11-22 09:47:30+00:00,55.22673,11.097943,14091.28756155173,TERN SEA,219814000,11.5
2025-11-22 09:47:30+00:00,55.246277,11.094968,11924.572452922699,FEDERAL SUTTON,538004383,12.2
2025-11-22 09:47:33+00:00,55.226577,11.09802,14108.95967538223,TERN SEA,219814000,11.4
2025-11-22 09:47:33+00:00,55.226577,11.09802,14108.95967538223,TERN SEA,219814000,11.4
2025-11-22 09:47:33+00:00,55.226577,11.09802,14108.95967538223,TERN SEA,219814000,11.4
2025-11-22 09:47:33+00:00,55.226577,11.09802,14108.95967538223,TERN SEA,219814000,11.4
2025-11-22 09:47:36+00:00,55.407967,11.001932,6728.030185026404,RESOLUTE BAY,232005179,12.3
2025-11-22 09:47:36+00:00,55.407967,11.001932,6728.030185026404,RESOLUTE BAY,232005179,12.3
2025-11-22 09:47:36+00:00,55.407967,11.001932,6728.030185026404,RESOLUTE BAY,232005179,12.3
2025-11-22 09:47:36+00:00,55.226422,11.098085,14126.69543862544,TERN SEA,219814000,11.4
2025-11-22 09:47:36+00:00,55.226422,11.098085,14126.69543862544,TERN SEA,219814000,11.4
2025-11-22 09:47:36+00:00,55.226422,11.098085,14126.69543862544,TERN SEA,219814000,11.4
2025-11-22 09:47:36+00:00,55.226422,11.098085,14126.69543862544,TERN SEA,219814000,11.4
2025-11-22 09:47:39+00:00,55.247188,11.084035,11688.881180669572,STAVFJORD,259888000,11.2
2025-11-22 09:47:39+00:00,55.247188,11.084035,11688.881180669572,STAVFJORD,259888000,11.2
2025-11-22 09:47:39+00:00,55.247188,11.084035,11688.881180669572,STAVFJORD,259888000,11.2
2025-11-22 09:47:39+00:00,55.247188,11.084035,11688.881180669572,STAVFJORD,259888000,11.2
2025-11-22 09:47:40+00:00,55.268988,11.075422,9205.30370040941,DUSK,629009770,10.8
2025-11-22 09:47:40+00:00,55.268988,11.075422,9205.30370040941,DUSK,629009770,10.8
2025-11-22 09:47:41+00:00,55.246843,11.094538,11857.053771156543,FEDERAL SUTTON,538004383,12.2
2025-11-22 09:47:41+00:00,55.246843,11.094538,11857.053771156543,FEDERAL SUTTON,538004383,12.2
2025-11-22 09:47:41+00:00,55.246843,11.094538,11857.053771156543,FEDERAL SUTTON,538004383,12.2
2025-11-22 09:47:41+00:00,55.246843,11.094538,11857.053771156543,FEDERAL SUTTON,538004383,12.2
2025-11-22 09:47:41+00:00,55.246843,11.094538,11857.053771156543,FEDERAL SUTTON,538004383,12.2
2025-11-22 09:47:41+00:00,55.283908,11.052213,7285.164882425689,ARC ENDEAVOR,366663000,12.0
2025-11-22 09:47:41+00:00,55.283908,11.052213,7285.164882425689,ARC ENDEAVOR,366663000,12.0
2025-11-22 09:47:41+00:00,55.283908,11.052213,7285.164882425689,ARC ENDEAVOR,366663000,12.0
2025-11-22 09:47:41+00:00,55.283908,11.052213,7285.164882425689,ARC ENDEAVOR,366663000,12.0
2025-11-22 09:47:41+00:00,55.246843,11.094538,11857.053771156543,FEDERAL SUTTON,538004383,12.2
2025-11-22 09:47:42+00:00,55.226113,11.0982,14161.864833921127,TERN SEA,219814000,11.3
2025-11-22 09:47:42+00:00,55.226113,11.0982,14161.864833921127,TERN SEA,219814000,11.3
2025-11-22 09:47:42+00:00,55.226113,11.0982,14161.864833921127,TERN SEA,219814000,11.3
2025-11-22 09:47:42+00:00,55.226113,11.0982,14161.864833921127,TERN SEA,219814000,11.3
2025-11-22 09:47:46+00:00,55.408457,11.00141,6780.915073367755,RESOLUTE BAY,232005179,12.3
2025-11-22 09:47:46+00:00,55.408457,11.00141,6780.915073367755,RESOLUTE BAY,232005179,12.3
2025-11-22 09:47:46+00:00,55.408457,11.00141,6780.915073367755,RESOLUTE BAY,232005179,12.3
2025-11-22 09:47:48+00:00,55.225803,11.098302,14196.975881360326,TERN SEA,219814000,11.3
2025-11-22 09:47:48+00:00,55.225803,11.098302,14196.975881360326,TERN SEA,219814000,11.3
2025-11-22 09:47:48+00:00,55.225803,11.098302,14196.975881360326,TERN SEA,219814000,11.3
2025-11-22 09:47:48+00:00,55.225803,11.098302,14196.975881360326,TERN SEA,219814000,11.3
2025-11-22 09:47:49+00:00,55.225752,11.098317,14202.729295798428,TERN SEA,219814000,11.3
2025-11-22 09:47:49+00:00,55.225752,11.098317,14202.729295798428,TERN SEA,219814000,11.3
2025-11-22 09:47:49+00:00,55.225752,11.098317,14202.729295798428,TERN SEA,219814000,11.3
2025-11-22 09:47:49+00:00,55.225752,11.098317,14202.729295798428,TERN SEA,219814000,11.3
2025-11-22 09:47:49+00:00,55.225752,11.098317,14202.729295798428,TERN SEA,219814000,11.3
2025-11-22 09:47:49+00:00,55.269385,11.07507,9158.195120416209,DUSK,629009770,10.7
2025-11-22 09:47:49+00:00,55.269385,11.07507,9158.195120416209,DUSK,629009770,10.7
2025-11-22 09:47:49+00:00,55.24726,11.094235,11807.512413546983,FEDERAL SUTTON,538004383,12.2
2025-11-22 09:47:49+00:00,55.24726,11.094235,11807.512413546983,FEDERAL SUTTON,538004383,12.2
2025-11-22 09:47:49+00:00,55.24726,11.094235,11807.512413546983,FEDERAL SUTTON,538004383,12.2
2025-11-22 09:47:49+00:00,55.24726,11.094235,11807.512413546983,FEDERAL SUTTON,538004383,12.2
2025-11-22 09:47:51+00:00,55.2834,11.052623,7346.092855614706,ARC ENDEAVOR,366663000,12.0
2025-11-22 09:47:51+00:00,55.2834,11.052623,7346.092855614706,ARC ENDEAVOR,366663000,12.0
2025-11-22 09:47:51+00:00,55.2834,11.052623,7346.092855614706,ARC ENDEAVOR,366663000,12.0
2025-11-22 09:47:51+00:00,55.246668,11.084472,11750.636783288324,STAVFJORD,259888000,11.2
2025-11-22 09:47:51+00:00,55.246668,11.084472,11750.636783288324,STAVFJORD,259888000,11.2
2025-11-22 09:47:51+00:00,55.246668,11.084472,11750.636783288324,STAVFJORD,259888000,11.2
2025-11-22 09:47:51+00:00,55.246668,11.084472,11750.636783288324,STAVFJORD,259888000,11.2
2025-11-22 09:47:53+00:00,55.225547,11.098383,14225.92923548928,TERN SEA,219814000,11.3
2025-11-22 09:47:53+00:00,55.225547,11.098383,14225.92923548928,TERN SEA,219814000,11.3
2025-11-22 09:47:53+00:00,55.225547,11.098383,14225.92923548928,TERN SEA,219814000,11.3
2025-11-22 09:47:53+00:00,55.225547,11.098383,14225.92923548928,TERN SEA,219814000,11.3
2025-11-22 09:47:53+00:00,55.225547,11.098383,14225.92923548928,TERN SEA,219814000,11.3
2025-11-22 09:47:56+00:00,55.408943,11.000888,6833.128011551648,RESOLUTE BAY,232005179,12.3
2025-11-22 09:47:56+00:00,55.408943,11.000888,6833.128011551648,RESOLUTE BAY,232005179,12.3
2025-11-22 09:47:56+00:00,55.408943,11.000888,6833.128011551648,RESOLUTE BAY,232005179,12.3
2025-11-22 09:47:56+00:00,55.225392,11.098438,14243.536272717574,TERN SEA,219814000,11.3
2025-11-22 09:47:56+00:00,55.225392,11.098438,14243.536272717574,TERN SEA,219814000,11.3
2025-11-22 09:47:56+00:00,55.225392,11.098438,14243.536272717574,TERN SEA,219814000,11.3
2025-11-22 09:47:56+00:00,55.225392,11.098438,14243.536272717574,TERN SEA,219814000,11.3
2025-11-22 09:47:56+00:00,55.408943,11.000888,6833.128011551648,RESOLUTE BAY,232005179,12.3
2025-11-22 09:47:59+00:00,55.247778,11.09385,11745.85962602889,FEDERAL SUTTON,538004383,12.2
2025-11-22 09:47:59+00:00,55.247778,11.09385,11745.85962602889,FEDERAL SUTTON,538004383,12.2
2025-11-22 09:47:59+00:00,55.247778,11.09385,11745.85962602889,FEDERAL SUTTON,538004383,12.2
2025-11-22 09:47:59+00:00,55.247778,11.09385,11745.85962602889,FEDERAL SUTTON,538004383,12.2
2025-11-22 09:47:59+00:00,55.246243,11.084818,11801.008218223627,STAVFJORD,259888000,11.2
2025-11-22 09:47:59+00:00,55.247778,11.09385,11745.85962602889,FEDERAL SUTTON,538004383,12.2
2025-11-22 09:47:59+00:00,55.246243,11.084818,11801.008218223627,STAVFJORD,259888000,11.2
2025-11-22 09:47:59+00:00,55.246243,11.084818,11801.008218223627,STAVFJORD,259888000,11.2
2025-11-22 09:47:59+00:00,55.246243,11.084818,11801.008218223627,STAVFJORD,259888000,11.2
2025-11-22 09:47:59+00:00,55.246243,11.084818,11801.008218223627,STAVFJORD,259888000,11.2
2025-11-22 09:47:59+00:00,55.225288,11.098472,14255.312663768551,TERN SEA,219814000,11.3
2025-11-22 09:48:00+00:00,55.269865,11.074632,9101.153218027363,DUSK,629009770,10.7
2025-11-22 09:48:01+00:00,55.282893,11.053038,7407.005969614658,ARC ENDEAVOR,366663000,12.0
2025-11-22 09:48:01+00:00,55.282893,11.053038,7407.005969614658,ARC ENDEAVOR,366663000,12.0
2025-11-22 09:48:01+00:00,55.282893,11.053038,7407.005969614658,ARC ENDEAVOR,366663000,12.0
2025-11-22 09:48:01+00:00,55.282893,11.053038,7407.005969614658,ARC ENDEAVOR,366663000,12.0
2025-11-22 09:48:01+00:00,55.282893,11.053038,7407.005969614658,ARC ENDEAVOR,366663000,12.0
2025-11-22 09:48:02+00:00,55.225082,11.098523,14278.428689631377,TERN SEA,219814000,11.2
2025-11-22 09:48:02+00:00,55.225082,11.098523,14278.428689631377,TERN SEA,219814000,11.2
2025-11-22 09:48:02+00:00,55.225082,11.098523,14278.428689631377,TERN SEA,219814000,11.2
2025-11-22 09:48:02+00:00,55.225082,11.098523,14278.428689631377,TERN SEA,219814000,11.2
2025-11-22 09:48:06+00:00,55.409427,11.000362,6885.144032464875,RESOLUTE BAY,232005179,12.3
2025-11-22 09:48:06+00:00,55.409427,11.000362,6885.144032464875,RESOLUTE BAY,232005179,12.3
2025-11-22 09:48:06+00:00,55.409427,11.000362,6885.144032464875,RESOLUTE BAY,232005179,12.3
2025-11-22 09:48:06+00:00,55.409427,11.000362,6885.144032464875,RESOLUTE BAY,232005179,12.3
2025-11-22 09:48:09+00:00,55.270252,11.074282,9055.22313530009,DUSK,629009770,10.7
2025-11-22 09:48:09+00:00,55.270252,11.074282,9055.22313530009,DUSK,629009770,10.7
2025-11-22 09:48:11+00:00,55.282392,11.053452,7467.2769366443,ARC ENDEAVOR,366663000,11.9
2025-11-22 09:48:11+00:00,55.282392,11.053452,7467.2769366443,ARC ENDEAVOR,366663000,11.9
2025-11-22 09:48:11+00:00,55.282392,11.053452,7467.2769366443,ARC ENDEAVOR,366663000,11.9
2025-11-22 09:48:11+00:00,55.282392,11.053452,7467.2769366443,ARC ENDEAVOR,366663000,11.9
2025-11-22 09:48:11+00:00,55.245725,11.085238,11862.404460047605,STAVFJORD,259888000,11.2
2025-11-22 09:48:11+00:00,55.245725,11.085238,11862.404460047605,STAVFJORD,259888000,11.2
2025-11-22 09:48:11+00:00,55.245725,11.085238,11862.404460047605,STAVFJORD,259888000,11.2
2025-11-22 09:48:11+00:00,55.24835,11.093422,11677.752077431669,FEDERAL SUTTON,538004383,12.2
2025-11-22 09:48:11+00:00,55.24835,11.093422,11677.752077431669,FEDERAL SUTTON,538004383,12.2
2025-11-22 09:48:11+00:00,55.24835,11.093422,11677.752077431669,FEDERAL SUTTON,538004383,12.2
2025-11-22 09:48:11+00:00,55.24835,11.093422,11677.752077431669,FEDERAL SUTTON,538004383,12.2
2025-11-22 09:48:11+00:00,55.24835,11.093422,11677.752077431669,FEDERAL SUTTON,538004383,12.2
2025-11-22 09:48:11+00:00,55.24835,11.093422,11677.752077431669,FEDERAL SUTTON,538004383,12.2
2025-11-22 09:48:11+00:00,55.245725,11.085238,11862.404460047605,STAVFJORD,259888000,11.2
2025-11-22 09:48:12+00:00,55.224563,11.098622,14336.289529541911,TERN SEA,219814000,11.2
2025-11-22 09:48:12+00:00,55.224563,11.098622,14336.289529541911,TERN SEA,219814000,11.2
2025-11-22 09:48:12+00:00,55.224563,11.098622,14336.289529541911,TERN SEA,219814000,11.2
2025-11-22 09:48:12+00:00,55.224563,11.098622,14336.289529541911,TERN SEA,219814000,11.2
2025-11-22 09:48:16+00:00,55.409908,10.999835,6937.012330317986,RESOLUTE BAY,232005179,12.3
2025-11-22 09:48:16+00:00,55.409908,10.999835,6937.012330317986,RESOLUTE BAY,232005179,12.3
2025-11-22 09:48:16+00:00,55.409908,10.999835,6937.012330317986,RESOLUTE BAY,232005179,12.3
2025-11-22 09:48:20+00:00,55.270728,11.073858,8998.827658089729,DUSK,629009770,10.7
2025-11-22 09:48:20+00:00,55.245295,11.085577,11913.281224718168,STAVFJORD,259888000,11.2
2025-11-22 09:48:20+00:00,55.245295,11.085577,11913.281224718168,STAVFJORD,259888000,11.2
2025-11-22 09:48:20+00:00,55.245295,11.085577,11913.281224718168,STAVFJORD,259888000,11.2
2025-11-22 09:48:20+00:00,55.245295,11.085577,11913.281224718168,STAVFJORD,259888000,11.2
2025-11-22 09:48:21+00:00,55.248867,11.093028,11616.105591238364,FEDERAL SUTTON,538004383,12.2
2025-11-22 09:48:21+00:00,55.248867,11.093028,11616.105591238364,FEDERAL SUTTON,538004383,12.2
2025-11-22 09:48:21+00:00,55.248867,11.093028,11616.105591238364,FEDERAL SUTTON,538004383,12.2
2025-11-22 09:48:21+00:00,55.248867,11.093028,11616.105591238364,FEDERAL SUTTON,538004383,12.2
2025-11-22 09:48:21+00:00,55.248867,11.093028,11616.105591238364,FEDERAL SUTTON,538004383,12.2
2025-11-22 09:48:21+00:00,55.281892,11.053863,7527.253409263958,ARC ENDEAVOR,366663000,11.9
2025-11-22 09:48:21+00:00,55.281892,11.053863,7527.253409263958,ARC ENDEAVOR,366663000,11.9
2025-11-22 09:48:21+00:00,55.281892,11.053863,7527.253409263958,ARC ENDEAVOR,366663000,11.9
2025-11-22 09:48:21+00:00,55.281892,11.053863,7527.253409263958,ARC ENDEAVOR,366663000,11.9
2025-11-22 09:48:21+00:00,55.281892,11.053863,7527.253409263958,ARC ENDEAVOR,366663000,11.9
2025-11-22 09:48:22+00:00,55.224045,11.098688,14393.6206684771,TERN SEA,219814000,11.2
2025-11-22 09:48:22+00:00,55.224045,11.098688,14393.6206684771,TERN SEA,219814000,11.2
2025-11-22 09:48:22+00:00,55.224045,11.098688,14393.6206684771,TERN SEA,219814000,11.2
2025-11-22 09:48:22+00:00,55.224045,11.098688,14393.6206684771,TERN SEA,219814000,11.2
2025-11-22 09:48:26+00:00,55.41039,10.9993,6989.156312221557,RESOLUTE BAY,232005179,12.3
2025-11-22 09:48:26+00:00,55.41039,10.9993,6989.156312221557,RESOLUTE BAY,232005179,12.3
2025-11-22 09:48:26+00:00,55.41039,10.9993,6989.156312221557,RESOLUTE BAY,232005179,12.3
2025-11-22 09:48:26+00:00,55.41039,10.9993,6989.156312221557,RESOLUTE BAY,232005179,12.3
2025-11-22 09:48:29+00:00,55.244822,11.085948,11969.240768750127,STAVFJORD,259888000,11.2
2025-11-22 09:48:29+00:00,55.27112,11.073507,8952.397143596223,DUSK,629009770,10.7
2025-11-22 09:48:29+00:00,55.27112,11.073507,8952.397143596223,DUSK,629009770,10.7
2025-11-22 09:48:29+00:00,55.27112,11.073507,8952.397143596223,DUSK,629009770,10.7
2025-11-22 09:48:29+00:00,55.244822,11.085948,11969.240768750127,STAVFJORD,259888000,11.2
2025-11-22 09:48:29+00:00,55.244822,11.085948,11969.240768750127,STAVFJORD,259888000,11.2
2025-11-22 09:48:29+00:00,55.244822,11.085948,11969.240768750127,STAVFJORD,259888000,11.2
2025-11-22 09:48:30+00:00,55.281392,11.054272,7587.033956056234,ARC ENDEAVOR,366663000,11.8
2025-11-22 09:48:30+00:00,55.281392,11.054272,7587.033956056234,ARC ENDEAVOR,366663000,11.8
2025-11-22 09:48:30+00:00,55.281392,11.054272,7587.033956056234,ARC ENDEAVOR,366663000,11.8
2025-11-22 09:48:30+00:00,55.281392,11.054272,7587.033956056234,ARC ENDEAVOR,366663000,11.8
2025-11-22 09:48:31+00:00,55.249433,11.092592,11548.565952665127,FEDERAL SUTTON,538004383,12.2
2025-11-22 09:48:31+00:00,55.249433,11.092592,11548.565952665127,FEDERAL SUTTON,538004383,12.2
2025-11-22 09:48:31+00:00,55.249433,11.092592,11548.565952665127,FEDERAL SUTTON,538004383,12.2
2025-11-22 09:48:31+00:00,55.249433,11.092592,11548.565952665127,FEDERAL SUTTON,538004383,12.2
2025-11-22 09:48:31+00:00,55.249433,11.092592,11548.565952665127,FEDERAL SUTTON,538004383,12.2
2025-11-22 09:48:32+00:00,55.223527,11.098733,14450.687510542375,TERN SEA,219814000,11.2
2025-11-22 09:48:32+00:00,55.223527,11.098733,14450.687510542375,TERN SEA,219814000,11.2
2025-11-22 09:48:32+00:00,55.223527,11.098733,14450.687510542375,TERN SEA,219814000,11.2
2025-11-22 09:48:32+00:00,55.223527,11.098733,14450.687510542375,TERN SEA,219814000,11.2
2025-11-22 09:48:36+00:00,55.41087,10.998765,7041.263003327752,RESOLUTE BAY,232005179,12.3
2025-11-22 09:48:36+00:00,55.41087,10.998765,7041.263003327752,RESOLUTE BAY,232005179,12.3
2025-11-22 09:48:36+00:00,55.41087,10.998765,7041.263003327752,RESOLUTE BAY,232005179,12.3
2025-11-22 09:48:36+00:00,55.41087,10.998765,7041.263003327752,RESOLUTE BAY,232005179,12.3
2025-11-22 09:48:39+00:00,55.244358,11.086327,12024.319780620153,STAVFJORD,259888000,11.2
2025-11-22 09:48:39+00:00,55.244358,11.086327,12024.319780620153,STAVFJORD,259888000,11.2
2025-11-22 09:48:39+00:00,55.244358,11.086327,12024.319780620153,STAVFJORD,259888000,11.2
2025-11-22 09:48:39+00:00,55.244358,11.086327,12024.319780620153,STAVFJORD,259888000,11.2
2025-11-22 09:48:40+00:00,55.271627,11.073045,8892.249086843558,DUSK,629009770,10.7
2025-11-22 09:48:40+00:00,55.249948,11.09219,11487.052764770107,FEDERAL SUTTON,538004383,12.2
2025-11-22 09:48:40+00:00,55.249948,11.09219,11487.052764770107,FEDERAL SUTTON,538004383,12.2
2025-11-22 09:48:40+00:00,55.249948,11.09219,11487.052764770107,FEDERAL SUTTON,538004383,12.2
2025-11-22 09:48:40+00:00,55.249948,11.09219,11487.052764770107,FEDERAL SUTTON,538004383,12.2
2025-11-22 09:48:40+00:00,55.249948,11.09219,11487.052764770107,FEDERAL SUTTON,538004383,12.2
2025-11-22 09:48:40+00:00,55.249948,11.09219,11487.052764770107,FEDERAL SUTTON,538004383,12.2
2025-11-22 09:48:41+00:00,55.280893,11.05468,7646.718657562809,ARC ENDEAVOR,366663000,11.8
2025-11-22 09:48:41+00:00,55.280893,11.05468,7646.718657562809,ARC ENDEAVOR,366663000,11.8
2025-11-22 09:48:41+00:00,55.280893,11.05468,7646.718657562809,ARC ENDEAVOR,366663000,11.8
2025-11-22 09:48:41+00:00,55.280893,11.05468,7646.718657562809,ARC ENDEAVOR,366663000,11.8
2025-11-22 09:48:41+00:00,55.280893,11.05468,7646.718657562809,ARC ENDEAVOR,366663000,11.8
2025-11-22 09:48:42+00:00,55.223007,11.098763,14507.786892514467,TERN SEA,219814000,11.2
2025-11-22 09:48:42+00:00,55.223007,11.098763,14507.786892514467,TERN SEA,219814000,11.2
2025-11-22 09:48:42+00:00,55.223007,11.098763,14507.786892514467,TERN SEA,219814000,11.2
2025-11-22 09:48:42+00:00,55.223007,11.098763,14507.786892514467,TERN SEA,219814000,11.2
2025-11-22 09:48:46+00:00,55.411352,10.998227,7093.706072690942,RESOLUTE BAY,232005179,12.3
2025-11-22 09:48:49+00:00,55.250362,11.09187,11437.656581408277,FEDERAL SUTTON,538004383,12.2
2025-11-22 09:48:49+00:00,55.250362,11.09187,11437.656581408277,FEDERAL SUTTON,538004383,12.2
2025-11-22 09:48:49+00:00,55.250362,11.09187,11437.656581408277,FEDERAL SUTTON,538004383,12.2
2025-11-22 09:48:49+00:00,55.250362,11.09187,11437.656581408277,FEDERAL SUTTON,538004383,12.2
2025-11-22 09:48:49+00:00,55.272032,11.072682,8843.560628751979,DUSK,629009770,10.7
2025-11-22 09:48:49+00:00,55.272032,11.072682,8843.560628751979,DUSK,629009770,10.7
2025-11-22 09:48:51+00:00,55.2804,11.055085,7705.735794538352,ARC ENDEAVOR,366663000,11.7
2025-11-22 09:48:51+00:00,55.243838,11.08675,12086.047827140928,STAVFJORD,259888000,11.2
2025-11-22 09:48:51+00:00,55.243838,11.08675,12086.047827140928,STAVFJORD,259888000,11.2
2025-11-22 09:48:51+00:00,55.243838,11.08675,12086.047827140928,STAVFJORD,259888000,11.2
2025-11-22 09:48:51+00:00,55.2804,11.055085,7705.735794538352,ARC ENDEAVOR,366663000,11.7
2025-11-22 09:48:53+00:00,55.222435,11.09879,14570.527630673769,TERN SEA,219814000,11.2
2025-11-22 09:48:53+00:00,55.222435,11.09879,14570.527630673769,TERN SEA,219814000,11.2
2025-11-22 09:48:53+00:00,55.222435,11.09879,14570.527630673769,TERN SEA,219814000,11.2
2025-11-22 09:48:53+00:00,55.222435,11.09879,14570.527630673769,TERN SEA,219814000,11.2
2025-11-22 09:48:56+00:00,55.411833,10.997682,7146.17335626237,RESOLUTE BAY,232005179,12.3
2025-11-22 09:48:56+00:00,55.411833,10.997682,7146.17335626237,RESOLUTE BAY,232005179,12.3
2025-11-22 09:48:56+00:00,55.411833,10.997682,7146.17335626237,RESOLUTE BAY,232005179,12.3
2025-11-22 09:48:56+00:00,55.411833,10.997682,7146.17335626237,RESOLUTE BAY,232005179,12.3
2025-11-22 09:48:59+00:00,55.250877,11.091463,11376.099939594493,FEDERAL SUTTON,538004383,12.2
2025-11-22 09:48:59+00:00,55.250877,11.091463,11376.099939594493,FEDERAL SUTTON,538004383,12.2
2025-11-22 09:48:59+00:00,55.250877,11.091463,11376.099939594493,FEDERAL SUTTON,538004383,12.2
2025-11-22 09:48:59+00:00,55.250877,11.091463,11376.099939594493,FEDERAL SUTTON,538004383,12.2
2025-11-22 09:48:59+00:00,55.243417,11.087098,12136.102432136286,STAVFJORD,259888000,11.2
2025-11-22 09:48:59+00:00,55.243417,11.087098,12136.102432136286,STAVFJORD,259888000,11.2
2025-11-22 09:48:59+00:00,55.243417,11.087098,12136.102432136286,STAVFJORD,259888000,11.2
2025-11-22 09:48:59+00:00,55.250877,11.091463,11376.099939594493,FEDERAL SUTTON,538004383,12.2
2025-11-22 09:49:00+00:00,55.272517,11.072243,8785.231933426105,DUSK,629009770,10.7
2025-11-22 09:49:01+00:00,55.27986,11.055522,7770.303814966892,ARC ENDEAVOR,366663000,11.6
2025-11-22 09:49:01+00:00,55.27986,11.055522,7770.303814966892,ARC ENDEAVOR,366663000,11.6
2025-11-22 09:49:01+00:00,55.27986,11.055522,7770.303814966892,ARC ENDEAVOR,366663000,11.6
2025-11-22 09:49:01+00:00,55.27986,11.055522,7770.303814966892,ARC ENDEAVOR,366663000,11.6
2025-11-22 09:49:02+00:00,55.221967,11.098812,14621.866001666467,TERN SEA,219814000,11.2
2025-11-22 09:49:02+00:00,55.221967,11.098812,14621.866001666467,TERN SEA,219814000,11.2
2025-11-22 09:49:02+00:00,55.221967,11.098812,14621.866001666467,TERN SEA,219814000,11.2
2025-11-22 09:49:02+00:00,55.221967,11.098812,14621.866001666467,TERN SEA,219814000,11.2
2025-11-22 09:49:05+00:00,55.243417,11.087098,12136.102432136286,STAVFJORD,259888000,11.2
2025-11-22 09:49:05+00:00,55.243417,11.087098,12136.102432136286,STAVFJORD,259888000,11.2
2025-11-22 09:49:05+00:00,55.243417,11.087098,12136.102432136286,STAVFJORD,259888000,11.2
2025-11-22 09:49:06+00:00,55.412313,10.997135,7198.7011917964455,RESOLUTE BAY,232005179,12.3
2025-11-22 09:49:06+00:00,55.412313,10.997135,7198.7011917964455,RESOLUTE BAY,232005179,12.3
2025-11-22 09:49:06+00:00,55.412313,10.997135,7198.7011917964455,RESOLUTE BAY,232005179,12.3
2025-11-22 09:49:06+00:00,55.412313,10.997135,7198.7011917964455,RESOLUTE BAY,232005179,12.3
2025-11-22 09:49:10+00:00,55.272963,11.071852,8731.754541154067,DUSK,629009770,10.7
2025-11-22 09:49:10+00:00,55.272963,11.071852,8731.754541154067,DUSK,629009770,10.7
2025-11-22 09:49:10+00:00,55.272963,11.071852,8731.754541154067,DUSK,629009770,10.7
2025-11-22 09:49:10+00:00,55.251497,11.090985,11302.174912878283,FEDERAL SUTTON,538004383,12.2
2025-11-22 09:49:10+00:00,55.251497,11.090985,11302.174912878283,FEDERAL SUTTON,538004383,12.2
2025-11-22 09:49:11+00:00,55.279423,11.055878,7822.592712292788,ARC ENDEAVOR,366663000,11.6
2025-11-22 09:49:11+00:00,55.242898,11.087527,12197.82902745694,STAVFJORD,259888000,11.2
2025-11-22 09:49:11+00:00,55.279423,11.055878,7822.592712292788,ARC ENDEAVOR,366663000,11.6
2025-11-22 09:49:11+00:00,55.242898,11.087527,12197.82902745694,STAVFJORD,259888000,11.2
2025-11-22 09:49:11+00:00,55.279423,11.055878,7822.592712292788,ARC ENDEAVOR,366663000,11.6
2025-11-22 09:49:11+00:00,55.242898,11.087527,12197.82902745694,STAVFJORD,259888000,11.2
2025-11-22 09:49:11+00:00,55.251497,11.090985,11302.174912878283,FEDERAL SUTTON,538004383,12.2
2025-11-22 09:49:11+00:00,55.251497,11.090985,11302.174912878283,FEDERAL SUTTON,538004383,12.2
2025-11-22 09:49:11+00:00,55.242898,11.087527,12197.82902745694,STAVFJORD,259888000,11.2
2025-11-22 09:49:11+00:00,55.251497,11.090985,11302.174912878283,FEDERAL SUTTON,538004383,12.2
2025-11-22 09:49:12+00:00,55.221448,11.098825,14678.661797370185,TERN SEA,219814000,11.2
2025-11-22 09:49:12+00:00,55.221448,11.098825,14678.661797370185,TERN SEA,219814000,11.2
2025-11-22 09:49:12+00:00,55.221448,11.098825,14678.661797370185,TERN SEA,219814000,11.2
2025-11-22 09:49:12+00:00,55.221448,11.098825,14678.661797370185,TERN SEA,219814000,11.2
2025-11-22 09:49:16+00:00,55.412792,10.996583,7251.29105221304,RESOLUTE BAY,232005179,12.3
2025-11-22 09:49:16+00:00,55.412792,10.996583,7251.29105221304,RESOLUTE BAY,232005179,12.3
2025-11-22 09:49:16+00:00,55.412792,10.996583,7251.29105221304,RESOLUTE BAY,232005179,12.3
2025-11-22 09:49:16+00:00,55.412792,10.996583,7251.29105221304,RESOLUTE BAY,232005179,12.3
2025-11-22 09:49:20+00:00,55.273417,11.071472,8677.296637059264,DUSK,629009770,10.7
2025-11-22 09:49:20+00:00,55.273417,11.071472,8677.296637059264,DUSK,629009770,10.7
2025-11-22 09:49:20+00:00,55.242475,11.087875,12248.135518989931,STAVFJORD,259888000,11.2
2025-11-22 09:49:20+00:00,55.242475,11.087875,12248.135518989931,STAVFJORD,259888000,11.2
2025-11-22 09:49:20+00:00,55.242475,11.087875,12248.135518989931,STAVFJORD,259888000,11.2
2025-11-22 09:49:21+00:00,55.252017,11.090597,11240.362555298134,FEDERAL SUTTON,538004383,12.2
2025-11-22 09:49:21+00:00,55.252017,11.090597,11240.362555298134,FEDERAL SUTTON,538004383,12.2
2025-11-22 09:49:21+00:00,55.252017,11.090597,11240.362555298134,FEDERAL SUTTON,538004383,12.2
2025-11-22 09:49:21+00:00,55.252017,11.090597,11240.362555298134,FEDERAL SUTTON,538004383,12.2
2025-11-22 09:49:21+00:00,55.252017,11.090597,11240.362555298134,FEDERAL SUTTON,538004383,12.2
2025-11-22 09:49:21+00:00,55.278937,11.056268,7880.686719168737,ARC ENDEAVOR,366663000,11.5
2025-11-22 09:49:21+00:00,55.278937,11.056268,7880.686719168737,ARC ENDEAVOR,366663000,11.5
2025-11-22 09:49:21+00:00,55.278937,11.056268,7880.686719168737,ARC ENDEAVOR,366663000,11.5
2025-11-22 09:49:21+00:00,55.278937,11.056268,7880.686719168737,ARC ENDEAVOR,366663000,11.5
2025-11-22 09:49:21+00:00,55.278937,11.056268,7880.686719168737,ARC ENDEAVOR,366663000,11.5
2025-11-22 09:49:22+00:00,55.220928,11.09882,14735.348535534677,TERN SEA,219814000,11.2
2025-11-22 09:49:22+00:00,55.220928,11.09882,14735.348535534677,TERN SEA,219814000,11.2
2025-11-22 09:49:22+00:00,55.220928,11.09882,14735.348535534677,TERN SEA,219814000,11.2
2025-11-22 09:49:22+00:00,55.220928,11.09882,14735.348535534677,TERN SEA,219814000,11.2
2025-11-22 09:49:26+00:00,55.413272,10.99603,7304.16972659763,RESOLUTE BAY,232005179,12.3
2025-11-22 09:49:26+00:00,55.413272,10.99603,7304.16972659763,RESOLUTE BAY,232005179,12.3
2025-11-22 09:49:26+00:00,55.413272,10.99603,7304.16972659763,RESOLUTE BAY,232005179,12.3
2025-11-22 09:49:29+00:00,55.242,11.088262,12304.59967752547,STAVFJORD,259888000,11.2
2025-11-22 09:49:29+00:00,55.242,11.088262,12304.59967752547,STAVFJORD,259888000,11.2
2025-11-22 09:49:29+00:00,55.242,11.088262,12304.59967752547,STAVFJORD,259888000,11.2
2025-11-22 09:49:29+00:00,55.242,11.088262,12304.59967752547,STAVFJORD,259888000,11.2
2025-11-22 09:49:29+00:00,55.273822,11.071122,8628.589240802577,DUSK,629009770,10.7
2025-11-22 09:49:29+00:00,55.273822,11.071122,8628.589240802577,DUSK,629009770,10.7
2025-11-22 09:49:29+00:00,55.273822,11.071122,8628.589240802577,DUSK,629009770,10.7
2025-11-22 09:49:30+00:00,55.278453,11.056662,7938.63790839224,ARC ENDEAVOR,366663000,11.5
2025-11-22 09:49:30+00:00,55.278453,11.056662,7938.63790839224,ARC ENDEAVOR,366663000,11.5
2025-11-22 09:49:30+00:00,55.278453,11.056662,7938.63790839224,ARC ENDEAVOR,366663000,11.5
2025-11-22 09:49:30+00:00,55.278453,11.056662,7938.63790839224,ARC ENDEAVOR,366663000,11.5
2025-11-22 09:49:31+00:00,55.252533,11.090203,11178.91744473538,FEDERAL SUTTON,538004383,12.2
2025-11-22 09:49:31+00:00,55.252533,11.090203,11178.91744473538,FEDERAL SUTTON,538004383,12.2
2025-11-22 09:49:31+00:00,55.252533,11.090203,11178.91744473538,FEDERAL SUTTON,538004383,12.2
2025-11-22 09:49:31+00:00,55.252533,11.090203,11178.91744473538,FEDERAL SUTTON,538004383,12.2
2025-11-22 09:49:31+00:00,55.252533,11.090203,11178.91744473538,FEDERAL SUTTON,538004383,12.2
2025-11-22 09:49:32+00:00,55.220405,11.098803,14792.222126368515,TERN SEA,219814000,11.2
2025-11-22 09:49:32+00:00,55.220405,11.098803,14792.222126368515,TERN SEA,219814000,11.2
2025-11-22 09:49:32+00:00,55.220405,11.098803,14792.222126368515,TERN SEA,219814000,11.2
2025-11-22 09:49:32+00:00,55.220405,11.098803,14792.222126368515,TERN SEA,219814000,11.2
2025-11-22 09:49:36+00:00,55.41375,10.995485,7357.005182094385,RESOLUTE BAY,232005179,12.3
2025-11-22 09:49:36+00:00,55.41375,10.995485,7357.005182094385,RESOLUTE BAY,232005179,12.3
2025-11-22 09:49:36+00:00,55.41375,10.995485,7357.005182094385,RESOLUTE BAY,232005179,12.3
2025-11-22 09:49:36+00:00,55.41375,10.995485,7357.005182094385,RESOLUTE BAY,232005179,12.3
2025-11-22 09:49:38+00:00,55.278453,11.056662,7938.63790839224,ARC ENDEAVOR,366663000,11.5
2025-11-22 09:49:38+00:00,55.278453,11.056662,7938.63790839224,ARC ENDEAVOR,366663000,11.5
2025-11-22 09:49:38+00:00,55.278453,11.056662,7938.63790839224,ARC ENDEAVOR,366663000,11.5
2025-11-22 09:49:38+00:00,55.278453,11.056662,7938.63790839224,ARC ENDEAVOR,366663000,11.5
2025-11-22 09:49:38+00:00,55.278453,11.056662,7938.63790839224,ARC ENDEAVOR,366663000,11.5
2025-11-22 09:49:39+00:00,55.241528,11.08865,12360.76440347442,STAVFJORD,259888000,11.2
2025-11-22 09:49:39+00:00,55.241528,11.08865,12360.76440347442,STAVFJORD,259888000,11.2
2025-11-22 09:49:39+00:00,55.241528,11.08865,12360.76440347442,STAVFJORD,259888000,11.2
2025-11-22 09:49:40+00:00,55.253,11.089847,11123.326845731764,FEDERAL SUTTON,538004383,12.2
2025-11-22 09:49:40+00:00,55.253,11.089847,11123.326845731764,FEDERAL SUTTON,538004383,12.2
2025-11-22 09:49:40+00:00,55.253,11.089847,11123.326845731764,FEDERAL SUTTON,538004383,12.2
2025-11-22 09:49:40+00:00,55.253,11.089847,11123.326845731764,FEDERAL SUTTON,538004383,12.2
2025-11-22 09:49:40+00:00,55.253,11.089847,11123.326845731764,FEDERAL SUTTON,538004383,12.2
2025-11-22 09:49:40+00:00,55.274313,11.070705,8569.658201911723,DUSK,629009770,10.7
2025-11-22 09:49:40+00:00,55.274313,11.070705,8569.658201911723,DUSK,629009770,10.7
2025-11-22 09:49:40+00:00,55.253,11.089847,11123.326845731764,FEDERAL SUTTON,538004383,12.2
2025-11-22 09:49:41+00:00,55.277972,11.057057,7996.29784190008,ARC ENDEAVOR,366663000,11.4
2025-11-22 09:49:41+00:00,55.277972,11.057057,7996.29784190008,ARC ENDEAVOR,366663000,11.4
2025-11-22 09:49:41+00:00,55.277972,11.057057,7996.29784190008,ARC ENDEAVOR,366663000,11.4
2025-11-22 09:49:41+00:00,55.277972,11.057057,7996.29784190008,ARC ENDEAVOR,366663000,11.4
2025-11-22 09:49:43+00:00,55.219833,11.098782,14854.406340135587,TERN SEA,219814000,11.2
2025-11-22 09:49:43+00:00,55.219833,11.098782,14854.406340135587,TERN SEA,219814000,11.2
2025-11-22 09:49:43+00:00,55.219833,11.098782,14854.406340135587,TERN SEA,219814000,11.2
2025-11-22 09:49:43+00:00,55.219833,11.098782,14854.406340135587,TERN SEA,219814000,11.2
2025-11-22 09:49:43+00:00,55.219833,11.098782,14854.406340135587,TERN SEA,219814000,11.2
2025-11-22 09:49:43+00:00,55.219833,11.098782,14854.406340135587,TERN SEA,219814000,11.2
2025-11-22 09:49:43+00:00,55.219833,11.098782,14854.406340135587,TERN SEA,219814000,11.2
2025-11-22 09:49:46+00:00,55.414228,10.99494,7410.007154966473,RESOLUTE BAY,232005179,12.3
2025-11-22 09:49:46+00:00,55.414228,10.99494,7410.007154966473,RESOLUTE BAY,232005179,12.3
2025-11-22 09:49:46+00:00,55.414228,10.99494,7410.007154966473,RESOLUTE BAY,232005179,12.3
2025-11-22 09:49:49+00:00,55.27471,11.070375,8522.12019716386,DUSK,629009770,10.7
2025-11-22 09:49:49+00:00,55.27471,11.070375,8522.12019716386,DUSK,629009770,10.7
2025-11-22 09:49:51+00:00,55.277493,11.057457,8053.830061805876,ARC ENDEAVOR,366663000,11.4
2025-11-22 09:49:51+00:00,55.277493,11.057457,8053.830061805876,ARC ENDEAVOR,366663000,11.4
2025-11-22 09:49:51+00:00,55.241005,11.089072,12422.925239799302,STAVFJORD,259888000,11.2
2025-11-22 09:49:51+00:00,55.241005,11.089072,12422.925239799302,STAVFJORD,259888000,11.2
2025-11-22 09:49:51+00:00,55.241005,11.089072,12422.925239799302,STAVFJORD,259888000,11.2
2025-11-22 09:49:51+00:00,55.277493,11.057457,8053.830061805876,ARC ENDEAVOR,366663000,11.4
2025-11-22 09:49:51+00:00,55.253513,11.089452,11062.221293372106,FEDERAL SUTTON,538004383,12.3
2025-11-22 09:49:51+00:00,55.253513,11.089452,11062.221293372106,FEDERAL SUTTON,538004383,12.3
2025-11-22 09:49:51+00:00,55.253513,11.089452,11062.221293372106,FEDERAL SUTTON,538004383,12.3
2025-11-22 09:49:51+00:00,55.253513,11.089452,11062.221293372106,FEDERAL SUTTON,538004383,12.3
2025-11-22 09:49:51+00:00,55.241005,11.089072,12422.925239799302,STAVFJORD,259888000,11.2
2025-11-22 09:49:53+00:00,55.219313,11.098758,14910.88769481086,TERN SEA,219814000,11.2
2025-11-22 09:49:53+00:00,55.219313,11.098758,14910.88769481086,TERN SEA,219814000,11.2
2025-11-22 09:49:53+00:00,55.219313,11.098758,14910.88769481086,TERN SEA,219814000,11.2
2025-11-22 09:49:53+00:00,55.219313,11.098758,14910.88769481086,TERN SEA,219814000,11.2
2025-11-22 09:49:56+00:00,55.414707,10.994392,7463.251146139299,RESOLUTE BAY,232005179,12.3
2025-11-22 09:49:56+00:00,55.414707,10.994392,7463.251146139299,RESOLUTE BAY,232005179,12.3
2025-11-22 09:49:56+00:00,55.414707,10.994392,7463.251146139299,RESOLUTE BAY,232005179,12.3
2025-11-22 09:49:56+00:00,55.414707,10.994392,7463.251146139299,RESOLUTE BAY,232005179,12.3
2025-11-22 09:49:59+00:00,55.240573,11.089428,12474.372659185015,STAVFJORD,259888000,11.2
2025-11-22 09:49:59+00:00,55.240573,11.089428,12474.372659185015,STAVFJORD,259888000,11.2
2025-11-22 09:49:59+00:00,55.253978,11.089098,11006.899092465148,FEDERAL SUTTON,538004383,12.3
2025-11-22 09:49:59+00:00,55.253978,11.089098,11006.899092465148,FEDERAL SUTTON,538004383,12.3
2025-11-22 09:49:59+00:00,55.253978,11.089098,11006.899092465148,FEDERAL SUTTON,538004383,12.3
2025-11-22 09:49:59+00:00,55.253978,11.089098,11006.899092465148,FEDERAL SUTTON,538004383,12.3
2025-11-22 09:50:00+00:00,55.275185,11.069953,8464.91607091611,DUSK,629009770,10.6
2025-11-22 09:50:01+00:00,55.276968,11.05789,8116.838217250239,ARC ENDEAVOR,366663000,11.3
2025-11-22 09:50:01+00:00,55.276968,11.05789,8116.838217250239,ARC ENDEAVOR,366663000,11.3
2025-11-22 09:50:01+00:00,55.276968,11.05789,8116.838217250239,ARC ENDEAVOR,366663000,11.3
2025-11-22 09:50:01+00:00,55.276968,11.05789,8116.838217250239,ARC ENDEAVOR,366663000,11.3
2025-11-22 09:50:01+00:00,55.276968,11.05789,8116.838217250239,ARC ENDEAVOR,366663000,11.3
2025-11-22 09:50:02+00:00,55.218845,11.098735,14961.712975903361,TERN SEA,219814000,11.2
2025-11-22 09:50:02+00:00,55.218845,11.098735,14961.712975903361,TERN SEA,219814000,11.2
2025-11-22 09:50:02+00:00,55.218845,11.098735,14961.712975903361,TERN SEA,219814000,11.2
2025-11-22 09:50:02+00:00,55.218845,11.098735,14961.712975903361,TERN SEA,219814000,11.2
2025-11-22 09:50:06+00:00,55.415182,10.993837,7516.159934509312,RESOLUTE BAY,232005179,12.3
2025-11-22 09:50:06+00:00,55.415182,10.993837,7516.159934509312,RESOLUTE BAY,232005179,12.3
2025-11-22 09:50:08+00:00,55.415182,10.993837,7516.159934509312,RESOLUTE BAY,232005179,12.3
2025-11-22 09:50:08+00:00,55.415182,10.993837,7516.159934509312,RESOLUTE BAY,232005179,12.3
2025-11-22 09:50:10+00:00,55.276588,11.058203,8162.453982702167,ARC ENDEAVOR,366663000,11.3
2025-11-22 09:50:10+00:00,55.276588,11.058203,8162.453982702167,ARC ENDEAVOR,366663000,11.3
2025-11-22 09:50:10+00:00,55.276588,11.058203,8162.453982702167,ARC ENDEAVOR,366663000,11.3
2025-11-22 09:50:10+00:00,55.276588,11.058203,8162.453982702167,ARC ENDEAVOR,366663000,11.3
2025-11-22 09:50:10+00:00,55.276588,11.058203,8162.453982702167,ARC ENDEAVOR,366663000,11.3
2025-11-22 09:50:10+00:00,55.27562,11.069513,8411.877537540153,DUSK,629009770,10.6
2025-11-22 09:50:10+00:00,55.27562,11.069513,8411.877537540153,DUSK,629009770,10.6
2025-11-22 09:50:11+00:00,55.240043,11.089873,12537.608208939282,STAVFJORD,259888000,11.2
2025-11-22 09:50:11+00:00,55.240043,11.089873,12537.608208939282,STAVFJORD,259888000,11.2
2025-11-22 09:50:11+00:00,55.240043,11.089873,12537.608208939282,STAVFJORD,259888000,11.2
2025-11-22 09:50:11+00:00,55.2546,11.088635,10933.054463433547,FEDERAL SUTTON,538004383,12.3
2025-11-22 09:50:11+00:00,55.2546,11.088635,10933.054463433547,FEDERAL SUTTON,538004383,12.3
2025-11-22 09:50:11+00:00,55.2546,11.088635,10933.054463433547,FEDERAL SUTTON,538004383,12.3
2025-11-22 09:50:11+00:00,55.2546,11.088635,10933.054463433547,FEDERAL SUTTON,538004383,12.3
2025-11-22 09:50:12+00:00,55.218325,11.098705,15018.141338189522,TERN SEA,219814000,11.2
2025-11-22 09:50:12+00:00,55.218325,11.098705,15018.141338189522,TERN SEA,219814000,11.2
2025-11-22 09:50:12+00:00,55.218325,11.098705,15018.141338189522,TERN SEA,219814000,11.2
2025-11-22 09:50:12+00:00,55.218325,11.098705,15018.141338189522,TERN SEA,219814000,11.2
2025-11-22 09:50:16+00:00,55.415662,10.993283,7569.788005140796,RESOLUTE BAY,232005179,12.3
2025-11-22 09:50:16+00:00,55.415662,10.993283,7569.788005140796,RESOLUTE BAY,232005179,12.3
2025-11-22 09:50:16+00:00,55.415662,10.993283,7569.788005140796,RESOLUTE BAY,232005179,12.3
2025-11-22 09:50:20+00:00,55.276078,11.06908,8356.450565841076,DUSK,629009770,10.6
2025-11-22 09:50:20+00:00,55.239613,11.090222,12588.78551347439,STAVFJORD,259888000,11.2
2025-11-22 09:50:20+00:00,55.239613,11.090222,12588.78551347439,STAVFJORD,259888000,11.2
2025-11-22 09:50:20+00:00,55.239613,11.090222,12588.78551347439,STAVFJORD,259888000,11.2
2025-11-22 09:50:20+00:00,55.276078,11.06908,8356.450565841076,DUSK,629009770,10.6
2025-11-22 09:50:20+00:00,55.239613,11.090222,12588.78551347439,STAVFJORD,259888000,11.2
2025-11-22 09:50:20+00:00,55.276113,11.058595,8219.50203118546,ARC ENDEAVOR,366663000,11.3
2025-11-22 09:50:20+00:00,55.276113,11.058595,8219.50203118546,ARC ENDEAVOR,366663000,11.3
2025-11-22 09:50:20+00:00,55.276113,11.058595,8219.50203118546,ARC ENDEAVOR,366663000,11.3
2025-11-22 09:50:20+00:00,55.276113,11.058595,8219.50203118546,ARC ENDEAVOR,366663000,11.3
2025-11-22 09:50:20+00:00,55.276078,11.06908,8356.450565841076,DUSK,629009770,10.6
2025-11-22 09:50:20+00:00,55.276113,11.058595,8219.50203118546,ARC ENDEAVOR,366663000,11.3
2025-11-22 09:50:21+00:00,55.255118,11.088247,10871.53993777863,FEDERAL SUTTON,538004383,12.3
2025-11-22 09:50:21+00:00,55.255118,11.088247,10871.53993777863,FEDERAL SUTTON,538004383,12.3
2025-11-22 09:50:21+00:00,55.255118,11.088247,10871.53993777863,FEDERAL SUTTON,538004383,12.3
2025-11-22 09:50:21+00:00,55.255118,11.088247,10871.53993777863,FEDERAL SUTTON,538004383,12.3
2025-11-22 09:50:22+00:00,55.217803,11.098675,15074.799522036383,TERN SEA,219814000,11.3
2025-11-22 09:50:22+00:00,55.217803,11.098675,15074.799522036383,TERN SEA,219814000,11.3
2025-11-22 09:50:22+00:00,55.217803,11.098675,15074.799522036383,TERN SEA,219814000,11.3
2025-11-22 09:50:22+00:00,55.217803,11.098675,15074.799522036383,TERN SEA,219814000,11.3
2025-11-22 09:50:26+00:00,55.41614,10.992732,7623.346610258923,RESOLUTE BAY,232005179,12.3
2025-11-22 09:50:26+00:00,55.41614,10.992732,7623.346610258923,RESOLUTE BAY,232005179,12.3
2025-11-22 09:50:26+00:00,55.41614,10.992732,7623.346610258923,RESOLUTE BAY,232005179,12.3
2025-11-22 09:50:26+00:00,55.41614,10.992732,7623.346610258923,RESOLUTE BAY,232005179,12.3
2025-11-22 09:50:29+00:00,55.239133,11.090622,12646.054067548646,STAVFJORD,259888000,11.2
2025-11-22 09:50:29+00:00,55.239133,11.090622,12646.054067548646,STAVFJORD,259888000,11.2
2025-11-22 09:50:29+00:00,55.239133,11.090622,12646.054067548646,STAVFJORD,259888000,11.2
2025-11-22 09:50:29+00:00,55.276482,11.06874,8308.10706941453,DUSK,629009770,10.6
2025-11-22 09:50:29+00:00,55.276482,11.06874,8308.10706941453,DUSK,629009770,10.6
2025-11-22 09:50:31+00:00,55.275585,11.059023,8282.829778636416,ARC ENDEAVOR,366663000,11.3
2025-11-22 09:50:31+00:00,55.275585,11.059023,8282.829778636416,ARC ENDEAVOR,366663000,11.3
2025-11-22 09:50:31+00:00,55.275585,11.059023,8282.829778636416,ARC ENDEAVOR,366663000,11.3
2025-11-22 09:50:31+00:00,55.275585,11.059023,8282.829778636416,ARC ENDEAVOR,366663000,11.3
2025-11-22 09:50:31+00:00,55.275585,11.059023,8282.829778636416,ARC ENDEAVOR,366663000,11.3
2025-11-22 09:50:31+00:00,55.25564,11.08786,10809.616395308904,FEDERAL SUTTON,538004383,12.3
2025-11-22 09:50:31+00:00,55.25564,11.08786,10809.616395308904,FEDERAL SUTTON,538004383,12.3
2025-11-22 09:50:31+00:00,55.25564,11.08786,10809.616395308904,FEDERAL SUTTON,538004383,12.3
2025-11-22 09:50:31+00:00,55.25564,11.08786,10809.616395308904,FEDERAL SUTTON,538004383,12.3
2025-11-22 09:50:32+00:00,55.21728,11.098647,15131.602584822065,TERN SEA,219814000,11.3
2025-11-22 09:50:32+00:00,55.21728,11.098647,15131.602584822065,TERN SEA,219814000,11.3
2025-11-22 09:50:32+00:00,55.21728,11.098647,15131.602584822065,TERN SEA,219814000,11.3
2025-11-22 09:50:32+00:00,55.21728,11.098647,15131.602584822065,TERN SEA,219814000,11.3
2025-11-22 09:50:36+00:00,55.416618,10.992185,7677.049590356855,RESOLUTE BAY,232005179,12.3
2025-11-22 09:50:36+00:00,55.416618,10.992185,7677.049590356855,RESOLUTE BAY,232005179,12.3
2025-11-22 09:50:36+00:00,55.416618,10.992185,7677.049590356855,RESOLUTE BAY,232005179,12.3
2025-11-22 09:50:36+00:00,55.416618,10.992185,7677.049590356855,RESOLUTE BAY,232005179,12.3
2025-11-22 09:50:39+00:00,55.238658,11.090983,12702.323107906439,STAVFJORD,259888000,11.2
2025-11-22 09:50:39+00:00,55.238658,11.090983,12702.323107906439,STAVFJORD,259888000,11.2
2025-11-22 09:50:39+00:00,55.238658,11.090983,12702.323107906439,STAVFJORD,259888000,11.2
2025-11-22 09:50:39+00:00,55.276927,11.068392,8255.205708547439,DUSK,629009770,10.6
2025-11-22 09:50:39+00:00,55.276927,11.068392,8255.205708547439,DUSK,629009770,10.6
2025-11-22 09:50:39+00:00,55.238658,11.090983,12702.323107906439,STAVFJORD,259888000,11.2
2025-11-22 09:50:40+00:00,55.25616,11.087468,10747.860002493568,FEDERAL SUTTON,538004383,12.3
2025-11-22 09:50:40+00:00,55.25616,11.087468,10747.860002493568,FEDERAL SUTTON,538004383,12.3
2025-11-22 09:50:40+00:00,55.25616,11.087468,10747.860002493568,FEDERAL SUTTON,538004383,12.3
2025-11-22 09:50:40+00:00,55.25616,11.087468,10747.860002493568,FEDERAL SUTTON,538004383,12.3
2025-11-22 09:50:41+00:00,55.275112,11.059418,8339.743425700532,ARC ENDEAVOR,366663000,11.2
2025-11-22 09:50:41+00:00,55.275112,11.059418,8339.743425700532,ARC ENDEAVOR,366663000,11.2
2025-11-22 09:50:41+00:00,55.275112,11.059418,8339.743425700532,ARC ENDEAVOR,366663000,11.2
2025-11-22 09:50:41+00:00,55.275112,11.059418,8339.743425700532,ARC ENDEAVOR,366663000,11.2
2025-11-22 09:50:41+00:00,55.275112,11.059418,8339.743425700532,ARC ENDEAVOR,366663000,11.2
2025-11-22 09:50:43+00:00,55.2167,11.09861,15194.53717133138,TERN SEA,219814000,11.3
2025-11-22 09:50:43+00:00,55.2167,11.09861,15194.53717133138,TERN SEA,219814000,11.3
2025-11-22 09:50:43+00:00,55.2167,11.09861,15194.53717133138,TERN SEA,219814000,11.3
2025-11-22 09:50:43+00:00,55.2167,11.09861,15194.53717133138,TERN SEA,219814000,11.3
2025-11-22 09:50:46+00:00,55.417095,10.991637,7730.791334259237,RESOLUTE BAY,232005179,12.3
2025-11-22 09:50:46+00:00,55.417095,10.991637,7730.791334259237,RESOLUTE BAY,232005179,12.3
2025-11-22 09:50:46+00:00,55.417095,10.991637,7730.791334259237,RESOLUTE BAY,232005179,12.3
2025-11-22 09:50:49+00:00,55.277378,11.068053,8201.776809408328,DUSK,629009770,10.6
2025-11-22 09:50:49+00:00,55.277378,11.068053,8201.776809408328,DUSK,629009770,10.6
2025-11-22 09:50:51+00:00,55.274642,11.059815,8396.379553097771,ARC ENDEAVOR,366663000,11.2
2025-11-22 09:50:51+00:00,55.274642,11.059815,8396.379553097771,ARC ENDEAVOR,366663000,11.2
2025-11-22 09:50:51+00:00,55.274642,11.059815,8396.379553097771,ARC ENDEAVOR,366663000,11.2
2025-11-22 09:50:51+00:00,55.274642,11.059815,8396.379553097771,ARC ENDEAVOR,366663000,11.2
2025-11-22 09:50:51+00:00,55.238135,11.091375,12764.226091887493,STAVFJORD,259888000,11.2
2025-11-22 09:50:51+00:00,55.238135,11.091375,12764.226091887493,STAVFJORD,259888000,11.2
2025-11-22 09:50:51+00:00,55.238135,11.091375,12764.226091887493,STAVFJORD,259888000,11.2
2025-11-22 09:50:51+00:00,55.238135,11.091375,12764.226091887493,STAVFJORD,259888000,11.2
2025-11-22 09:50:51+00:00,55.256682,11.087078,10685.926104533257,FEDERAL SUTTON,538004383,12.3
2025-11-22 09:50:51+00:00,55.256682,11.087078,10685.926104533257,FEDERAL SUTTON,538004383,12.3
2025-11-22 09:50:51+00:00,55.256682,11.087078,10685.926104533257,FEDERAL SUTTON,538004383,12.3
2025-11-22 09:50:51+00:00,55.238135,11.091375,12764.226091887493,STAVFJORD,259888000,11.2
2025-11-22 09:50:53+00:00,55.216177,11.098578,15251.315271203268,TERN SEA,219814000,11.3
2025-11-22 09:50:53+00:00,55.216177,11.098578,15251.315271203268,TERN SEA,219814000,11.3
2025-11-22 09:50:53+00:00,55.216177,11.098578,15251.315271203268,TERN SEA,219814000,11.3
2025-11-22 09:50:53+00:00,55.216177,11.098578,15251.315271203268,TERN SEA,219814000,11.3
2025-11-22 09:50:56+00:00,55.417573,10.991092,7784.785833934793,RESOLUTE BAY,232005179,12.3
2025-11-22 09:50:56+00:00,55.417573,10.991092,7784.785833934793,RESOLUTE BAY,232005179,12.3
2025-11-22 09:50:56+00:00,55.417573,10.991092,7784.785833934793,RESOLUTE BAY,232005179,12.3
2025-11-22 09:50:59+00:00,55.257097,11.086762,10636.62191435209,FEDERAL SUTTON,538004383,12.3
2025-11-22 09:50:59+00:00,55.257097,11.086762,10636.62191435209,FEDERAL SUTTON,538004383,12.3
2025-11-22 09:50:59+00:00,55.257097,11.086762,10636.62191435209,FEDERAL SUTTON,538004383,12.3
2025-11-22 09:50:59+00:00,55.237705,11.091693,12815.07968110488,STAVFJORD,259888000,11.2
2025-11-22 09:50:59+00:00,55.237705,11.091693,12815.07968110488,STAVFJORD,259888000,11.2
2025-11-22 09:50:59+00:00,55.237705,11.091693,12815.07968110488,STAVFJORD,259888000,11.2
2025-11-22 09:51:00+00:00,55.277838,11.06763,8146.348407666774,DUSK,629009770,10.6
2025-11-22 09:51:00+00:00,55.277838,11.06763,8146.348407666774,DUSK,629009770,10.6
2025-11-22 09:51:01+00:00,55.274127,11.060252,8458.350627234151,ARC ENDEAVOR,366663000,11.2
2025-11-22 09:51:01+00:00,55.274127,11.060252,8458.350627234151,ARC ENDEAVOR,366663000,11.2
2025-11-22 09:51:01+00:00,55.274127,11.060252,8458.350627234151,ARC ENDEAVOR,366663000,11.2
2025-11-22 09:51:01+00:00,55.274127,11.060252,8458.350627234151,ARC ENDEAVOR,366663000,11.2
2025-11-22 09:51:01+00:00,55.274127,11.060252,8458.350627234151,ARC ENDEAVOR,366663000,11.2
2025-11-22 09:51:02+00:00,55.215703,11.098548,15302.771437035202,TERN SEA,219814000,11.3
2025-11-22 09:51:02+00:00,55.215703,11.098548,15302.771437035202,TERN SEA,219814000,11.3
2025-11-22 09:51:02+00:00,55.215703,11.098548,15302.771437035202,TERN SEA,219814000,11.3
2025-11-22 09:51:02+00:00,55.215703,11.098548,15302.771437035202,TERN SEA,219814000,11.3
2025-11-22 09:51:06+00:00,55.418055,10.990547,7839.367035427551,RESOLUTE BAY,232005179,12.3
2025-11-22 09:51:06+00:00,55.418055,10.990547,7839.367035427551,RESOLUTE BAY,232005179,12.3
2025-11-22 09:51:06+00:00,55.418055,10.990547,7839.367035427551,RESOLUTE BAY,232005179,12.3
2025-11-22 09:51:10+00:00,55.257667,11.086323,10568.8562126308,FEDERAL SUTTON,538004383,12.3
2025-11-22 09:51:10+00:00,55.278235,11.067235,8098.154429868776,DUSK,629009770,10.6
2025-11-22 09:51:10+00:00,55.278235,11.067235,8098.154429868776,DUSK,629009770,10.6
2025-11-22 09:51:10+00:00,55.278235,11.067235,8098.154429868776,DUSK,629009770,10.6
2025-11-22 09:51:10+00:00,55.273752,11.06057,8503.173283872522,ARC ENDEAVOR,366663000,11.2
2025-11-22 09:51:10+00:00,55.273752,11.06057,8503.173283872522,ARC ENDEAVOR,366663000,11.2
2025-11-22 09:51:10+00:00,55.273752,11.06057,8503.173283872522,ARC ENDEAVOR,366663000,11.2
2025-11-22 09:51:10+00:00,55.273752,11.06057,8503.173283872522,ARC ENDEAVOR,366663000,11.2
2025-11-22 09:51:10+00:00,55.273752,11.06057,8503.173283872522,ARC ENDEAVOR,366663000,11.2
2025-11-22 09:51:11+00:00,55.21518,11.098508,15359.475016867453,TERN SEA,219814000,11.3
2025-11-22 09:51:11+00:00,55.21518,11.098508,15359.475016867453,TERN SEA,219814000,11.3
2025-11-22 09:51:11+00:00,55.21518,11.098508,15359.475016867453,TERN SEA,219814000,11.3
2025-11-22 09:51:11+00:00,55.237177,11.092077,12877.456094023077,STAVFJORD,259888000,11.2
2025-11-22 09:51:11+00:00,55.21518,11.098508,15359.475016867453,TERN SEA,219814000,11.3
2025-11-22 09:51:11+00:00,55.237177,11.092077,12877.456094023077,STAVFJORD,259888000,11.2
2025-11-22 09:51:11+00:00,55.237177,11.092077,12877.456094023077,STAVFJORD,259888000,11.2
2025-11-22 09:51:11+00:00,55.257667,11.086323,10568.8562126308,FEDERAL SUTTON,538004383,12.3
2025-11-22 09:51:11+00:00,55.257667,11.086323,10568.8562126308,FEDERAL SUTTON,538004383,12.3
2025-11-22 09:51:11+00:00,55.237177,11.092077,12877.456094023077,STAVFJORD,259888000,11.2
2025-11-22 09:51:16+00:00,55.418535,10.990008,7893.835805644166,RESOLUTE BAY,232005179,12.3
2025-11-22 09:51:16+00:00,55.418535,10.990008,7893.835805644166,RESOLUTE BAY,232005179,12.3
2025-11-22 09:51:16+00:00,55.418535,10.990008,7893.835805644166,RESOLUTE BAY,232005179,12.3
2025-11-22 09:51:16+00:00,55.418535,10.990008,7893.835805644166,RESOLUTE BAY,232005179,12.3
2025-11-22 09:51:20+00:00,55.273283,11.060965,8559.216915569024,ARC ENDEAVOR,366663000,11.2
2025-11-22 09:51:20+00:00,55.273283,11.060965,8559.216915569024,ARC ENDEAVOR,366663000,11.2
2025-11-22 09:51:20+00:00,55.273283,11.060965,8559.216915569024,ARC ENDEAVOR,366663000,11.2
2025-11-22 09:51:20+00:00,55.273283,11.060965,8559.216915569024,ARC ENDEAVOR,366663000,11.2
2025-11-22 09:51:20+00:00,55.27865,11.066843,8047.938086676111,DUSK,629009770,10.6
2025-11-22 09:51:20+00:00,55.27865,11.066843,8047.938086676111,DUSK,629009770,10.6
2025-11-22 09:51:20+00:00,55.236745,11.092398,12928.584393535666,STAVFJORD,259888000,11.2
2025-11-22 09:51:20+00:00,55.236745,11.092398,12928.584393535666,STAVFJORD,259888000,11.2
2025-11-22 09:51:20+00:00,55.236745,11.092398,12928.584393535666,STAVFJORD,259888000,11.2
2025-11-22 09:51:20+00:00,55.236745,11.092398,12928.584393535666,STAVFJORD,259888000,11.2
2025-11-22 09:51:20+00:00,55.236745,11.092398,12928.584393535666,STAVFJORD,259888000,11.2
2025-11-22 09:51:21+00:00,55.258242,11.085898,10500.742025938578,FEDERAL SUTTON,538004383,12.3
2025-11-22 09:51:21+00:00,55.258242,11.085898,10500.742025938578,FEDERAL SUTTON,538004383,12.3
2025-11-22 09:51:21+00:00,55.258242,11.085898,10500.742025938578,FEDERAL SUTTON,538004383,12.3
2025-11-22 09:51:21+00:00,55.258242,11.085898,10500.742025938578,FEDERAL SUTTON,538004383,12.3
2025-11-22 09:51:22+00:00,55.214655,11.098465,15416.373356573744,TERN SEA,219814000,11.3
2025-11-22 09:51:22+00:00,55.214655,11.098465,15416.373356573744,TERN SEA,219814000,11.3
2025-11-22 09:51:22+00:00,55.214655,11.098465,15416.373356573744,TERN SEA,219814000,11.3
2025-11-22 09:51:22+00:00,55.214655,11.098465,15416.373356573744,TERN SEA,219814000,11.3
2025-11-22 09:51:25+00:00,55.418967,10.989527,7942.909211274238,RESOLUTE BAY,232005179,12.3
2025-11-22 09:51:25+00:00,55.418967,10.989527,7942.909211274238,RESOLUTE BAY,232005179,12.3
2025-11-22 09:51:25+00:00,55.418967,10.989527,7942.909211274238,RESOLUTE BAY,232005179,12.3
2025-11-22 09:51:25+00:00,55.418967,10.989527,7942.909211274238,RESOLUTE BAY,232005179,12.3
2025-11-22 09:51:29+00:00,55.279027,11.066488,8002.032818377311,DUSK,629009770,10.6
2025-11-22 09:51:29+00:00,55.279027,11.066488,8002.032818377311,DUSK,629009770,10.6
2025-11-22 09:51:29+00:00,55.279027,11.066488,8002.032818377311,DUSK,629009770,10.6
2025-11-22 09:51:30+00:00,55.236265,11.092763,12985.5069785307,STAVFJORD,259888000,11.2
2025-11-22 09:51:30+00:00,55.236265,11.092763,12985.5069785307,STAVFJORD,259888000,11.2
2025-11-22 09:51:30+00:00,55.236265,11.092763,12985.5069785307,STAVFJORD,259888000,11.2
2025-11-22 09:51:30+00:00,55.236265,11.092763,12985.5069785307,STAVFJORD,259888000,11.2
2025-11-22 09:51:31+00:00,55.272768,11.0614,8620.796766283494,ARC ENDEAVOR,366663000,11.2
2025-11-22 09:51:31+00:00,55.272768,11.0614,8620.796766283494,ARC ENDEAVOR,366663000,11.2
2025-11-22 09:51:31+00:00,55.272768,11.0614,8620.796766283494,ARC ENDEAVOR,366663000,11.2
2025-11-22 09:51:31+00:00,55.272768,11.0614,8620.796766283494,ARC ENDEAVOR,366663000,11.2
2025-11-22 09:51:31+00:00,55.272768,11.0614,8620.796766283494,ARC ENDEAVOR,366663000,11.2
2025-11-22 09:51:31+00:00,55.258712,11.085547,10445.03415002743,FEDERAL SUTTON,538004383,12.3
2025-11-22 09:51:31+00:00,55.258712,11.085547,10445.03415002743,FEDERAL SUTTON,538004383,12.3
2025-11-22 09:51:31+00:00,55.258712,11.085547,10445.03415002743,FEDERAL SUTTON,538004383,12.3
2025-11-22 09:51:31+00:00,55.258712,11.085547,10445.03415002743,FEDERAL SUTTON,538004383,12.3
2025-11-22 09:51:31+00:00,55.258712,11.085547,10445.03415002743,FEDERAL SUTTON,538004383,12.3
2025-11-22 09:51:32+00:00,55.214077,11.098422,15479.081006501718,TERN SEA,219814000,11.3
2025-11-22 09:51:32+00:00,55.214077,11.098422,15479.081006501718,TERN SEA,219814000,11.3
2025-11-22 09:51:32+00:00,55.214077,11.098422,15479.081006501718,TERN SEA,219814000,11.3
2025-11-22 09:51:36+00:00,55.419497,10.98893,8003.274003510406,RESOLUTE BAY,232005179,12.3
2025-11-22 09:51:36+00:00,55.419497,10.98893,8003.274003510406,RESOLUTE BAY,232005179,12.3
2025-11-22 09:51:36+00:00,55.419497,10.98893,8003.274003510406,RESOLUTE BAY,232005179,12.3
2025-11-22 09:51:36+00:00,55.419497,10.98893,8003.274003510406,RESOLUTE BAY,232005179,12.3
2025-11-22 09:51:39+00:00,55.235833,11.09309,13036.728824522632,STAVFJORD,259888000,11.2
2025-11-22 09:51:39+00:00,55.235833,11.09309,13036.728824522632,STAVFJORD,259888000,11.2
2025-11-22 09:51:39+00:00,55.235833,11.09309,13036.728824522632,STAVFJORD,259888000,11.2
2025-11-22 09:51:39+00:00,55.235833,11.09309,13036.728824522632,STAVFJORD,259888000,11.2
2025-11-22 09:51:39+00:00,55.235833,11.09309,13036.728824522632,STAVFJORD,259888000,11.2
2025-11-22 09:51:39+00:00,55.27945,11.066085,7950.486072674348,DUSK,629009770,10.6
2025-11-22 09:51:39+00:00,55.27945,11.066085,7950.486072674348,DUSK,629009770,10.6
2025-11-22 09:51:40+00:00,55.259232,11.085152,10383.331646307228,FEDERAL SUTTON,538004383,12.3
2025-11-22 09:51:40+00:00,55.259232,11.085152,10383.331646307228,FEDERAL SUTTON,538004383,12.3
2025-11-22 09:51:40+00:00,55.259232,11.085152,10383.331646307228,FEDERAL SUTTON,538004383,12.3
2025-11-22 09:51:40+00:00,55.259232,11.085152,10383.331646307228,FEDERAL SUTTON,538004383,12.3
2025-11-22 09:51:41+00:00,55.2723,11.061793,8676.726702925886,ARC ENDEAVOR,366663000,11.1
2025-11-22 09:51:41+00:00,55.2723,11.061793,8676.726702925886,ARC ENDEAVOR,366663000,11.1
2025-11-22 09:51:41+00:00,55.2723,11.061793,8676.726702925886,ARC ENDEAVOR,366663000,11.1
2025-11-22 09:51:41+00:00,55.2723,11.061793,8676.726702925886,ARC ENDEAVOR,366663000,11.1
2025-11-22 09:51:41+00:00,55.2723,11.061793,8676.726702925886,ARC ENDEAVOR,366663000,11.1
2025-11-22 09:51:43+00:00,55.213552,11.098382,15536.039550752383,TERN SEA,219814000,11.3
2025-11-22 09:51:43+00:00,55.213552,11.098382,15536.039550752383,TERN SEA,219814000,11.3
2025-11-22 09:51:43+00:00,55.213552,11.098382,15536.039550752383,TERN SEA,219814000,11.3
2025-11-22 09:51:45+00:00,55.27945,11.066085,7950.486072674348,DUSK,629009770,10.6
2025-11-22 09:51:45+00:00,55.27945,11.066085,7950.486072674348,DUSK,629009770,10.6
2025-11-22 09:51:46+00:00,55.420022,10.988328,8063.2539052567645,RESOLUTE BAY,232005179,12.3
2025-11-22 09:51:46+00:00,55.420022,10.988328,8063.2539052567645,RESOLUTE BAY,232005179,12.3
2025-11-22 09:51:46+00:00,55.420022,10.988328,8063.2539052567645,RESOLUTE BAY,232005179,12.3
2025-11-22 09:51:49+00:00,55.279893,11.065717,7897.27238532244,DUSK,629009770,10.6
2025-11-22 09:51:49+00:00,55.279893,11.065717,7897.27238532244,DUSK,629009770,10.6
2025-11-22 09:51:51+00:00,55.271837,11.06219,8732.153403098819,ARC ENDEAVOR,366663000,11.1
2025-11-22 09:51:51+00:00,55.271837,11.06219,8732.153403098819,ARC ENDEAVOR,366663000,11.1
2025-11-22 09:51:51+00:00,55.271837,11.06219,8732.153403098819,ARC ENDEAVOR,366663000,11.1
2025-11-22 09:51:51+00:00,55.271837,11.06219,8732.153403098819,ARC ENDEAVOR,366663000,11.1
2025-11-22 09:51:51+00:00,55.271837,11.06219,8732.153403098819,ARC ENDEAVOR,366663000,11.1
2025-11-22 09:51:51+00:00,55.235263,11.093528,13104.40903759896,STAVFJORD,259888000,11.2
2025-11-22 09:51:51+00:00,55.259803,11.084713,10315.531888928008,FEDERAL SUTTON,538004383,12.3
2025-11-22 09:51:51+00:00,55.235263,11.093528,13104.40903759896,STAVFJORD,259888000,11.2
2025-11-22 09:51:51+00:00,55.259803,11.084713,10315.531888928008,FEDERAL SUTTON,538004383,12.3
2025-11-22 09:51:51+00:00,55.259803,11.084713,10315.531888928008,FEDERAL SUTTON,538004383,12.3
2025-11-22 09:51:51+00:00,55.235263,11.093528,13104.40903759896,STAVFJORD,259888000,11.2
2025-11-22 09:51:51+00:00,55.235263,11.093528,13104.40903759896,STAVFJORD,259888000,11.2
2025-11-22 09:51:51+00:00,55.259803,11.084713,10315.531888928008,FEDERAL SUTTON,538004383,12.3
2025-11-22 09:51:53+00:00,55.213025,11.098343,15593.240081315897,TERN SEA,219814000,11.3
2025-11-22 09:51:53+00:00,55.213025,11.098343,15593.240081315897,TERN SEA,219814000,11.3
2025-11-22 09:51:53+00:00,55.213025,11.098343,15593.240081315897,TERN SEA,219814000,11.3
2025-11-22 09:51:53+00:00,55.213025,11.098343,15593.240081315897,TERN SEA,219814000,11.3
2025-11-22 09:51:56+00:00,55.420455,10.98784,8112.813515835092,RESOLUTE BAY,232005179,12.3
2025-11-22 09:51:56+00:00,55.420455,10.98784,8112.813515835092,RESOLUTE BAY,232005179,12.3
2025-11-22 09:51:56+00:00,55.420455,10.98784,8112.813515835092,RESOLUTE BAY,232005179,12.3
2025-11-22 09:51:56+00:00,55.420455,10.98784,8112.813515835092,RESOLUTE BAY,232005179,12.3
2025-11-22 09:51:59+00:00,55.260273,11.084358,10259.819229693225,FEDERAL SUTTON,538004383,12.3
2025-11-22 09:51:59+00:00,55.260273,11.084358,10259.819229693225,FEDERAL SUTTON,538004383,12.3
2025-11-22 09:51:59+00:00,55.260273,11.084358,10259.819229693225,FEDERAL SUTTON,538004383,12.3
2025-11-22 09:51:59+00:00,55.234837,11.09385,13154.93514938973,STAVFJORD,259888000,11.2
2025-11-22 09:51:59+00:00,55.234837,11.09385,13154.93514938973,STAVFJORD,259888000,11.2
2025-11-22 09:51:59+00:00,55.234837,11.09385,13154.93514938973,STAVFJORD,259888000,11.2
2025-11-22 09:51:59+00:00,55.234837,11.09385,13154.93514938973,STAVFJORD,259888000,11.2
2025-11-22 09:52:01+00:00,55.271322,11.062617,8793.64841137465,ARC ENDEAVOR,366663000,11.1
2025-11-22 09:52:01+00:00,55.271322,11.062617,8793.64841137465,ARC ENDEAVOR,366663000,11.1
2025-11-22 09:52:01+00:00,55.271322,11.062617,8793.64841137465,ARC ENDEAVOR,366663000,11.1
2025-11-22 09:52:01+00:00,55.271322,11.062617,8793.64841137465,ARC ENDEAVOR,366663000,11.1
2025-11-22 09:52:01+00:00,55.271322,11.062617,8793.64841137465,ARC ENDEAVOR,366663000,11.1
2025-11-22 09:52:02+00:00,55.212552,11.098312,15644.63584073758,TERN SEA,219814000,11.3
2025-11-22 09:52:02+00:00,55.212552,11.098312,15644.63584073758,TERN SEA,219814000,11.3
2025-11-22 09:52:02+00:00,55.212552,11.098312,15644.63584073758,TERN SEA,219814000,11.3
2025-11-22 09:52:02+00:00,55.212552,11.098312,15644.63584073758,TERN SEA,219814000,11.3
2025-11-22 09:52:06+00:00,55.420937,10.987293,8168.10684690341,RESOLUTE BAY,232005179,12.3
2025-11-22 09:52:06+00:00,55.420937,10.987293,8168.10684690341,RESOLUTE BAY,232005179,12.3
2025-11-22 09:52:06+00:00,55.420937,10.987293,8168.10684690341,RESOLUTE BAY,232005179,12.3
2025-11-22 09:52:06+00:00,55.420937,10.987293,8168.10684690341,RESOLUTE BAY,232005179,12.3
2025-11-22 09:52:10+00:00,55.280813,11.064922,7786.405833452116,DUSK,629009770,10.6
2025-11-22 09:52:10+00:00,55.280813,11.064922,7786.405833452116,DUSK,629009770,10.6
2025-11-22 09:52:10+00:00,55.260848,11.083927,10191.719696431934,FEDERAL SUTTON,538004383,12.3
2025-11-22 09:52:10+00:00,55.280813,11.064922,7786.405833452116,DUSK,629009770,10.6
2025-11-22 09:52:10+00:00,55.270948,11.06293,8838.359665379112,ARC ENDEAVOR,366663000,11.1
2025-11-22 09:52:10+00:00,55.270948,11.06293,8838.359665379112,ARC ENDEAVOR,366663000,11.1
2025-11-22 09:52:10+00:00,55.270948,11.06293,8838.359665379112,ARC ENDEAVOR,366663000,11.1
2025-11-22 09:52:10+00:00,55.270948,11.06293,8838.359665379112,ARC ENDEAVOR,366663000,11.1
2025-11-22 09:52:10+00:00,55.270948,11.06293,8838.359665379112,ARC ENDEAVOR,366663000,11.1
2025-11-22 09:52:11+00:00,55.234315,11.094228,13216.650937683686,STAVFJORD,259888000,11.2
2025-11-22 09:52:11+00:00,55.260848,11.083927,10191.719696431934,FEDERAL SUTTON,538004383,12.3
2025-11-22 09:52:11+00:00,55.260848,11.083927,10191.719696431934,FEDERAL SUTTON,538004383,12.3
2025-11-22 09:52:11+00:00,55.234315,11.094228,13216.650937683686,STAVFJORD,259888000,11.2
2025-11-22 09:52:11+00:00,55.234315,11.094228,13216.650937683686,STAVFJORD,259888000,11.2
2025-11-22 09:52:11+00:00,55.234315,11.094228,13216.650937683686,STAVFJORD,259888000,11.2
2025-11-22 09:52:11+00:00,55.234315,11.094228,13216.650937683686,STAVFJORD,259888000,11.2
2025-11-22 09:52:11+00:00,55.212077,11.098278,15696.224173118037,TERN SEA,219814000,11.3
2025-11-22 09:52:11+00:00,55.212077,11.098278,15696.224173118037,TERN SEA,219814000,11.3
2025-11-22 09:52:11+00:00,55.212077,11.098278,15696.224173118037,TERN SEA,219814000,11.3
2025-11-22 09:52:11+00:00,55.212077,11.098278,15696.224173118037,TERN SEA,219814000,11.3
2025-11-22 09:52:16+00:00,55.42142,10.986753,8223.611568917446,RESOLUTE BAY,232005179,12.3
2025-11-22 09:52:16+00:00,55.42142,10.986753,8223.611568917446,RESOLUTE BAY,232005179,12.3
2025-11-22 09:52:20+00:00,55.281253,11.064542,7733.4199207704805,DUSK,629009770,10.6
2025-11-22 09:52:20+00:00,55.233882,11.094535,13267.769947545405,STAVFJORD,259888000,11.2
2025-11-22 09:52:20+00:00,55.281253,11.064542,7733.4199207704805,DUSK,629009770,10.6
2025-11-22 09:52:20+00:00,55.233882,11.094535,13267.769947545405,STAVFJORD,259888000,11.2
2025-11-22 09:52:20+00:00,55.233882,11.094535,13267.769947545405,STAVFJORD,259888000,11.2
2025-11-22 09:52:20+00:00,55.270485,11.063327,8893.850027009215,ARC ENDEAVOR,366663000,11.1
2025-11-22 09:52:20+00:00,55.233882,11.094535,13267.769947545405,STAVFJORD,259888000,11.2
2025-11-22 09:52:20+00:00,55.270485,11.063327,8893.850027009215,ARC ENDEAVOR,366663000,11.1
2025-11-22 09:52:20+00:00,55.270485,11.063327,8893.850027009215,ARC ENDEAVOR,366663000,11.1
2025-11-22 09:52:20+00:00,55.270485,11.063327,8893.850027009215,ARC ENDEAVOR,366663000,11.1
2025-11-22 09:52:20+00:00,55.233882,11.094535,13267.769947545405,STAVFJORD,259888000,11.2
2025-11-22 09:52:21+00:00,55.261373,11.083535,10129.578530330722,FEDERAL SUTTON,538004383,12.3
2025-11-22 09:52:21+00:00,55.261373,11.083535,10129.578530330722,FEDERAL SUTTON,538004383,12.3
2025-11-22 09:52:21+00:00,55.261373,11.083535,10129.578530330722,FEDERAL SUTTON,538004383,12.3
2025-11-22 09:52:21+00:00,55.261373,11.083535,10129.578530330722,FEDERAL SUTTON,538004383,12.3
2025-11-22 09:52:21+00:00,55.261373,11.083535,10129.578530330722,FEDERAL SUTTON,538004383,12.3
2025-11-22 09:52:22+00:00,55.211495,11.09824,15759.48790949648,TERN SEA,219814000,11.4
2025-11-22 09:52:22+00:00,55.211495,11.09824,15759.48790949648,TERN SEA,219814000,11.4
2025-11-22 09:52:22+00:00,55.211495,11.09824,15759.48790949648,TERN SEA,219814000,11.4
2025-11-22 09:52:22+00:00,55.211495,11.09824,15759.48790949648,TERN SEA,219814000,11.4
2025-11-22 09:52:25+00:00,55.421853,10.986272,8273.449792241969,RESOLUTE BAY,232005179,12.3
2025-11-22 09:52:25+00:00,55.421853,10.986272,8273.449792241969,RESOLUTE BAY,232005179,12.3
2025-11-22 09:52:25+00:00,55.421853,10.986272,8273.449792241969,RESOLUTE BAY,232005179,12.3
2025-11-22 09:52:29+00:00,55.281643,11.064182,7686.165919094474,DUSK,629009770,10.5
2025-11-22 09:52:29+00:00,55.281643,11.064182,7686.165919094474,DUSK,629009770,10.5
2025-11-22 09:52:30+00:00,55.23339,11.094885,13325.877560278774,STAVFJORD,259888000,11.1
2025-11-22 09:52:30+00:00,55.23339,11.094885,13325.877560278774,STAVFJORD,259888000,11.1
2025-11-22 09:52:30+00:00,55.23339,11.094885,13325.877560278774,STAVFJORD,259888000,11.1
2025-11-22 09:52:30+00:00,55.23339,11.094885,13325.877560278774,STAVFJORD,259888000,11.1
2025-11-22 09:52:30+00:00,55.23339,11.094885,13325.877560278774,STAVFJORD,259888000,11.1
2025-11-22 09:52:31+00:00,55.269977,11.063767,8954.806986477273,ARC ENDEAVOR,366663000,11.1
2025-11-22 09:52:31+00:00,55.269977,11.063767,8954.806986477273,ARC ENDEAVOR,366663000,11.1
2025-11-22 09:52:31+00:00,55.269977,11.063767,8954.806986477273,ARC ENDEAVOR,366663000,11.1
2025-11-22 09:52:31+00:00,55.261897,11.083137,10067.491718283376,FEDERAL SUTTON,538004383,12.3
2025-11-22 09:52:31+00:00,55.269977,11.063767,8954.806986477273,ARC ENDEAVOR,366663000,11.1
2025-11-22 09:52:31+00:00,55.261897,11.083137,10067.491718283376,FEDERAL SUTTON,538004383,12.3
2025-11-22 09:52:31+00:00,55.261897,11.083137,10067.491718283376,FEDERAL SUTTON,538004383,12.3
2025-11-22 09:52:31+00:00,55.261897,11.083137,10067.491718283376,FEDERAL SUTTON,538004383,12.3
2025-11-22 09:52:31+00:00,55.261897,11.083137,10067.491718283376,FEDERAL SUTTON,538004383,12.3
2025-11-22 09:52:32+00:00,55.210968,11.098208,15816.811882503756,TERN SEA,219814000,11.4
2025-11-22 09:52:32+00:00,55.210968,11.098208,15816.811882503756,TERN SEA,219814000,11.4
2025-11-22 09:52:32+00:00,55.210968,11.098208,15816.811882503756,TERN SEA,219814000,11.4
2025-11-22 09:52:36+00:00,55.422383,10.985675,8334.548927199618,RESOLUTE BAY,232005179,12.3
2025-11-22 09:52:36+00:00,55.422383,10.985675,8334.548927199618,RESOLUTE BAY,232005179,12.3
2025-11-22 09:52:36+00:00,55.422383,10.985675,8334.548927199618,RESOLUTE BAY,232005179,12.3
2025-11-22 09:52:36+00:00,55.422383,10.985675,8334.548927199618,RESOLUTE BAY,232005179,12.3
2025-11-22 09:52:39+00:00,55.28207,11.063768,7634.193856264897,DUSK,629009770,10.5
2025-11-22 09:52:39+00:00,55.23296,11.095192,13376.68404651296,STAVFJORD,259888000,11.1
2025-11-22 09:52:39+00:00,55.28207,11.063768,7634.193856264897,DUSK,629009770,10.5
2025-11-22 09:52:39+00:00,55.23296,11.095192,13376.68404651296,STAVFJORD,259888000,11.1
2025-11-22 09:52:39+00:00,55.23296,11.095192,13376.68404651296,STAVFJORD,259888000,11.1
2025-11-22 09:52:39+00:00,55.23296,11.095192,13376.68404651296,STAVFJORD,259888000,11.1
2025-11-22 09:52:40+00:00,55.210543,11.098185,15863.080502196332,TERN SEA,219814000,11.4
2025-11-22 09:52:40+00:00,55.210543,11.098185,15863.080502196332,TERN SEA,219814000,11.4
2025-11-22 09:52:40+00:00,55.210543,11.098185,15863.080502196332,TERN SEA,219814000,11.4
2025-11-22 09:52:40+00:00,55.210543,11.098185,15863.080502196332,TERN SEA,219814000,11.4
2025-11-22 09:52:40+00:00,55.269562,11.064123,9004.565161838153,ARC ENDEAVOR,366663000,11.1
2025-11-22 09:52:40+00:00,55.269562,11.064123,9004.565161838153,ARC ENDEAVOR,366663000,11.1
2025-11-22 09:52:40+00:00,55.269562,11.064123,9004.565161838153,ARC ENDEAVOR,366663000,11.1
2025-11-22 09:52:40+00:00,55.262368,11.082782,10011.733631867904,FEDERAL SUTTON,538004383,12.3
2025-11-22 09:52:40+00:00,55.262368,11.082782,10011.733631867904,FEDERAL SUTTON,538004383,12.3
2025-11-22 09:52:40+00:00,55.269562,11.064123,9004.565161838153,ARC ENDEAVOR,366663000,11.1
2025-11-22 09:52:40+00:00,55.262368,11.082782,10011.733631867904,FEDERAL SUTTON,538004383,12.3
2025-11-22 09:52:40+00:00,55.262368,11.082782,10011.733631867904,FEDERAL SUTTON,538004383,12.3
2025-11-22 09:52:43+00:00,55.210383,11.098187,15880.623300594465,TERN SEA,219814000,11.4
2025-11-22 09:52:43+00:00,55.210383,11.098187,15880.623300594465,TERN SEA,219814000,11.4
2025-11-22 09:52:43+00:00,55.210383,11.098187,15880.623300594465,TERN SEA,219814000,11.4
2025-11-22 09:52:46+00:00,55.210223,11.098185,15898.120812546369,TERN SEA,219814000,11.4
2025-11-22 09:52:46+00:00,55.210223,11.098185,15898.120812546369,TERN SEA,219814000,11.4
2025-11-22 09:52:46+00:00,55.210223,11.098185,15898.120812546369,TERN SEA,219814000,11.4
2025-11-22 09:52:46+00:00,55.210223,11.098185,15898.120812546369,TERN SEA,219814000,11.4
2025-11-22 09:52:46+00:00,55.422917,10.985082,8396.215065334589,RESOLUTE BAY,232005179,12.3
2025-11-22 09:52:46+00:00,55.422917,10.985082,8396.215065334589,RESOLUTE BAY,232005179,12.3
2025-11-22 09:52:46+00:00,55.422917,10.985082,8396.215065334589,RESOLUTE BAY,232005179,12.3
2025-11-22 09:52:49+00:00,55.282492,11.063343,7582.656323669102,DUSK,629009770,10.5
2025-11-22 09:52:49+00:00,55.210065,11.098173,15915.28543462559,TERN SEA,219814000,11.4
2025-11-22 09:52:49+00:00,55.210065,11.098173,15915.28543462559,TERN SEA,219814000,11.4
2025-11-22 09:52:49+00:00,55.210065,11.098173,15915.28543462559,TERN SEA,219814000,11.4
2025-11-22 09:52:49+00:00,55.210065,11.098173,15915.28543462559,TERN SEA,219814000,11.4
2025-11-22 09:52:51+00:00,55.232388,11.095577,13443.980301265507,STAVFJORD,259888000,11.1
2025-11-22 09:52:51+00:00,55.269055,11.064567,9065.4119775832,ARC ENDEAVOR,366663000,11.1
2025-11-22 09:52:51+00:00,55.269055,11.064567,9065.4119775832,ARC ENDEAVOR,366663000,11.1
2025-11-22 09:52:51+00:00,55.269055,11.064567,9065.4119775832,ARC ENDEAVOR,366663000,11.1
2025-11-22 09:52:51+00:00,55.269055,11.064567,9065.4119775832,ARC ENDEAVOR,366663000,11.1
2025-11-22 09:52:51+00:00,55.269055,11.064567,9065.4119775832,ARC ENDEAVOR,366663000,11.1
2025-11-22 09:52:51+00:00,55.262893,11.08239,9949.644682622673,FEDERAL SUTTON,538004383,12.3
2025-11-22 09:52:51+00:00,55.232388,11.095577,13443.980301265507,STAVFJORD,259888000,11.1
2025-11-22 09:52:51+00:00,55.232388,11.095577,13443.980301265507,STAVFJORD,259888000,11.1
2025-11-22 09:52:51+00:00,55.262893,11.08239,9949.644682622673,FEDERAL SUTTON,538004383,12.3
2025-11-22 09:52:51+00:00,55.262893,11.08239,9949.644682622673,FEDERAL SUTTON,538004383,12.3
2025-11-22 09:52:51+00:00,55.262893,11.08239,9949.644682622673,FEDERAL SUTTON,538004383,12.3
2025-11-22 09:52:51+00:00,55.232388,11.095577,13443.980301265507,STAVFJORD,259888000,11.1
2025-11-22 09:52:53+00:00,55.209855,11.09815,15938.020040777312,TERN SEA,219814000,11.4
2025-11-22 09:52:53+00:00,55.209855,11.09815,15938.020040777312,TERN SEA,219814000,11.4
2025-11-22 09:52:53+00:00,55.209855,11.09815,15938.020040777312,TERN SEA,219814000,11.4
2025-11-22 09:52:53+00:00,55.209855,11.09815,15938.020040777312,TERN SEA,219814000,11.4
2025-11-22 09:52:54+00:00,55.262893,11.08239,9949.644682622673,FEDERAL SUTTON,538004383,12.3
2025-11-22 09:52:54+00:00,55.262893,11.08239,9949.644682622673,FEDERAL SUTTON,538004383,12.3
2025-11-22 09:52:54+00:00,55.262893,11.08239,9949.644682622673,FEDERAL SUTTON,538004383,12.3
2025-11-22 09:52:55+00:00,55.423303,10.98465,8440.888800275943,RESOLUTE BAY,232005179,12.3
2025-11-22 09:52:55+00:00,55.423303,10.98465,8440.888800275943,RESOLUTE BAY,232005179,12.3
2025-11-22 09:52:55+00:00,55.423303,10.98465,8440.888800275943,RESOLUTE BAY,232005179,12.3
2025-11-22 09:52:55+00:00,55.423303,10.98465,8440.888800275943,RESOLUTE BAY,232005179,12.3
2025-11-22 09:52:59+00:00,55.263367,11.082045,9893.70853163115,FEDERAL SUTTON,538004383,12.4
2025-11-22 09:52:59+00:00,55.23195,11.095848,13495.2126821468,STAVFJORD,259888000,11.0
2025-11-22 09:52:59+00:00,55.23195,11.095848,13495.2126821468,STAVFJORD,259888000,11.0
2025-11-22 09:52:59+00:00,55.23195,11.095848,13495.2126821468,STAVFJORD,259888000,11.0
2025-11-22 09:52:59+00:00,55.263367,11.082045,9893.70853163115,FEDERAL SUTTON,538004383,12.4
2025-11-22 09:52:59+00:00,55.282975,11.062887,7524.106569738557,DUSK,629009770,10.5
2025-11-22 09:52:59+00:00,55.282975,11.062887,7524.106569738557,DUSK,629009770,10.5
2025-11-22 09:53:01+00:00,55.268548,11.065002,9125.965021587266,ARC ENDEAVOR,366663000,11.0
2025-11-22 09:53:01+00:00,55.268548,11.065002,9125.965021587266,ARC ENDEAVOR,366663000,11.0
2025-11-22 09:53:01+00:00,55.268548,11.065002,9125.965021587266,ARC ENDEAVOR,366663000,11.0
2025-11-22 09:53:01+00:00,55.268548,11.065002,9125.965021587266,ARC ENDEAVOR,366663000,11.0
2025-11-22 09:53:01+00:00,55.268548,11.065002,9125.965021587266,ARC ENDEAVOR,366663000,11.0
2025-11-22 09:53:02+00:00,55.209382,11.098088,15989.118264222683,TERN SEA,219814000,11.3
2025-11-22 09:53:02+00:00,55.209382,11.098088,15989.118264222683,TERN SEA,219814000,11.3
2025-11-22 09:53:06+00:00,55.423833,10.984053,8502.354902242949,RESOLUTE BAY,232005179,12.3
2025-11-22 09:53:06+00:00,55.423833,10.984053,8502.354902242949,RESOLUTE BAY,232005179,12.3
2025-11-22 09:53:06+00:00,55.423833,10.984053,8502.354902242949,RESOLUTE BAY,232005179,12.3
2025-11-22 09:53:07+00:00,55.209118,11.098047,16017.570408574222,TERN SEA,219814000,11.3
2025-11-22 09:53:07+00:00,55.209118,11.098047,16017.570408574222,TERN SEA,219814000,11.3
2025-11-22 09:53:09+00:00,55.209015,11.098032,16028.683383333915,TERN SEA,219814000,11.3
2025-11-22 09:53:09+00:00,55.209015,11.098032,16028.683383333915,TERN SEA,219814000,11.3
2025-11-22 09:53:10+00:00,55.263945,11.081627,9825.54994920131,FEDERAL SUTTON,538004383,12.3
2025-11-22 09:53:10+00:00,55.283398,11.062512,7473.17093740436,DUSK,629009770,10.5
2025-11-22 09:53:10+00:00,55.263945,11.081627,9825.54994920131,FEDERAL SUTTON,538004383,12.3
2025-11-22 09:53:10+00:00,55.263945,11.081627,9825.54994920131,FEDERAL SUTTON,538004383,12.3
2025-11-22 09:53:10+00:00,55.263945,11.081627,9825.54994920131,FEDERAL SUTTON,538004383,12.3
2025-11-22 09:53:10+00:00,55.283398,11.062512,7473.17093740436,DUSK,629009770,10.5
2025-11-22 09:53:10+00:00,55.268178,11.065315,9170.122615381855,ARC ENDEAVOR,366663000,11.0
2025-11-22 09:53:10+00:00,55.268178,11.065315,9170.122615381855,ARC ENDEAVOR,366663000,11.0
2025-11-22 09:53:10+00:00,55.268178,11.065315,9170.122615381855,ARC ENDEAVOR,366663000,11.0
2025-11-22 09:53:10+00:00,55.268178,11.065315,9170.122615381855,ARC ENDEAVOR,366663000,11.0
2025-11-22 09:53:10+00:00,55.268178,11.065315,9170.122615381855,ARC ENDEAVOR,366663000,11.0
2025-11-22 09:53:10+00:00,55.283398,11.062512,7473.17093740436,DUSK,629009770,10.5
2025-11-22 09:53:11+00:00,55.20891,11.098018,16040.02734103709,TERN SEA,219814000,11.3
2025-11-22 09:53:11+00:00,55.20891,11.098018,16040.02734103709,TERN SEA,219814000,11.3
2025-11-22 09:53:11+00:00,55.231413,11.096108,13557.102544581603,STAVFJORD,259888000,11.0
2025-11-22 09:53:11+00:00,55.20891,11.098018,16040.02734103709,TERN SEA,219814000,11.3
2025-11-22 09:53:11+00:00,55.231413,11.096108,13557.102544581603,STAVFJORD,259888000,11.0
2025-11-22 09:53:11+00:00,55.231413,11.096108,13557.102544581603,STAVFJORD,259888000,11.0
2025-11-22 09:53:11+00:00,55.231413,11.096108,13557.102544581603,STAVFJORD,259888000,11.0
2025-11-22 09:53:11+00:00,55.231413,11.096108,13557.102544581603,STAVFJORD,259888000,11.0
2025-11-22 09:53:15+00:00,55.208698,11.097992,16062.95861336175,TERN SEA,219814000,11.3
2025-11-22 09:53:15+00:00,55.208698,11.097992,16062.95861336175,TERN SEA,219814000,11.3
2025-11-22 09:53:15+00:00,55.208698,11.097992,16062.95861336175,TERN SEA,219814000,11.3
2025-11-22 09:53:15+00:00,55.208698,11.097992,16062.95861336175,TERN SEA,219814000,11.3
2025-11-22 09:53:16+00:00,55.424315,10.983512,8558.32038067362,RESOLUTE BAY,232005179,12.3
2025-11-22 09:53:16+00:00,55.424315,10.983512,8558.32038067362,RESOLUTE BAY,232005179,12.3
2025-11-22 09:53:16+00:00,55.424315,10.983512,8558.32038067362,RESOLUTE BAY,232005179,12.3
2025-11-22 09:53:16+00:00,55.424315,10.983512,8558.32038067362,RESOLUTE BAY,232005179,12.3
2025-11-22 09:53:19+00:00,55.20849,11.097952,16085.29579062904,TERN SEA,219814000,11.3
2025-11-22 09:53:19+00:00,55.20849,11.097952,16085.29579062904,TERN SEA,219814000,11.3
2025-11-22 09:53:19+00:00,55.20849,11.097952,16085.29579062904,TERN SEA,219814000,11.3
2025-11-22 09:53:19+00:00,55.20849,11.097952,16085.29579062904,TERN SEA,219814000,11.3
2025-11-22 09:53:20+00:00,55.26447,11.08124,9763.573622685328,FEDERAL SUTTON,538004383,12.3
2025-11-22 09:53:20+00:00,55.26447,11.08124,9763.573622685328,FEDERAL SUTTON,538004383,12.3
2025-11-22 09:53:20+00:00,55.26447,11.08124,9763.573622685328,FEDERAL SUTTON,538004383,12.3
2025-11-22 09:53:20+00:00,55.283838,11.062098,7419.91203759379,DUSK,629009770,10.5
2025-11-22 09:53:20+00:00,55.283838,11.062098,7419.91203759379,DUSK,629009770,10.5
2025-11-22 09:53:20+00:00,55.230967,11.096323,13608.493461724232,STAVFJORD,259888000,11.0
2025-11-22 09:53:20+00:00,55.26447,11.08124,9763.573622685328,FEDERAL SUTTON,538004383,12.3
2025-11-22 09:53:20+00:00,55.230967,11.096323,13608.493461724232,STAVFJORD,259888000,11.0
2025-11-22 09:53:20+00:00,55.267718,11.065707,9225.076827401394,ARC ENDEAVOR,366663000,11.0
2025-11-22 09:53:20+00:00,55.267718,11.065707,9225.076827401394,ARC ENDEAVOR,366663000,11.0
2025-11-22 09:53:20+00:00,55.267718,11.065707,9225.076827401394,ARC ENDEAVOR,366663000,11.0
2025-11-22 09:53:20+00:00,55.230967,11.096323,13608.493461724232,STAVFJORD,259888000,11.0
2025-11-22 09:53:20+00:00,55.267718,11.065707,9225.076827401394,ARC ENDEAVOR,366663000,11.0
2025-11-22 09:53:22+00:00,55.208335,11.097913,16101.839544495722,TERN SEA,219814000,11.3
2025-11-22 09:53:22+00:00,55.208335,11.097913,16101.839544495722,TERN SEA,219814000,11.3
2025-11-22 09:53:22+00:00,55.208335,11.097913,16101.839544495722,TERN SEA,219814000,11.3
2025-11-22 09:53:25+00:00,55.42475,10.983027,8608.88060213368,RESOLUTE BAY,232005179,12.3
2025-11-22 09:53:25+00:00,55.42475,10.983027,8608.88060213368,RESOLUTE BAY,232005179,12.3
2025-11-22 09:53:25+00:00,55.42475,10.983027,8608.88060213368,RESOLUTE BAY,232005179,12.3
2025-11-22 09:53:30+00:00,55.230468,11.096522,13665.458338755574,STAVFJORD,259888000,10.9
2025-11-22 09:53:30+00:00,55.230468,11.096522,13665.458338755574,STAVFJORD,259888000,10.9
2025-11-22 09:53:30+00:00,55.230468,11.096522,13665.458338755574,STAVFJORD,259888000,10.9
2025-11-22 09:53:30+00:00,55.230468,11.096522,13665.458338755574,STAVFJORD,259888000,10.9
2025-11-22 09:53:30+00:00,55.230468,11.096522,13665.458338755574,STAVFJORD,259888000,10.9
2025-11-22 09:53:31+00:00,55.267212,11.066137,9285.539836452232,ARC ENDEAVOR,366663000,11.0
2025-11-22 09:53:31+00:00,55.267212,11.066137,9285.539836452232,ARC ENDEAVOR,366663000,11.0
2025-11-22 09:53:31+00:00,55.267212,11.066137,9285.539836452232,ARC ENDEAVOR,366663000,11.0
2025-11-22 09:53:31+00:00,55.267212,11.066137,9285.539836452232,ARC ENDEAVOR,366663000,11.0
2025-11-22 09:53:31+00:00,55.267212,11.066137,9285.539836452232,ARC ENDEAVOR,366663000,11.0
2025-11-22 09:53:31+00:00,55.265045,11.080813,9695.679776879371,FEDERAL SUTTON,538004383,12.3
2025-11-22 09:53:31+00:00,55.265045,11.080813,9695.679776879371,FEDERAL SUTTON,538004383,12.3
2025-11-22 09:53:31+00:00,55.265045,11.080813,9695.679776879371,FEDERAL SUTTON,538004383,12.3
2025-11-22 09:53:31+00:00,55.265045,11.080813,9695.679776879371,FEDERAL SUTTON,538004383,12.3
2025-11-22 09:53:31+00:00,55.265045,11.080813,9695.679776879371,FEDERAL SUTTON,538004383,12.3
2025-11-22 09:53:31+00:00,55.284318,11.061673,7362.184135469795,DUSK,629009770,10.5
2025-11-22 09:53:31+00:00,55.284318,11.061673,7362.184135469795,DUSK,629009770,10.5
2025-11-22 09:53:31+00:00,55.284318,11.061673,7362.184135469795,DUSK,629009770,10.5
2025-11-22 09:53:32+00:00,55.20782,11.097765,16156.614868039556,TERN SEA,219814000,11.2
2025-11-22 09:53:32+00:00,55.20782,11.097765,16156.614868039556,TERN SEA,219814000,11.2
2025-11-22 09:53:32+00:00,55.20782,11.097765,16156.614868039556,TERN SEA,219814000,11.2
2025-11-22 09:53:32+00:00,55.20782,11.097765,16156.614868039556,TERN SEA,219814000,11.2
2025-11-22 09:53:36+00:00,55.42528,10.982433,8670.565448310132,RESOLUTE BAY,232005179,12.3
2025-11-22 09:53:36+00:00,55.42528,10.982433,8670.565448310132,RESOLUTE BAY,232005179,12.3
2025-11-22 09:53:38+00:00,55.207512,11.097665,16189.256817567415,TERN SEA,219814000,11.2
2025-11-22 09:53:38+00:00,55.207512,11.097665,16189.256817567415,TERN SEA,219814000,11.2
2025-11-22 09:53:38+00:00,55.207512,11.097665,16189.256817567415,TERN SEA,219814000,11.2
2025-11-22 09:53:39+00:00,55.230022,11.096643,13715.642578338788,STAVFJORD,259888000,10.8
2025-11-22 09:53:39+00:00,55.28466,11.061375,7321.133797707716,DUSK,629009770,10.5
2025-11-22 09:53:39+00:00,55.28466,11.061375,7321.133797707716,DUSK,629009770,10.5
2025-11-22 09:53:39+00:00,55.230022,11.096643,13715.642578338788,STAVFJORD,259888000,10.8
2025-11-22 09:53:39+00:00,55.230022,11.096643,13715.642578338788,STAVFJORD,259888000,10.8
2025-11-22 09:53:39+00:00,55.207462,11.097648,16194.548184203477,TERN SEA,219814000,11.2
2025-11-22 09:53:39+00:00,55.207462,11.097648,16194.548184203477,TERN SEA,219814000,11.2
2025-11-22 09:53:39+00:00,55.207462,11.097648,16194.548184203477,TERN SEA,219814000,11.2
2025-11-22 09:53:39+00:00,55.207462,11.097648,16194.548184203477,TERN SEA,219814000,11.2
2025-11-22 09:53:39+00:00,55.230022,11.096643,13715.642578338788,STAVFJORD,259888000,10.8
2025-11-22 09:53:40+00:00,55.265517,11.080462,9639.959603163328,FEDERAL SUTTON,538004383,12.3
2025-11-22 09:53:40+00:00,55.265517,11.080462,9639.959603163328,FEDERAL SUTTON,538004383,12.3
2025-11-22 09:53:40+00:00,55.265517,11.080462,9639.959603163328,FEDERAL SUTTON,538004383,12.3
2025-11-22 09:53:40+00:00,55.265517,11.080462,9639.959603163328,FEDERAL SUTTON,538004383,12.3
2025-11-22 09:53:40+00:00,55.266798,11.066488,9335.020749574487,ARC ENDEAVOR,366663000,11.0
2025-11-22 09:53:40+00:00,55.266798,11.066488,9335.020749574487,ARC ENDEAVOR,366663000,11.0
2025-11-22 09:53:40+00:00,55.266798,11.066488,9335.020749574487,ARC ENDEAVOR,366663000,11.0
2025-11-22 09:53:40+00:00,55.266798,11.066488,9335.020749574487,ARC ENDEAVOR,366663000,11.0
2025-11-22 09:53:40+00:00,55.266798,11.066488,9335.020749574487,ARC ENDEAVOR,366663000,11.0
2025-11-22 09:53:42+00:00,55.207307,11.097602,16211.027445975957,TERN SEA,219814000,11.2
2025-11-22 09:53:42+00:00,55.207307,11.097602,16211.027445975957,TERN SEA,219814000,11.2
2025-11-22 09:53:42+00:00,55.207307,11.097602,16211.027445975957,TERN SEA,219814000,11.2
2025-11-22 09:53:46+00:00,55.42581,10.981832,8732.160961883385,RESOLUTE BAY,232005179,12.3
2025-11-22 09:53:46+00:00,55.42581,10.981832,8732.160961883385,RESOLUTE BAY,232005179,12.3
2025-11-22 09:53:46+00:00,55.2071,11.097542,16233.054427466199,TERN SEA,219814000,11.2
2025-11-22 09:53:46+00:00,55.2071,11.097542,16233.054427466199,TERN SEA,219814000,11.2
2025-11-22 09:53:46+00:00,55.2071,11.097542,16233.054427466199,TERN SEA,219814000,11.2
2025-11-22 09:53:46+00:00,55.2071,11.097542,16233.054427466199,TERN SEA,219814000,11.2
2025-11-22 09:53:48+00:00,55.206998,11.097507,16243.849558480699,TERN SEA,219814000,11.2
2025-11-22 09:53:48+00:00,55.206998,11.097507,16243.849558480699,TERN SEA,219814000,11.2
2025-11-22 09:53:48+00:00,55.206998,11.097507,16243.849558480699,TERN SEA,219814000,11.2
2025-11-22 09:53:48+00:00,55.206998,11.097507,16243.849558480699,TERN SEA,219814000,11.2
2025-11-22 09:53:49+00:00,55.28509,11.061017,7269.750094212166,DUSK,629009770,10.5
2025-11-22 09:53:49+00:00,55.28509,11.061017,7269.750094212166,DUSK,629009770,10.5
2025-11-22 09:53:49+00:00,55.28509,11.061017,7269.750094212166,DUSK,629009770,10.5
2025-11-22 09:53:51+00:00,55.266293,11.066917,9395.413241716946,ARC ENDEAVOR,366663000,11.0
2025-11-22 09:53:51+00:00,55.266293,11.066917,9395.413241716946,ARC ENDEAVOR,366663000,11.0
2025-11-22 09:53:51+00:00,55.266293,11.066917,9395.413241716946,ARC ENDEAVOR,366663000,11.0
2025-11-22 09:53:51+00:00,55.229438,11.096732,13780.46573700673,STAVFJORD,259888000,10.7
2025-11-22 09:53:51+00:00,55.229438,11.096732,13780.46573700673,STAVFJORD,259888000,10.7
2025-11-22 09:53:51+00:00,55.229438,11.096732,13780.46573700673,STAVFJORD,259888000,10.7
2025-11-22 09:53:51+00:00,55.26609,11.08002,9572.157108775793,FEDERAL SUTTON,538004383,12.3
2025-11-22 09:53:51+00:00,55.26609,11.08002,9572.157108775793,FEDERAL SUTTON,538004383,12.3
2025-11-22 09:53:51+00:00,55.26609,11.08002,9572.157108775793,FEDERAL SUTTON,538004383,12.3
2025-11-22 09:53:51+00:00,55.26609,11.08002,9572.157108775793,FEDERAL SUTTON,538004383,12.3
2025-11-22 09:53:51+00:00,55.26609,11.08002,9572.157108775793,FEDERAL SUTTON,538004383,12.3
2025-11-22 09:53:51+00:00,55.229438,11.096732,13780.46573700673,STAVFJORD,259888000,10.7
2025-11-22 09:53:52+00:00,55.206797,11.097423,16264.959718933862,TERN SEA,219814000,11.2
2025-11-22 09:53:52+00:00,55.206797,11.097423,16264.959718933862,TERN SEA,219814000,11.2
2025-11-22 09:53:52+00:00,55.206797,11.097423,16264.959718933862,TERN SEA,219814000,11.2
2025-11-22 09:53:52+00:00,55.206797,11.097423,16264.959718933862,TERN SEA,219814000,11.2
2025-11-22 09:53:55+00:00,55.426198,10.981395,8777.271544889154,RESOLUTE BAY,232005179,12.3
2025-11-22 09:53:55+00:00,55.426198,10.981395,8777.271544889154,RESOLUTE BAY,232005179,12.3
2025-11-22 09:53:55+00:00,55.426198,10.981395,8777.271544889154,RESOLUTE BAY,232005179,12.3
2025-11-22 09:53:55+00:00,55.426198,10.981395,8777.271544889154,RESOLUTE BAY,232005179,12.3
2025-11-22 09:53:59+00:00,55.285562,11.060615,7213.251159612876,DUSK,629009770,10.4
2025-11-22 09:53:59+00:00,55.285562,11.060615,7213.251159612876,DUSK,629009770,10.4
2025-11-22 09:53:59+00:00,55.266507,11.079698,9522.827396921579,FEDERAL SUTTON,538004383,12.3
2025-11-22 09:53:59+00:00,55.266507,11.079698,9522.827396921579,FEDERAL SUTTON,538004383,12.3
2025-11-22 09:53:59+00:00,55.285562,11.060615,7213.251159612876,DUSK,629009770,10.4
2025-11-22 09:53:59+00:00,55.266507,11.079698,9522.827396921579,FEDERAL SUTTON,538004383,12.3
2025-11-22 09:53:59+00:00,55.228987,11.096823,13830.813496118435,STAVFJORD,259888000,10.7
2025-11-22 09:53:59+00:00,55.266507,11.079698,9522.827396921579,FEDERAL SUTTON,538004383,12.3
2025-11-22 09:53:59+00:00,55.228987,11.096823,13830.813496118435,STAVFJORD,259888000,10.7
2025-11-22 09:53:59+00:00,55.228987,11.096823,13830.813496118435,STAVFJORD,259888000,10.7
2025-11-22 09:54:01+00:00,55.265835,11.067308,9450.232220101827,ARC ENDEAVOR,366663000,11.0
2025-11-22 09:54:01+00:00,55.265835,11.067308,9450.232220101827,ARC ENDEAVOR,366663000,11.0
2025-11-22 09:54:01+00:00,55.265835,11.067308,9450.232220101827,ARC ENDEAVOR,366663000,11.0
2025-11-22 09:54:01+00:00,55.265835,11.067308,9450.232220101827,ARC ENDEAVOR,366663000,11.0
2025-11-22 09:54:01+00:00,55.265835,11.067308,9450.232220101827,ARC ENDEAVOR,366663000,11.0
2025-11-22 09:54:02+00:00,55.206295,11.097198,16317.538624070248,TERN SEA,219814000,11.1
2025-11-22 09:54:06+00:00,55.42673,10.980793,8839.184443041688,RESOLUTE BAY,232005179,12.3
2025-11-22 09:54:06+00:00,55.42673,10.980793,8839.184443041688,RESOLUTE BAY,232005179,12.3
2025-11-22 09:54:06+00:00,55.42673,10.980793,8839.184443041688,RESOLUTE BAY,232005179,12.3
2025-11-22 09:54:10+00:00,55.285985,11.060242,7162.467293730827,DUSK,629009770,10.4
2025-11-22 09:54:10+00:00,55.285985,11.060242,7162.467293730827,DUSK,629009770,10.4
2025-11-22 09:54:10+00:00,55.285985,11.060242,7162.467293730827,DUSK,629009770,10.4
2025-11-22 09:54:10+00:00,55.267078,11.07927,9455.44865008268,FEDERAL SUTTON,538004383,12.3
2025-11-22 09:54:10+00:00,55.267078,11.07927,9455.44865008268,FEDERAL SUTTON,538004383,12.3
2025-11-22 09:54:10+00:00,55.267078,11.07927,9455.44865008268,FEDERAL SUTTON,538004383,12.3
2025-11-22 09:54:10+00:00,55.265423,11.067663,9499.59966342094,ARC ENDEAVOR,366663000,11.0
2025-11-22 09:54:10+00:00,55.265423,11.067663,9499.59966342094,ARC ENDEAVOR,366663000,11.0
2025-11-22 09:54:10+00:00,55.265423,11.067663,9499.59966342094,ARC ENDEAVOR,366663000,11.0
2025-11-22 09:54:10+00:00,55.265423,11.067663,9499.59966342094,ARC ENDEAVOR,366663000,11.0
2025-11-22 09:54:10+00:00,55.267078,11.07927,9455.44865008268,FEDERAL SUTTON,538004383,12.3
2025-11-22 09:54:11+00:00,55.20585,11.096973,16363.898946026933,TERN SEA,219814000,11.1
2025-11-22 09:54:11+00:00,55.20585,11.096973,16363.898946026933,TERN SEA,219814000,11.1
2025-11-22 09:54:11+00:00,55.20585,11.096973,16363.898946026933,TERN SEA,219814000,11.1
2025-11-22 09:54:11+00:00,55.20585,11.096973,16363.898946026933,TERN SEA,219814000,11.1
2025-11-22 09:54:11+00:00,55.228438,11.096925,13891.99156013185,STAVFJORD,259888000,10.7
2025-11-22 09:54:11+00:00,55.228438,11.096925,13891.99156013185,STAVFJORD,259888000,10.7
2025-11-22 09:54:11+00:00,55.228438,11.096925,13891.99156013185,STAVFJORD,259888000,10.7
2025-11-22 09:54:11+00:00,55.228438,11.096925,13891.99156013185,STAVFJORD,259888000,10.7
2025-11-22 09:54:16+00:00,55.427213,10.980242,8895.214227433722,RESOLUTE BAY,232005179,12.3
2025-11-22 09:54:16+00:00,55.427213,10.980242,8895.214227433722,RESOLUTE BAY,232005179,12.3
2025-11-22 09:54:16+00:00,55.427213,10.980242,8895.214227433722,RESOLUTE BAY,232005179,12.3
2025-11-22 09:54:16+00:00,55.427213,10.980242,8895.214227433722,RESOLUTE BAY,232005179,12.3
2025-11-22 09:54:19+00:00,55.227995,11.096998,13941.240811159012,STAVFJORD,259888000,10.7
2025-11-22 09:54:19+00:00,55.227995,11.096998,13941.240811159012,STAVFJORD,259888000,10.7
2025-11-22 09:54:19+00:00,55.227995,11.096998,13941.240811159012,STAVFJORD,259888000,10.7
2025-11-22 09:54:20+00:00,55.267598,11.078885,9394.163260399891,FEDERAL SUTTON,538004383,12.3
2025-11-22 09:54:20+00:00,55.267598,11.078885,9394.163260399891,FEDERAL SUTTON,538004383,12.3
2025-11-22 09:54:20+00:00,55.267598,11.078885,9394.163260399891,FEDERAL SUTTON,538004383,12.3
2025-11-22 09:54:20+00:00,55.286417,11.059878,7110.835385630784,DUSK,629009770,10.4
2025-11-22 09:54:20+00:00,55.267598,11.078885,9394.163260399891,FEDERAL SUTTON,538004383,12.3
2025-11-22 09:54:20+00:00,55.264962,11.068058,9554.813848169713,ARC ENDEAVOR,366663000,11.0
2025-11-22 09:54:20+00:00,55.264962,11.068058,9554.813848169713,ARC ENDEAVOR,366663000,11.0
2025-11-22 09:54:20+00:00,55.264962,11.068058,9554.813848169713,ARC ENDEAVOR,366663000,11.0
2025-11-22 09:54:20+00:00,55.264962,11.068058,9554.813848169713,ARC ENDEAVOR,366663000,11.0
2025-11-22 09:54:20+00:00,55.286417,11.059878,7110.835385630784,DUSK,629009770,10.4
2025-11-22 09:54:22+00:00,55.20531,11.096675,16419.929878403866,TERN SEA,219814000,11.1
2025-11-22 09:54:22+00:00,55.20531,11.096675,16419.929878403866,TERN SEA,219814000,11.1
2025-11-22 09:54:25+00:00,55.42765,10.979743,8945.927861751674,RESOLUTE BAY,232005179,12.3
2025-11-22 09:54:25+00:00,55.42765,10.979743,8945.927861751674,RESOLUTE BAY,232005179,12.3
2025-11-22 09:54:25+00:00,55.42765,10.979743,8945.927861751674,RESOLUTE BAY,232005179,12.3
2025-11-22 09:54:30+00:00,55.227497,11.097088,13996.707811948467,STAVFJORD,259888000,10.7
2025-11-22 09:54:30+00:00,55.227497,11.097088,13996.707811948467,STAVFJORD,259888000,10.7
2025-11-22 09:54:30+00:00,55.227497,11.097088,13996.707811948467,STAVFJORD,259888000,10.7
2025-11-22 09:54:30+00:00,55.227497,11.097088,13996.707811948467,STAVFJORD,259888000,10.7
2025-11-22 09:54:31+00:00,55.264453,11.068493,9615.784956075811,ARC ENDEAVOR,366663000,11.0
2025-11-22 09:54:31+00:00,55.264453,11.068493,9615.784956075811,ARC ENDEAVOR,366663000,11.0
2025-11-22 09:54:31+00:00,55.264453,11.068493,9615.784956075811,ARC ENDEAVOR,366663000,11.0
2025-11-22 09:54:31+00:00,55.264453,11.068493,9615.784956075811,ARC ENDEAVOR,366663000,11.0
2025-11-22 09:54:31+00:00,55.26817,11.07846,9326.756878487875,FEDERAL SUTTON,538004383,12.3
2025-11-22 09:54:31+00:00,55.264453,11.068493,9615.784956075811,ARC ENDEAVOR,366663000,11.0
2025-11-22 09:54:31+00:00,55.26817,11.07846,9326.756878487875,FEDERAL SUTTON,538004383,12.3
2025-11-22 09:54:31+00:00,55.26817,11.07846,9326.756878487875,FEDERAL SUTTON,538004383,12.3
2025-11-22 09:54:31+00:00,55.286892,11.059472,7054.024897978409,DUSK,629009770,10.4
2025-11-22 09:54:31+00:00,55.286892,11.059472,7054.024897978409,DUSK,629009770,10.4
2025-11-22 09:54:31+00:00,55.286892,11.059472,7054.024897978409,DUSK,629009770,10.4
2025-11-22 09:54:31+00:00,55.26817,11.07846,9326.756878487875,FEDERAL SUTTON,538004383,12.3
2025-11-22 09:54:32+00:00,55.20482,11.09639,16470.66126032448,TERN SEA,219814000,11.1
2025-11-22 09:54:32+00:00,55.20482,11.09639,16470.66126032448,TERN SEA,219814000,11.1
2025-11-22 09:54:32+00:00,55.20482,11.09639,16470.66126032448,TERN SEA,219814000,11.1
2025-11-22 09:54:32+00:00,55.20482,11.09639,16470.66126032448,TERN SEA,219814000,11.1
2025-11-22 09:54:36+00:00,55.428182,10.979135,9007.734864841022,RESOLUTE BAY,232005179,12.3
2025-11-22 09:54:36+00:00,55.428182,10.979135,9007.734864841022,RESOLUTE BAY,232005179,12.3
2025-11-22 09:54:36+00:00,55.428182,10.979135,9007.734864841022,RESOLUTE BAY,232005179,12.3
2025-11-22 09:54:36+00:00,55.428182,10.979135,9007.734864841022,RESOLUTE BAY,232005179,12.3
2025-11-22 09:54:39+00:00,55.227053,11.09716,14046.057594723594,STAVFJORD,259888000,10.7
2025-11-22 09:54:39+00:00,55.227053,11.09716,14046.057594723594,STAVFJORD,259888000,10.7
2025-11-22 09:54:39+00:00,55.227053,11.09716,14046.057594723594,STAVFJORD,259888000,10.7
2025-11-22 09:54:39+00:00,55.227053,11.09716,14046.057594723594,STAVFJORD,259888000,10.7
2025-11-22 09:54:39+00:00,55.287238,11.05915,7012.352442475319,DUSK,629009770,10.4
2025-11-22 09:54:39+00:00,55.287238,11.05915,7012.352442475319,DUSK,629009770,10.4
2025-11-22 09:54:40+00:00,55.26404,11.068853,9665.364501252263,ARC ENDEAVOR,366663000,11.0
2025-11-22 09:54:40+00:00,55.26404,11.068853,9665.364501252263,ARC ENDEAVOR,366663000,11.0
2025-11-22 09:54:40+00:00,55.26404,11.068853,9665.364501252263,ARC ENDEAVOR,366663000,11.0
2025-11-22 09:54:40+00:00,55.26404,11.068853,9665.364501252263,ARC ENDEAVOR,366663000,11.0
2025-11-22 09:54:40+00:00,55.268638,11.078108,9271.57892353739,FEDERAL SUTTON,538004383,12.3
2025-11-22 09:54:40+00:00,55.268638,11.078108,9271.57892353739,FEDERAL SUTTON,538004383,12.3
2025-11-22 09:54:40+00:00,55.268638,11.078108,9271.57892353739,FEDERAL SUTTON,538004383,12.3
2025-11-22 09:54:40+00:00,55.268638,11.078108,9271.57892353739,FEDERAL SUTTON,538004383,12.3
2025-11-22 09:54:40+00:00,55.268638,11.078108,9271.57892353739,FEDERAL SUTTON,538004383,12.3
2025-11-22 09:54:42+00:00,55.204333,11.096095,16521.002069055496,TERN SEA,219814000,11.1
2025-11-22 09:54:42+00:00,55.204333,11.096095,16521.002069055496,TERN SEA,219814000,11.1
2025-11-22 09:54:42+00:00,55.204333,11.096095,16521.002069055496,TERN SEA,219814000,11.1
2025-11-22 09:54:46+00:00,55.204138,11.09598,16541.204604805116,TERN SEA,219814000,11.1
2025-11-22 09:54:46+00:00,55.204138,11.09598,16541.204604805116,TERN SEA,219814000,11.1
2025-11-22 09:54:46+00:00,55.204138,11.09598,16541.204604805116,TERN SEA,219814000,11.1
2025-11-22 09:54:46+00:00,55.428707,10.978532,9068.817609732847,RESOLUTE BAY,232005179,12.3
2025-11-22 09:54:46+00:00,55.428707,10.978532,9068.817609732847,RESOLUTE BAY,232005179,12.3
2025-11-22 09:54:46+00:00,55.428707,10.978532,9068.817609732847,RESOLUTE BAY,232005179,12.3
2025-11-22 09:54:46+00:00,55.204138,11.09598,16541.204604805116,TERN SEA,219814000,11.1
2025-11-22 09:54:47+00:00,55.204088,11.095953,16546.411936205066,TERN SEA,219814000,11.1
2025-11-22 09:54:47+00:00,55.204088,11.095953,16546.411936205066,TERN SEA,219814000,11.1
2025-11-22 09:54:47+00:00,55.204088,11.095953,16546.411936205066,TERN SEA,219814000,11.1
2025-11-22 09:54:49+00:00,55.203988,11.095905,16556.890588711267,TERN SEA,219814000,11.1
2025-11-22 09:54:49+00:00,55.203988,11.095905,16556.890588711267,TERN SEA,219814000,11.1
2025-11-22 09:54:49+00:00,55.203988,11.095905,16556.890588711267,TERN SEA,219814000,11.1
2025-11-22 09:54:49+00:00,55.28767,11.058735,6960.203689860575,DUSK,629009770,10.4
2025-11-22 09:54:49+00:00,55.28767,11.058735,6960.203689860575,DUSK,629009770,10.4
2025-11-22 09:54:49+00:00,55.203988,11.095905,16556.890588711267,TERN SEA,219814000,11.1
2025-11-22 09:54:51+00:00,55.263533,11.06929,9726.191316585666,ARC ENDEAVOR,366663000,11.0
2025-11-22 09:54:51+00:00,55.269158,11.07772,9210.325418333068,FEDERAL SUTTON,538004383,12.3
2025-11-22 09:54:51+00:00,55.269158,11.07772,9210.325418333068,FEDERAL SUTTON,538004383,12.3
2025-11-22 09:54:51+00:00,55.269158,11.07772,9210.325418333068,FEDERAL SUTTON,538004383,12.3
2025-11-22 09:54:51+00:00,55.269158,11.07772,9210.325418333068,FEDERAL SUTTON,538004383,12.3
2025-11-22 09:54:51+00:00,55.269158,11.07772,9210.325418333068,FEDERAL SUTTON,538004383,12.3
2025-11-22 09:54:51+00:00,55.22646,11.097245,14111.830454166795,STAVFJORD,259888000,10.7
2025-11-22 09:54:51+00:00,55.22646,11.097245,14111.830454166795,STAVFJORD,259888000,10.7
2025-11-22 09:54:51+00:00,55.22646,11.097245,14111.830454166795,STAVFJORD,259888000,10.7
2025-11-22 09:54:51+00:00,55.22646,11.097245,14111.830454166795,STAVFJORD,259888000,10.7
2025-11-22 09:54:51+00:00,55.263533,11.06929,9726.191316585666,ARC ENDEAVOR,366663000,11.0
2025-11-22 09:54:51+00:00,55.263533,11.06929,9726.191316585666,ARC ENDEAVOR,366663000,11.0
2025-11-22 09:54:51+00:00,55.263533,11.06929,9726.191316585666,ARC ENDEAVOR,366663000,11.0
2025-11-22 09:54:52+00:00,55.203838,11.095833,16572.611214489447,TERN SEA,219814000,11.1
2025-11-22 09:54:52+00:00,55.203838,11.095833,16572.611214489447,TERN SEA,219814000,11.1
2025-11-22 09:54:52+00:00,55.203838,11.095833,16572.611214489447,TERN SEA,219814000,11.1
2025-11-22 09:54:55+00:00,55.429092,10.978088,9113.683164509788,RESOLUTE BAY,232005179,12.4
2025-11-22 09:54:55+00:00,55.429092,10.978088,9113.683164509788,RESOLUTE BAY,232005179,12.4
2025-11-22 09:54:55+00:00,55.429092,10.978088,9113.683164509788,RESOLUTE BAY,232005179,12.4
2025-11-22 09:54:55+00:00,55.429092,10.978088,9113.683164509788,RESOLUTE BAY,232005179,12.4
2025-11-22 09:54:56+00:00,55.203642,11.09573,16593.064872802322,TERN SEA,219814000,11.1
2025-11-22 09:54:56+00:00,55.203642,11.09573,16593.064872802322,TERN SEA,219814000,11.1
2025-11-22 09:54:56+00:00,55.203642,11.09573,16593.064872802322,TERN SEA,219814000,11.1
2025-11-22 09:54:56+00:00,55.203642,11.09573,16593.064872802322,TERN SEA,219814000,11.1
2025-11-22 09:54:59+00:00,55.28814,11.058313,6903.855838958285,DUSK,629009770,10.4
2025-11-22 09:54:59+00:00,55.269625,11.077368,9155.296338268621,FEDERAL SUTTON,538004383,12.3
2025-11-22 09:54:59+00:00,55.269625,11.077368,9155.296338268621,FEDERAL SUTTON,538004383,12.3
2025-11-22 09:54:59+00:00,55.269625,11.077368,9155.296338268621,FEDERAL SUTTON,538004383,12.3
2025-11-22 09:54:59+00:00,55.269625,11.077368,9155.296338268621,FEDERAL SUTTON,538004383,12.3
2025-11-22 09:54:59+00:00,55.203493,11.095645,16608.548434893266,TERN SEA,219814000,11.1
2025-11-22 09:54:59+00:00,55.28814,11.058313,6903.855838958285,DUSK,629009770,10.4
2025-11-22 09:54:59+00:00,55.203493,11.095645,16608.548434893266,TERN SEA,219814000,11.1
2025-11-22 09:54:59+00:00,55.203493,11.095645,16608.548434893266,TERN SEA,219814000,11.1
2025-11-22 09:54:59+00:00,55.226015,11.097315,14161.269139843034,STAVFJORD,259888000,10.7
2025-11-22 09:54:59+00:00,55.226015,11.097315,14161.269139843034,STAVFJORD,259888000,10.7
2025-11-22 09:54:59+00:00,55.203493,11.095645,16608.548434893266,TERN SEA,219814000,11.1
2025-11-22 09:54:59+00:00,55.226015,11.097315,14161.269139843034,STAVFJORD,259888000,10.7
2025-11-22 09:55:01+00:00,55.263072,11.069692,9781.581367464076,ARC ENDEAVOR,366663000,11.0
2025-11-22 09:55:01+00:00,55.263072,11.069692,9781.581367464076,ARC ENDEAVOR,366663000,11.0
2025-11-22 09:55:01+00:00,55.263072,11.069692,9781.581367464076,ARC ENDEAVOR,366663000,11.0
2025-11-22 09:55:01+00:00,55.263072,11.069692,9781.581367464076,ARC ENDEAVOR,366663000,11.0
2025-11-22 09:55:02+00:00,55.203347,11.095557,16623.675319853777,TERN SEA,219814000,11.1
2025-11-22 09:55:02+00:00,55.203347,11.095557,16623.675319853777,TERN SEA,219814000,11.1
2025-11-22 09:55:02+00:00,55.203347,11.095557,16623.675319853777,TERN SEA,219814000,11.1
2025-11-22 09:55:05+00:00,55.203155,11.095427,16643.42738861325,TERN SEA,219814000,11.1
2025-11-22 09:55:05+00:00,55.203155,11.095427,16643.42738861325,TERN SEA,219814000,11.1
2025-11-22 09:55:05+00:00,55.203155,11.095427,16643.42738861325,TERN SEA,219814000,11.1
2025-11-22 09:55:05+00:00,55.203155,11.095427,16643.42738861325,TERN SEA,219814000,11.1
2025-11-22 09:55:06+00:00,55.42962,10.977483,9175.252242253426,RESOLUTE BAY,232005179,12.4
2025-11-22 09:55:06+00:00,55.42962,10.977483,9175.252242253426,RESOLUTE BAY,232005179,12.4
2025-11-22 09:55:06+00:00,55.42962,10.977483,9175.252242253426,RESOLUTE BAY,232005179,12.4
2025-11-22 09:55:06+00:00,55.42962,10.977483,9175.252242253426,RESOLUTE BAY,232005179,12.4
2025-11-22 09:55:07+00:00,55.226015,11.097315,14161.269139843034,STAVFJORD,259888000,10.7
2025-11-22 09:55:07+00:00,55.226015,11.097315,14161.269139843034,STAVFJORD,259888000,10.7
2025-11-22 09:55:07+00:00,55.226015,11.097315,14161.269139843034,STAVFJORD,259888000,10.7
2025-11-22 09:55:07+00:00,55.226015,11.097315,14161.269139843034,STAVFJORD,259888000,10.7
2025-11-22 09:55:09+00:00,55.288522,11.057982,6858.220830342768,DUSK,629009770,10.4
2025-11-22 09:55:09+00:00,55.288522,11.057982,6858.220830342768,DUSK,629009770,10.4
2025-11-22 09:55:10+00:00,55.202965,11.09529,16662.89607244358,TERN SEA,219814000,11.0
2025-11-22 09:55:10+00:00,55.202965,11.09529,16662.89607244358,TERN SEA,219814000,11.0
2025-11-22 09:55:10+00:00,55.202965,11.09529,16662.89607244358,TERN SEA,219814000,11.0
2025-11-22 09:55:10+00:00,55.202965,11.09529,16662.89607244358,TERN SEA,219814000,11.0
2025-11-22 09:55:10+00:00,55.270248,11.076902,9081.952981475499,FEDERAL SUTTON,538004383,12.3
2025-11-22 09:55:10+00:00,55.270248,11.076902,9081.952981475499,FEDERAL SUTTON,538004383,12.3
2025-11-22 09:55:10+00:00,55.270248,11.076902,9081.952981475499,FEDERAL SUTTON,538004383,12.3
2025-11-22 09:55:10+00:00,55.270248,11.076902,9081.952981475499,FEDERAL SUTTON,538004383,12.3
2025-11-22 09:55:10+00:00,55.270248,11.076902,9081.952981475499,FEDERAL SUTTON,538004383,12.3
2025-11-22 09:55:11+00:00,55.202918,11.095257,16667.722445317544,TERN SEA,219814000,11.0
2025-11-22 09:55:11+00:00,55.202918,11.095257,16667.722445317544,TERN SEA,219814000,11.0
2025-11-22 09:55:11+00:00,55.202918,11.095257,16667.722445317544,TERN SEA,219814000,11.0
2025-11-22 09:55:11+00:00,55.262612,11.070095,9836.897449010621,ARC ENDEAVOR,366663000,11.0
2025-11-22 09:55:11+00:00,55.262612,11.070095,9836.897449010621,ARC ENDEAVOR,366663000,11.0
2025-11-22 09:55:11+00:00,55.262612,11.070095,9836.897449010621,ARC ENDEAVOR,366663000,11.0
2025-11-22 09:55:11+00:00,55.202918,11.095257,16667.722445317544,TERN SEA,219814000,11.0
2025-11-22 09:55:11+00:00,55.262612,11.070095,9836.897449010621,ARC ENDEAVOR,366663000,11.0
2025-11-22 09:55:11+00:00,55.22547,11.0974,14221.811328439617,STAVFJORD,259888000,10.7
2025-11-22 09:55:11+00:00,55.22547,11.0974,14221.811328439617,STAVFJORD,259888000,10.7
2025-11-22 09:55:11+00:00,55.22547,11.0974,14221.811328439617,STAVFJORD,259888000,10.7
2025-11-22 09:55:11+00:00,55.22547,11.0974,14221.811328439617,STAVFJORD,259888000,10.7
2025-11-22 09:55:11+00:00,55.262612,11.070095,9836.897449010621,ARC ENDEAVOR,366663000,11.0
2025-11-22 09:55:14+00:00,55.202777,11.095152,16682.14340681153,TERN SEA,219814000,11.0
2025-11-22 09:55:14+00:00,55.202777,11.095152,16682.14340681153,TERN SEA,219814000,11.0
2025-11-22 09:55:14+00:00,55.202777,11.095152,16682.14340681153,TERN SEA,219814000,11.0
2025-11-22 09:55:15+00:00,55.20273,11.095115,16686.93112078855,TERN SEA,219814000,11.0
2025-11-22 09:55:15+00:00,55.20273,11.095115,16686.93112078855,TERN SEA,219814000,11.0
2025-11-22 09:55:15+00:00,55.20273,11.095115,16686.93112078855,TERN SEA,219814000,11.0
2025-11-22 09:55:15+00:00,55.20273,11.095115,16686.93112078855,TERN SEA,219814000,11.0
2025-11-22 09:55:16+00:00,55.4301,10.976937,9230.962562555571,RESOLUTE BAY,232005179,12.4
2025-11-22 09:55:16+00:00,55.4301,10.976937,9230.962562555571,RESOLUTE BAY,232005179,12.4
2025-11-22 09:55:16+00:00,55.4301,10.976937,9230.962562555571,RESOLUTE BAY,232005179,12.4
2025-11-22 09:55:19+00:00,55.22503,11.097457,14270.545631911245,STAVFJORD,259888000,10.7
2025-11-22 09:55:19+00:00,55.22503,11.097457,14270.545631911245,STAVFJORD,259888000,10.7
2025-11-22 09:55:19+00:00,55.22503,11.097457,14270.545631911245,STAVFJORD,259888000,10.7
2025-11-22 09:55:19+00:00,55.22503,11.097457,14270.545631911245,STAVFJORD,259888000,10.7
2025-11-22 09:55:20+00:00,55.270767,11.07651,9020.839419608485,FEDERAL SUTTON,538004383,12.2
2025-11-22 09:55:20+00:00,55.270767,11.07651,9020.839419608485,FEDERAL SUTTON,538004383,12.2
2025-11-22 09:55:20+00:00,55.270767,11.07651,9020.839419608485,FEDERAL SUTTON,538004383,12.2
2025-11-22 09:55:20+00:00,55.270767,11.07651,9020.839419608485,FEDERAL SUTTON,538004383,12.2
2025-11-22 09:55:20+00:00,55.270767,11.07651,9020.839419608485,FEDERAL SUTTON,538004383,12.2
2025-11-22 09:55:20+00:00,55.2622,11.070463,9886.550200583899,ARC ENDEAVOR,366663000,11.0
2025-11-22 09:55:20+00:00,55.2622,11.070463,9886.550200583899,ARC ENDEAVOR,366663000,11.0
2025-11-22 09:55:20+00:00,55.2622,11.070463,9886.550200583899,ARC ENDEAVOR,366663000,11.0
2025-11-22 09:55:20+00:00,55.2622,11.070463,9886.550200583899,ARC ENDEAVOR,366663000,11.0
2025-11-22 09:55:20+00:00,55.2622,11.070463,9886.550200583899,ARC ENDEAVOR,366663000,11.0
2025-11-22 09:55:22+00:00,55.202407,11.094848,16719.72148042648,TERN SEA,219814000,11.0
2025-11-22 09:55:25+00:00,55.430537,10.976443,9281.672709791896,RESOLUTE BAY,232005179,12.4
2025-11-22 09:55:25+00:00,55.430537,10.976443,9281.672709791896,RESOLUTE BAY,232005179,12.4
2025-11-22 09:55:30+00:00,55.224528,11.097558,14326.601418985436,STAVFJORD,259888000,10.7
2025-11-22 09:55:30+00:00,55.224528,11.097558,14326.601418985436,STAVFJORD,259888000,10.7
2025-11-22 09:55:30+00:00,55.224528,11.097558,14326.601418985436,STAVFJORD,259888000,10.7
2025-11-22 09:55:30+00:00,55.224528,11.097558,14326.601418985436,STAVFJORD,259888000,10.7
2025-11-22 09:55:31+00:00,55.261697,11.070908,9947.137432315953,ARC ENDEAVOR,366663000,11.0
2025-11-22 09:55:31+00:00,55.261697,11.070908,9947.137432315953,ARC ENDEAVOR,366663000,11.0
2025-11-22 09:55:31+00:00,55.261697,11.070908,9947.137432315953,ARC ENDEAVOR,366663000,11.0
2025-11-22 09:55:31+00:00,55.261697,11.070908,9947.137432315953,ARC ENDEAVOR,366663000,11.0
2025-11-22 09:55:31+00:00,55.261697,11.070908,9947.137432315953,ARC ENDEAVOR,366663000,11.0
2025-11-22 09:55:31+00:00,55.271283,11.076117,8960.06996978986,FEDERAL SUTTON,538004383,12.2
2025-11-22 09:55:31+00:00,55.271283,11.076117,8960.06996978986,FEDERAL SUTTON,538004383,12.2
2025-11-22 09:55:31+00:00,55.271283,11.076117,8960.06996978986,FEDERAL SUTTON,538004383,12.2
2025-11-22 09:55:31+00:00,55.289453,11.057167,6746.4452911109065,DUSK,629009770,10.4
2025-11-22 09:55:31+00:00,55.271283,11.076117,8960.06996978986,FEDERAL SUTTON,538004383,12.2
2025-11-22 09:55:32+00:00,55.201953,11.094447,16764.33865265902,TERN SEA,219814000,10.9
2025-11-22 09:55:32+00:00,55.201953,11.094447,16764.33865265902,TERN SEA,219814000,10.9
2025-11-22 09:55:32+00:00,55.201953,11.094447,16764.33865265902,TERN SEA,219814000,10.9
2025-11-22 09:55:32+00:00,55.201953,11.094447,16764.33865265902,TERN SEA,219814000,10.9
2025-11-22 09:55:36+00:00,55.201727,11.094242,16786.198414917864,TERN SEA,219814000,10.9
2025-11-22 09:55:36+00:00,55.201727,11.094242,16786.198414917864,TERN SEA,219814000,10.9
2025-11-22 09:55:36+00:00,55.201727,11.094242,16786.198414917864,TERN SEA,219814000,10.9
2025-11-22 09:55:36+00:00,55.201772,11.094282,16781.83334267543,TERN SEA,219814000,10.9
2025-11-22 09:55:36+00:00,55.201772,11.094282,16781.83334267543,TERN SEA,219814000,10.9
2025-11-22 09:55:36+00:00,55.431067,10.97584,9343.051189310507,RESOLUTE BAY,232005179,12.4
2025-11-22 09:55:36+00:00,55.201772,11.094282,16781.83334267543,TERN SEA,219814000,10.9
2025-11-22 09:55:36+00:00,55.431067,10.97584,9343.051189310507,RESOLUTE BAY,232005179,12.4
2025-11-22 09:55:36+00:00,55.431067,10.97584,9343.051189310507,RESOLUTE BAY,232005179,12.4
2025-11-22 09:55:36+00:00,55.431067,10.97584,9343.051189310507,RESOLUTE BAY,232005179,12.4
2025-11-22 09:55:36+00:00,55.201727,11.094242,16786.198414917864,TERN SEA,219814000,10.9
2025-11-22 09:55:36+00:00,55.201772,11.094282,16781.83334267543,TERN SEA,219814000,10.9
2025-11-22 09:55:37+00:00,55.261697,11.070908,9947.137432315953,ARC ENDEAVOR,366663000,11.0
2025-11-22 09:55:37+00:00,55.261697,11.070908,9947.137432315953,ARC ENDEAVOR,366663000,11.0
2025-11-22 09:55:37+00:00,55.261697,11.070908,9947.137432315953,ARC ENDEAVOR,366663000,11.0
2025-11-22 09:55:37+00:00,55.261697,11.070908,9947.137432315953,ARC ENDEAVOR,366663000,11.0
2025-11-22 09:55:38+00:00,55.201682,11.094202,16790.564230760087,TERN SEA,219814000,10.9
2025-11-22 09:55:38+00:00,55.201682,11.094202,16790.564230760087,TERN SEA,219814000,10.9
2025-11-22 09:55:38+00:00,55.201682,11.094202,16790.564230760087,TERN SEA,219814000,10.9
2025-11-22 09:55:40+00:00,55.289878,11.056793,6695.365364438304,DUSK,629009770,10.4
2025-11-22 09:55:40+00:00,55.261287,11.071277,9996.624394731862,ARC ENDEAVOR,366663000,11.0
2025-11-22 09:55:40+00:00,55.261287,11.071277,9996.624394731862,ARC ENDEAVOR,366663000,11.0
2025-11-22 09:55:40+00:00,55.261287,11.071277,9996.624394731862,ARC ENDEAVOR,366663000,11.0
2025-11-22 09:55:40+00:00,55.261287,11.071277,9996.624394731862,ARC ENDEAVOR,366663000,11.0
2025-11-22 09:55:40+00:00,55.261287,11.071277,9996.624394731862,ARC ENDEAVOR,366663000,11.0
2025-11-22 09:55:40+00:00,55.22403,11.097655,14382.172072006066,STAVFJORD,259888000,10.7
2025-11-22 09:55:40+00:00,55.289878,11.056793,6695.365364438304,DUSK,629009770,10.4
2025-11-22 09:55:40+00:00,55.22403,11.097655,14382.172072006066,STAVFJORD,259888000,10.7
2025-11-22 09:55:40+00:00,55.22403,11.097655,14382.172072006066,STAVFJORD,259888000,10.7
2025-11-22 09:55:40+00:00,55.271743,11.075753,8905.776978319715,FEDERAL SUTTON,538004383,12.2
2025-11-22 09:55:40+00:00,55.271743,11.075753,8905.776978319715,FEDERAL SUTTON,538004383,12.2
2025-11-22 09:55:40+00:00,55.271743,11.075753,8905.776978319715,FEDERAL SUTTON,538004383,12.2
2025-11-22 09:55:40+00:00,55.271743,11.075753,8905.776978319715,FEDERAL SUTTON,538004383,12.2
2025-11-22 09:55:40+00:00,55.271743,11.075753,8905.776978319715,FEDERAL SUTTON,538004383,12.2
2025-11-22 09:55:40+00:00,55.22403,11.097655,14382.172072006066,STAVFJORD,259888000,10.7
2025-11-22 09:55:42+00:00,55.2015,11.09404,16808.22615609889,TERN SEA,219814000,11.0
2025-11-22 09:55:44+00:00,55.2015,11.09404,16808.22615609889,TERN SEA,219814000,11.0
2025-11-22 09:55:46+00:00,55.431602,10.975238,9405.03041288231,RESOLUTE BAY,232005179,12.4
2025-11-22 09:55:46+00:00,55.431602,10.975238,9405.03041288231,RESOLUTE BAY,232005179,12.4
2025-11-22 09:55:46+00:00,55.431602,10.975238,9405.03041288231,RESOLUTE BAY,232005179,12.4
2025-11-22 09:55:46+00:00,55.431602,10.975238,9405.03041288231,RESOLUTE BAY,232005179,12.4
2025-11-22 09:55:46+00:00,55.201322,11.09387,16825.358909228853,TERN SEA,219814000,10.9
2025-11-22 09:55:46+00:00,55.201322,11.09387,16825.358909228853,TERN SEA,219814000,10.9
2025-11-22 09:55:46+00:00,55.201322,11.09387,16825.358909228853,TERN SEA,219814000,10.9
2025-11-22 09:55:46+00:00,55.201322,11.09387,16825.358909228853,TERN SEA,219814000,10.9
2025-11-22 09:55:49+00:00,55.29022,11.056492,6654.267839345993,DUSK,629009770,10.4
2025-11-22 09:55:49+00:00,55.29022,11.056492,6654.267839345993,DUSK,629009770,10.4
2025-11-22 09:55:49+00:00,55.29022,11.056492,6654.267839345993,DUSK,629009770,10.4
2025-11-22 09:55:51+00:00,55.272307,11.075313,8839.305440028957,FEDERAL SUTTON,538004383,12.2
2025-11-22 09:55:51+00:00,55.272307,11.075313,8839.305440028957,FEDERAL SUTTON,538004383,12.2
2025-11-22 09:55:51+00:00,55.272307,11.075313,8839.305440028957,FEDERAL SUTTON,538004383,12.2
2025-11-22 09:55:51+00:00,55.272307,11.075313,8839.305440028957,FEDERAL SUTTON,538004383,12.2
2025-11-22 09:55:51+00:00,55.260785,11.071732,10057.282951356565,ARC ENDEAVOR,366663000,11.0
2025-11-22 09:55:51+00:00,55.272307,11.075313,8839.305440028957,FEDERAL SUTTON,538004383,12.2
2025-11-22 09:55:51+00:00,55.260785,11.071732,10057.282951356565,ARC ENDEAVOR,366663000,11.0
2025-11-22 09:55:51+00:00,55.22348,11.09773,14443.145615299949,STAVFJORD,259888000,10.7
2025-11-22 09:55:51+00:00,55.22348,11.09773,14443.145615299949,STAVFJORD,259888000,10.7
2025-11-22 09:55:51+00:00,55.260785,11.071732,10057.282951356565,ARC ENDEAVOR,366663000,11.0
2025-11-22 09:55:51+00:00,55.22348,11.09773,14443.145615299949,STAVFJORD,259888000,10.7
2025-11-22 09:55:51+00:00,55.22348,11.09773,14443.145615299949,STAVFJORD,259888000,10.7
2025-11-22 09:55:52+00:00,55.20106,11.0936,16850.34042138383,TERN SEA,219814000,10.9
2025-11-22 09:55:52+00:00,55.20106,11.0936,16850.34042138383,TERN SEA,219814000,10.9
2025-11-22 09:55:52+00:00,55.20106,11.0936,16850.34042138383,TERN SEA,219814000,10.9
2025-11-22 09:55:55+00:00,55.431988,10.974805,9449.8090829257,RESOLUTE BAY,232005179,12.4
2025-11-22 09:55:55+00:00,55.431988,10.974805,9449.8090829257,RESOLUTE BAY,232005179,12.4
2025-11-22 09:55:55+00:00,55.431988,10.974805,9449.8090829257,RESOLUTE BAY,232005179,12.4
2025-11-22 09:55:55+00:00,55.431988,10.974805,9449.8090829257,RESOLUTE BAY,232005179,12.4
2025-11-22 09:55:55+00:00,55.431988,10.974805,9449.8090829257,RESOLUTE BAY,232005179,12.4
2025-11-22 09:55:59+00:00,55.290683,11.056072,6598.483688287321,DUSK,629009770,10.4
2025-11-22 09:55:59+00:00,55.272717,11.074992,8790.99425344554,FEDERAL SUTTON,538004383,12.2
2025-11-22 09:55:59+00:00,55.272717,11.074992,8790.99425344554,FEDERAL SUTTON,538004383,12.2
2025-11-22 09:55:59+00:00,55.272717,11.074992,8790.99425344554,FEDERAL SUTTON,538004383,12.2
2025-11-22 09:55:59+00:00,55.223032,11.097767,14492.513780631789,STAVFJORD,259888000,10.7
2025-11-22 09:55:59+00:00,55.272717,11.074992,8790.99425344554,FEDERAL SUTTON,538004383,12.2
2025-11-22 09:55:59+00:00,55.223032,11.097767,14492.513780631789,STAVFJORD,259888000,10.7
2025-11-22 09:55:59+00:00,55.272717,11.074992,8790.99425344554,FEDERAL SUTTON,538004383,12.2
2025-11-22 09:55:59+00:00,55.223032,11.097767,14492.513780631789,STAVFJORD,259888000,10.7
2025-11-22 09:56:01+00:00,55.26033,11.072143,10112.2676690993,ARC ENDEAVOR,366663000,11.0
2025-11-22 09:56:01+00:00,55.26033,11.072143,10112.2676690993,ARC ENDEAVOR,366663000,11.0
2025-11-22 09:56:01+00:00,55.26033,11.072143,10112.2676690993,ARC ENDEAVOR,366663000,11.0
2025-11-22 09:56:01+00:00,55.26033,11.072143,10112.2676690993,ARC ENDEAVOR,366663000,11.0
2025-11-22 09:56:01+00:00,55.26033,11.072143,10112.2676690993,ARC ENDEAVOR,366663000,11.0
2025-11-22 09:56:02+00:00,55.200625,11.093122,16891.49953579586,TERN SEA,219814000,10.9
2025-11-22 09:56:02+00:00,55.200625,11.093122,16891.49953579586,TERN SEA,219814000,10.9
2025-11-22 09:56:02+00:00,55.200625,11.093122,16891.49953579586,TERN SEA,219814000,10.9
2025-11-22 09:56:06+00:00,55.432518,10.974208,9511.404047124463,RESOLUTE BAY,232005179,12.3
2025-11-22 09:56:06+00:00,55.432518,10.974208,9511.404047124463,RESOLUTE BAY,232005179,12.3
2025-11-22 09:56:07+00:00,55.432518,10.974208,9511.404047124463,RESOLUTE BAY,232005179,12.3
2025-11-22 09:56:09+00:00,55.291063,11.05573,6552.761120814548,DUSK,629009770,10.4
2025-11-22 09:56:09+00:00,55.291063,11.05573,6552.761120814548,DUSK,629009770,10.4
2025-11-22 09:56:09+00:00,55.291063,11.05573,6552.761120814548,DUSK,629009770,10.4
2025-11-22 09:56:10+00:00,55.27328,11.074552,8724.693486660035,FEDERAL SUTTON,538004383,12.2
2025-11-22 09:56:10+00:00,55.27328,11.074552,8724.693486660035,FEDERAL SUTTON,538004383,12.2
2025-11-22 09:56:10+00:00,55.27328,11.074552,8724.693486660035,FEDERAL SUTTON,538004383,12.2
2025-11-22 09:56:10+00:00,55.27328,11.074552,8724.693486660035,FEDERAL SUTTON,538004383,12.2
2025-11-22 09:56:10+00:00,55.27328,11.074552,8724.693486660035,FEDERAL SUTTON,538004383,12.2
2025-11-22 09:56:10+00:00,55.27328,11.074552,8724.693486660035,FEDERAL SUTTON,538004383,12.2
2025-11-22 09:56:11+00:00,55.222483,11.097787,14552.702297660853,STAVFJORD,259888000,10.7
2025-11-22 09:56:11+00:00,55.200242,11.092685,16927.607218638666,TERN SEA,219814000,10.9
2025-11-22 09:56:11+00:00,55.200242,11.092685,16927.607218638666,TERN SEA,219814000,10.9
2025-11-22 09:56:11+00:00,55.200242,11.092685,16927.607218638666,TERN SEA,219814000,10.9
2025-11-22 09:56:11+00:00,55.259875,11.072558,10167.328024105424,ARC ENDEAVOR,366663000,11.0
2025-11-22 09:56:11+00:00,55.200242,11.092685,16927.607218638666,TERN SEA,219814000,10.9
2025-11-22 09:56:11+00:00,55.259875,11.072558,10167.328024105424,ARC ENDEAVOR,366663000,11.0
2025-11-22 09:56:11+00:00,55.222483,11.097787,14552.702297660853,STAVFJORD,259888000,10.7
2025-11-22 09:56:11+00:00,55.222483,11.097787,14552.702297660853,STAVFJORD,259888000,10.7
2025-11-22 09:56:11+00:00,55.222483,11.097787,14552.702297660853,STAVFJORD,259888000,10.7
2025-11-22 09:56:11+00:00,55.259875,11.072558,10167.328024105424,ARC ENDEAVOR,366663000,11.0
2025-11-22 09:56:11+00:00,55.259875,11.072558,10167.328024105424,ARC ENDEAVOR,366663000,11.0
2025-11-22 09:56:16+00:00,55.433003,10.973667,9567.664208943896,RESOLUTE BAY,232005179,12.3
2025-11-22 09:56:16+00:00,55.433003,10.973667,9567.664208943896,RESOLUTE BAY,232005179,12.3
2025-11-22 09:56:16+00:00,55.433003,10.973667,9567.664208943896,RESOLUTE BAY,232005179,12.3
2025-11-22 09:56:16+00:00,55.433003,10.973667,9567.664208943896,RESOLUTE BAY,232005179,12.3
2025-11-22 09:56:19+00:00,55.222032,11.097792,14602.011161596243,STAVFJORD,259888000,10.7
2025-11-22 09:56:19+00:00,55.222032,11.097792,14602.011161596243,STAVFJORD,259888000,10.7
2025-11-22 09:56:19+00:00,55.222032,11.097792,14602.011161596243,STAVFJORD,259888000,10.7
2025-11-22 09:56:19+00:00,55.222032,11.097792,14602.011161596243,STAVFJORD,259888000,10.7
2025-11-22 09:56:20+00:00,55.273795,11.074158,8664.16057889194,FEDERAL SUTTON,538004383,12.2
2025-11-22 09:56:20+00:00,55.259465,11.072923,10216.84162170444,ARC ENDEAVOR,366663000,11.0
2025-11-22 09:56:20+00:00,55.259465,11.072923,10216.84162170444,ARC ENDEAVOR,366663000,11.0
2025-11-22 09:56:20+00:00,55.259465,11.072923,10216.84162170444,ARC ENDEAVOR,366663000,11.0
2025-11-22 09:56:20+00:00,55.259465,11.072923,10216.84162170444,ARC ENDEAVOR,366663000,11.0
2025-11-22 09:56:20+00:00,55.259465,11.072923,10216.84162170444,ARC ENDEAVOR,366663000,11.0
2025-11-22 09:56:20+00:00,55.29154,11.05532,6495.636122779473,DUSK,629009770,10.4
2025-11-22 09:56:20+00:00,55.29154,11.05532,6495.636122779473,DUSK,629009770,10.4
2025-11-22 09:56:20+00:00,55.273795,11.074158,8664.16057889194,FEDERAL SUTTON,538004383,12.2
2025-11-22 09:56:20+00:00,55.273795,11.074158,8664.16057889194,FEDERAL SUTTON,538004383,12.2
2025-11-22 09:56:20+00:00,55.273795,11.074158,8664.16057889194,FEDERAL SUTTON,538004383,12.2
2025-11-22 09:56:20+00:00,55.273795,11.074158,8664.16057889194,FEDERAL SUTTON,538004383,12.2
2025-11-22 09:56:25+00:00,55.433437,10.973177,9618.055251183921,RESOLUTE BAY,232005179,12.3
2025-11-22 09:56:25+00:00,55.433437,10.973177,9618.055251183921,RESOLUTE BAY,232005179,12.3
2025-11-22 09:56:25+00:00,55.433437,10.973177,9618.055251183921,RESOLUTE BAY,232005179,12.3
2025-11-22 09:56:30+00:00,55.221532,11.097793,14656.628428299222,STAVFJORD,259888000,10.7
2025-11-22 09:56:30+00:00,55.221532,11.097793,14656.628428299222,STAVFJORD,259888000,10.7
2025-11-22 09:56:30+00:00,55.221532,11.097793,14656.628428299222,STAVFJORD,259888000,10.7
2025-11-22 09:56:30+00:00,55.221532,11.097793,14656.628428299222,STAVFJORD,259888000,10.7
2025-11-22 09:56:31+00:00,55.258963,11.073358,10277.32687032271,ARC ENDEAVOR,366663000,10.9
2025-11-22 09:56:31+00:00,55.258963,11.073358,10277.32687032271,ARC ENDEAVOR,366663000,10.9
2025-11-22 09:56:31+00:00,55.258963,11.073358,10277.32687032271,ARC ENDEAVOR,366663000,10.9
2025-11-22 09:56:31+00:00,55.258963,11.073358,10277.32687032271,ARC ENDEAVOR,366663000,10.9
2025-11-22 09:56:31+00:00,55.274363,11.073733,8597.524448000502,FEDERAL SUTTON,538004383,12.2
2025-11-22 09:56:31+00:00,55.258963,11.073358,10277.32687032271,ARC ENDEAVOR,366663000,10.9
2025-11-22 09:56:31+00:00,55.274363,11.073733,8597.524448000502,FEDERAL SUTTON,538004383,12.2
2025-11-22 09:56:31+00:00,55.274363,11.073733,8597.524448000502,FEDERAL SUTTON,538004383,12.2
2025-11-22 09:56:31+00:00,55.274363,11.073733,8597.524448000502,FEDERAL SUTTON,538004383,12.2
2025-11-22 09:56:31+00:00,55.292002,11.05489,6439.918018971764,DUSK,629009770,10.3
2025-11-22 09:56:31+00:00,55.274363,11.073733,8597.524448000502,FEDERAL SUTTON,538004383,12.2
2025-11-22 09:56:31+00:00,55.292002,11.05489,6439.918018971764,DUSK,629009770,10.3
2025-11-22 09:56:36+00:00,55.433963,10.972577,9679.246246937364,RESOLUTE BAY,232005179,12.3
2025-11-22 09:56:36+00:00,55.433963,10.972577,9679.246246937364,RESOLUTE BAY,232005179,12.3
2025-11-22 09:56:36+00:00,55.433963,10.972577,9679.246246937364,RESOLUTE BAY,232005179,12.3
2025-11-22 09:56:40+00:00,55.25855,11.073702,10326.916297613587,ARC ENDEAVOR,366663000,10.9
2025-11-22 09:56:40+00:00,55.292432,11.054468,6387.7801437719,DUSK,629009770,10.3
2025-11-22 09:56:40+00:00,55.292432,11.054468,6387.7801437719,DUSK,629009770,10.3
2025-11-22 09:56:40+00:00,55.292432,11.054468,6387.7801437719,DUSK,629009770,10.3
2025-11-22 09:56:40+00:00,55.25855,11.073702,10326.916297613587,ARC ENDEAVOR,366663000,10.9
2025-11-22 09:56:40+00:00,55.25855,11.073702,10326.916297613587,ARC ENDEAVOR,366663000,10.9
2025-11-22 09:56:40+00:00,55.25855,11.073702,10326.916297613587,ARC ENDEAVOR,366663000,10.9
2025-11-22 09:56:40+00:00,55.221027,11.0978,14711.873421808366,STAVFJORD,259888000,10.7
2025-11-22 09:56:40+00:00,55.274775,11.073423,8549.19422966372,FEDERAL SUTTON,538004383,12.2
2025-11-22 09:56:40+00:00,55.221027,11.0978,14711.873421808366,STAVFJORD,259888000,10.7
2025-11-22 09:56:40+00:00,55.221027,11.0978,14711.873421808366,STAVFJORD,259888000,10.7
2025-11-22 09:56:40+00:00,55.274775,11.073423,8549.19422966372,FEDERAL SUTTON,538004383,12.2
2025-11-22 09:56:40+00:00,55.274775,11.073423,8549.19422966372,FEDERAL SUTTON,538004383,12.2
2025-11-22 09:56:40+00:00,55.274775,11.073423,8549.19422966372,FEDERAL SUTTON,538004383,12.2
2025-11-22 09:56:40+00:00,55.274775,11.073423,8549.19422966372,FEDERAL SUTTON,538004383,12.2
2025-11-22 09:56:40+00:00,55.274775,11.073423,8549.19422966372,FEDERAL SUTTON,538004383,12.2
2025-11-22 09:56:40+00:00,55.221027,11.0978,14711.873421808366,STAVFJORD,259888000,10.7
2025-11-22 09:56:46+00:00,55.43449,10.971975,9740.622967791785,RESOLUTE BAY,232005179,12.3
2025-11-22 09:56:49+00:00,55.292778,11.054135,6345.926390677928,DUSK,629009770,10.3
2025-11-22 09:56:49+00:00,55.292778,11.054135,6345.926390677928,DUSK,629009770,10.3
2025-11-22 09:56:49+00:00,55.292778,11.054135,6345.926390677928,DUSK,629009770,10.3
2025-11-22 09:56:50+00:00,55.258045,11.074112,10387.42409912619,ARC ENDEAVOR,366663000,10.9
2025-11-22 09:56:50+00:00,55.258045,11.074112,10387.42409912619,ARC ENDEAVOR,366663000,10.9
2025-11-22 09:56:50+00:00,55.258045,11.074112,10387.42409912619,ARC ENDEAVOR,366663000,10.9
2025-11-22 09:56:50+00:00,55.258045,11.074112,10387.42409912619,ARC ENDEAVOR,366663000,10.9
2025-11-22 09:56:50+00:00,55.258045,11.074112,10387.42409912619,ARC ENDEAVOR,366663000,10.9
2025-11-22 09:56:51+00:00,55.275443,11.072908,8470.755523086134,FEDERAL SUTTON,538004383,12.2
2025-11-22 09:56:51+00:00,55.220475,11.097805,14772.236009815291,STAVFJORD,259888000,10.7
2025-11-22 09:56:51+00:00,55.220475,11.097805,14772.236009815291,STAVFJORD,259888000,10.7
2025-11-22 09:56:51+00:00,55.220475,11.097805,14772.236009815291,STAVFJORD,259888000,10.7
2025-11-22 09:56:51+00:00,55.220475,11.097805,14772.236009815291,STAVFJORD,259888000,10.7
2025-11-22 09:56:51+00:00,55.275443,11.072908,8470.755523086134,FEDERAL SUTTON,538004383,12.2
2025-11-22 09:56:51+00:00,55.275443,11.072908,8470.755523086134,FEDERAL SUTTON,538004383,12.2
2025-11-22 09:56:51+00:00,55.275443,11.072908,8470.755523086134,FEDERAL SUTTON,538004383,12.2
2025-11-22 09:56:51+00:00,55.275443,11.072908,8470.755523086134,FEDERAL SUTTON,538004383,12.2
2025-11-22 09:56:51+00:00,55.275443,11.072908,8470.755523086134,FEDERAL SUTTON,538004383,12.2
2025-11-22 09:56:55+00:00,55.434875,10.971538,9785.44356320735,RESOLUTE BAY,232005179,12.3
2025-11-22 09:56:55+00:00,55.434875,10.971538,9785.44356320735,RESOLUTE BAY,232005179,12.3
2025-11-22 09:56:55+00:00,55.434875,10.971538,9785.44356320735,RESOLUTE BAY,232005179,12.3
2025-11-22 09:56:59+00:00,55.275853,11.072588,8422.601784255809,FEDERAL SUTTON,538004383,12.2
2025-11-22 09:56:59+00:00,55.220023,11.097818,14821.77867234307,STAVFJORD,259888000,10.8
2025-11-22 09:56:59+00:00,55.293245,11.053725,6289.939491409604,DUSK,629009770,10.3
2025-11-22 09:56:59+00:00,55.275853,11.072588,8422.601784255809,FEDERAL SUTTON,538004383,12.2
2025-11-22 09:56:59+00:00,55.293245,11.053725,6289.939491409604,DUSK,629009770,10.3
2025-11-22 09:56:59+00:00,55.275853,11.072588,8422.601784255809,FEDERAL SUTTON,538004383,12.2
2025-11-22 09:56:59+00:00,55.220023,11.097818,14821.77867234307,STAVFJORD,259888000,10.8
2025-11-22 09:56:59+00:00,55.275853,11.072588,8422.601784255809,FEDERAL SUTTON,538004383,12.2
2025-11-22 09:56:59+00:00,55.220023,11.097818,14821.77867234307,STAVFJORD,259888000,10.8
2025-11-22 09:56:59+00:00,55.220023,11.097818,14821.77867234307,STAVFJORD,259888000,10.8
2025-11-22 09:56:59+00:00,55.275853,11.072588,8422.601784255809,FEDERAL SUTTON,538004383,12.2
2025-11-22 09:57:01+00:00,55.257587,11.074478,10442.234887189054,ARC ENDEAVOR,366663000,10.9
2025-11-22 09:57:01+00:00,55.257587,11.074478,10442.234887189054,ARC ENDEAVOR,366663000,10.9
2025-11-22 09:57:01+00:00,55.257587,11.074478,10442.234887189054,ARC ENDEAVOR,366663000,10.9
2025-11-22 09:57:01+00:00,55.257587,11.074478,10442.234887189054,ARC ENDEAVOR,366663000,10.9
2025-11-22 09:57:06+00:00,55.435402,10.970937,9846.53414000023,RESOLUTE BAY,232005179,12.3
2025-11-22 09:57:06+00:00,55.435402,10.970937,9846.53414000023,RESOLUTE BAY,232005179,12.3
2025-11-22 09:57:09+00:00,55.293618,11.053403,6245.291380975319,DUSK,629009770,10.3
2025-11-22 09:57:09+00:00,55.293618,11.053403,6245.291380975319,DUSK,629009770,10.3
2025-11-22 09:57:09+00:00,55.293618,11.053403,6245.291380975319,DUSK,629009770,10.3
2025-11-22 09:57:10+00:00,55.276367,11.072192,8362.311282575134,FEDERAL SUTTON,538004383,12.2
2025-11-22 09:57:10+00:00,55.276367,11.072192,8362.311282575134,FEDERAL SUTTON,538004383,12.2
2025-11-22 09:57:10+00:00,55.276367,11.072192,8362.311282575134,FEDERAL SUTTON,538004383,12.2
2025-11-22 09:57:10+00:00,55.276367,11.072192,8362.311282575134,FEDERAL SUTTON,538004383,12.2
2025-11-22 09:57:10+00:00,55.276367,11.072192,8362.311282575134,FEDERAL SUTTON,538004383,12.2
2025-11-22 09:57:11+00:00,55.257127,11.074847,10497.26035683926,ARC ENDEAVOR,366663000,10.9
2025-11-22 09:57:11+00:00,55.21947,11.097835,14882.41217852816,STAVFJORD,259888000,10.8
2025-11-22 09:57:11+00:00,55.21947,11.097835,14882.41217852816,STAVFJORD,259888000,10.8
2025-11-22 09:57:11+00:00,55.21947,11.097835,14882.41217852816,STAVFJORD,259888000,10.8
2025-11-22 09:57:11+00:00,55.21947,11.097835,14882.41217852816,STAVFJORD,259888000,10.8
2025-11-22 09:57:11+00:00,55.257127,11.074847,10497.26035683926,ARC ENDEAVOR,366663000,10.9
2025-11-22 09:57:11+00:00,55.257127,11.074847,10497.26035683926,ARC ENDEAVOR,366663000,10.9
2025-11-22 09:57:11+00:00,55.257127,11.074847,10497.26035683926,ARC ENDEAVOR,366663000,10.9
2025-11-22 09:57:11+00:00,55.257127,11.074847,10497.26035683926,ARC ENDEAVOR,366663000,10.9
2025-11-22 09:57:16+00:00,55.435882,10.970388,9902.252569705755,RESOLUTE BAY,232005179,12.3
2025-11-22 09:57:16+00:00,55.435882,10.970388,9902.252569705755,RESOLUTE BAY,232005179,12.3
2025-11-22 09:57:19+00:00,55.219018,11.097835,14931.808905736369,STAVFJORD,259888000,10.8
2025-11-22 09:57:19+00:00,55.219018,11.097835,14931.808905736369,STAVFJORD,259888000,10.8
2025-11-22 09:57:19+00:00,55.219018,11.097835,14931.808905736369,STAVFJORD,259888000,10.8
2025-11-22 09:57:19+00:00,55.219018,11.097835,14931.808905736369,STAVFJORD,259888000,10.8
2025-11-22 09:57:20+00:00,55.276937,11.071768,8295.628468797526,FEDERAL SUTTON,538004383,12.2
2025-11-22 09:57:20+00:00,55.276937,11.071768,8295.628468797526,FEDERAL SUTTON,538004383,12.2
2025-11-22 09:57:20+00:00,55.276937,11.071768,8295.628468797526,FEDERAL SUTTON,538004383,12.2
2025-11-22 09:57:20+00:00,55.276937,11.071768,8295.628468797526,FEDERAL SUTTON,538004383,12.2
2025-11-22 09:57:20+00:00,55.256717,11.075178,10546.102252567396,ARC ENDEAVOR,366663000,10.9
2025-11-22 09:57:20+00:00,55.294075,11.052995,6190.457710468868,DUSK,629009770,10.3
2025-11-22 09:57:20+00:00,55.294075,11.052995,6190.457710468868,DUSK,629009770,10.3
2025-11-22 09:57:20+00:00,55.276937,11.071768,8295.628468797526,FEDERAL SUTTON,538004383,12.2
2025-11-22 09:57:25+00:00,55.43631,10.969893,9952.009953877337,RESOLUTE BAY,232005179,12.3
2025-11-22 09:57:25+00:00,55.43631,10.969893,9952.009953877337,RESOLUTE BAY,232005179,12.3
2025-11-22 09:57:25+00:00,55.43631,10.969893,9952.009953877337,RESOLUTE BAY,232005179,12.3
2025-11-22 09:57:31+00:00,55.256212,11.075593,10606.366490614522,ARC ENDEAVOR,366663000,10.9
2025-11-22 09:57:31+00:00,55.256212,11.075593,10606.366490614522,ARC ENDEAVOR,366663000,10.9
2025-11-22 09:57:31+00:00,55.277453,11.071378,8235.239571347825,FEDERAL SUTTON,538004383,12.2
2025-11-22 09:57:31+00:00,55.256212,11.075593,10606.366490614522,ARC ENDEAVOR,366663000,10.9
2025-11-22 09:57:31+00:00,55.256212,11.075593,10606.366490614522,ARC ENDEAVOR,366663000,10.9
2025-11-22 09:57:31+00:00,55.256212,11.075593,10606.366490614522,ARC ENDEAVOR,366663000,10.9
2025-11-22 09:57:31+00:00,55.277453,11.071378,8235.239571347825,FEDERAL SUTTON,538004383,12.2
2025-11-22 09:57:31+00:00,55.277453,11.071378,8235.239571347825,FEDERAL SUTTON,538004383,12.2
2025-11-22 09:57:31+00:00,55.277453,11.071378,8235.239571347825,FEDERAL SUTTON,538004383,12.2
2025-11-22 09:57:31+00:00,55.294538,11.052528,6134.115522552891,DUSK,629009770,10.3
2025-11-22 09:57:31+00:00,55.294538,11.052528,6134.115522552891,DUSK,629009770,10.3
2025-11-22 09:57:31+00:00,55.218468,11.097805,14991.561903855249,STAVFJORD,259888000,10.8
2025-11-22 09:57:31+00:00,55.218468,11.097805,14991.561903855249,STAVFJORD,259888000,10.8
2025-11-22 09:57:31+00:00,55.218468,11.097805,14991.561903855249,STAVFJORD,259888000,10.8
2025-11-22 09:57:31+00:00,55.218468,11.097805,14991.561903855249,STAVFJORD,259888000,10.8
2025-11-22 09:57:36+00:00,55.436838,10.969288,10012.954317425267,RESOLUTE BAY,232005179,12.3
2025-11-22 09:57:36+00:00,55.436838,10.969288,10012.954317425267,RESOLUTE BAY,232005179,12.3
2025-11-22 09:57:36+00:00,55.436838,10.969288,10012.954317425267,RESOLUTE BAY,232005179,12.3
2025-11-22 09:57:40+00:00,55.294943,11.05216,6084.8569026746245,DUSK,629009770,10.3
2025-11-22 09:57:40+00:00,55.255798,11.075933,10655.784279182291,ARC ENDEAVOR,366663000,10.9
2025-11-22 09:57:40+00:00,55.255798,11.075933,10655.784279182291,ARC ENDEAVOR,366663000,10.9
2025-11-22 09:57:40+00:00,55.255798,11.075933,10655.784279182291,ARC ENDEAVOR,366663000,10.9
2025-11-22 09:57:40+00:00,55.255798,11.075933,10655.784279182291,ARC ENDEAVOR,366663000,10.9
2025-11-22 09:57:40+00:00,55.218018,11.097767,15040.298102440862,STAVFJORD,259888000,10.7
2025-11-22 09:57:40+00:00,55.218018,11.097767,15040.298102440862,STAVFJORD,259888000,10.7
2025-11-22 09:57:40+00:00,55.218018,11.097767,15040.298102440862,STAVFJORD,259888000,10.7
2025-11-22 09:57:40+00:00,55.218018,11.097767,15040.298102440862,STAVFJORD,259888000,10.7
2025-11-22 09:57:40+00:00,55.277917,11.071018,8180.303173774467,FEDERAL SUTTON,538004383,12.1
2025-11-22 09:57:40+00:00,55.277917,11.071018,8180.303173774467,FEDERAL SUTTON,538004383,12.1
2025-11-22 09:57:40+00:00,55.277917,11.071018,8180.303173774467,FEDERAL SUTTON,538004383,12.1
2025-11-22 09:57:40+00:00,55.277917,11.071018,8180.303173774467,FEDERAL SUTTON,538004383,12.1
2025-11-22 09:57:40+00:00,55.277917,11.071018,8180.303173774467,FEDERAL SUTTON,538004383,12.1
2025-11-22 09:57:40+00:00,55.277917,11.071018,8180.303173774467,FEDERAL SUTTON,538004383,12.1
2025-11-22 09:57:43+00:00,55.294943,11.05216,6084.8569026746245,DUSK,629009770,10.3
2025-11-22 09:57:43+00:00,55.294943,11.05216,6084.8569026746245,DUSK,629009770,10.3
2025-11-22 09:57:45+00:00,55.437267,10.968797,10062.022556193257,RESOLUTE BAY,232005179,12.3
2025-11-22 09:57:45+00:00,55.437267,10.968797,10062.022556193257,RESOLUTE BAY,232005179,12.3
2025-11-22 09:57:45+00:00,55.437267,10.968797,10062.022556193257,RESOLUTE BAY,232005179,12.3
2025-11-22 09:57:45+00:00,55.437267,10.968797,10062.022556193257,RESOLUTE BAY,232005179,12.3
2025-11-22 09:57:45+00:00,55.437267,10.968797,10062.022556193257,RESOLUTE BAY,232005179,12.3
2025-11-22 09:57:49+00:00,55.295285,11.051828,6042.973533411377,DUSK,629009770,10.2
2025-11-22 09:57:49+00:00,55.295285,11.051828,6042.973533411377,DUSK,629009770,10.2
2025-11-22 09:57:49+00:00,55.295285,11.051828,6042.973533411377,DUSK,629009770,10.2
2025-11-22 09:57:50+00:00,55.255293,11.076343,10716.024100220231,ARC ENDEAVOR,366663000,10.8
2025-11-22 09:57:50+00:00,55.255293,11.076343,10716.024100220231,ARC ENDEAVOR,366663000,10.8
2025-11-22 09:57:50+00:00,55.255293,11.076343,10716.024100220231,ARC ENDEAVOR,366663000,10.8
2025-11-22 09:57:50+00:00,55.255293,11.076343,10716.024100220231,ARC ENDEAVOR,366663000,10.8
2025-11-22 09:57:51+00:00,55.278477,11.070565,8113.565688523753,FEDERAL SUTTON,538004383,12.1
2025-11-22 09:57:51+00:00,55.278477,11.070565,8113.565688523753,FEDERAL SUTTON,538004383,12.1
2025-11-22 09:57:51+00:00,55.278477,11.070565,8113.565688523753,FEDERAL SUTTON,538004383,12.1
2025-11-22 09:57:51+00:00,55.278477,11.070565,8113.565688523753,FEDERAL SUTTON,538004383,12.1
2025-11-22 09:57:51+00:00,55.278477,11.070565,8113.565688523753,FEDERAL SUTTON,538004383,12.1
2025-11-22 09:57:51+00:00,55.278477,11.070565,8113.565688523753,FEDERAL SUTTON,538004383,12.1
2025-11-22 09:57:51+00:00,55.217467,11.097722,15100.003782421903,STAVFJORD,259888000,10.8
2025-11-22 09:57:51+00:00,55.217467,11.097722,15100.003782421903,STAVFJORD,259888000,10.8
2025-11-22 09:57:51+00:00,55.217467,11.097722,15100.003782421903,STAVFJORD,259888000,10.8
2025-11-22 09:57:51+00:00,55.217467,11.097722,15100.003782421903,STAVFJORD,259888000,10.8
2025-11-22 09:57:55+00:00,55.437743,10.968247,10116.553184724515,RESOLUTE BAY,232005179,12.3
2025-11-22 09:57:55+00:00,55.437743,10.968247,10116.553184724515,RESOLUTE BAY,232005179,12.3
2025-11-22 09:57:55+00:00,55.437743,10.968247,10116.553184724515,RESOLUTE BAY,232005179,12.3
2025-11-22 09:57:59+00:00,55.295753,11.051388,5985.901763600325,DUSK,629009770,10.2
2025-11-22 09:57:59+00:00,55.278887,11.07024,8064.805790649204,FEDERAL SUTTON,538004383,12.1
2025-11-22 09:57:59+00:00,55.278887,11.07024,8064.805790649204,FEDERAL SUTTON,538004383,12.1
2025-11-22 09:57:59+00:00,55.278887,11.07024,8064.805790649204,FEDERAL SUTTON,538004383,12.1
2025-11-22 09:57:59+00:00,55.278887,11.07024,8064.805790649204,FEDERAL SUTTON,538004383,12.1
2025-11-22 09:57:59+00:00,55.295753,11.051388,5985.901763600325,DUSK,629009770,10.2
2025-11-22 09:57:59+00:00,55.217017,11.097687,15148.796156430471,STAVFJORD,259888000,10.8
2025-11-22 09:57:59+00:00,55.217017,11.097687,15148.796156430471,STAVFJORD,259888000,10.8
2025-11-22 09:57:59+00:00,55.217017,11.097687,15148.796156430471,STAVFJORD,259888000,10.8
2025-11-22 09:57:59+00:00,55.217017,11.097687,15148.796156430471,STAVFJORD,259888000,10.8
2025-11-22 09:57:59+00:00,55.278887,11.07024,8064.805790649204,FEDERAL SUTTON,538004383,12.1
2025-11-22 09:58:01+00:00,55.254838,11.076713,10770.323860981072,ARC ENDEAVOR,366663000,10.8
2025-11-22 09:58:01+00:00,55.254838,11.076713,10770.323860981072,ARC ENDEAVOR,366663000,10.8
2025-11-22 09:58:01+00:00,55.254838,11.076713,10770.323860981072,ARC ENDEAVOR,366663000,10.8
2025-11-22 09:58:01+00:00,55.254838,11.076713,10770.323860981072,ARC ENDEAVOR,366663000,10.8
2025-11-22 09:58:01+00:00,55.254838,11.076713,10770.323860981072,ARC ENDEAVOR,366663000,10.8
2025-11-22 09:58:06+00:00,55.438272,10.967642,10177.221166417088,RESOLUTE BAY,232005179,12.3
2025-11-22 09:58:06+00:00,55.438272,10.967642,10177.221166417088,RESOLUTE BAY,232005179,12.3
2025-11-22 09:58:09+00:00,55.296128,11.051065,5940.618811532162,DUSK,629009770,10.2
2025-11-22 09:58:09+00:00,55.296128,11.051065,5940.618811532162,DUSK,629009770,10.2
2025-11-22 09:58:09+00:00,55.296128,11.051065,5940.618811532162,DUSK,629009770,10.2
2025-11-22 09:58:10+00:00,55.279398,11.06984,8004.1183919728655,FEDERAL SUTTON,538004383,12.1
2025-11-22 09:58:10+00:00,55.279398,11.06984,8004.1183919728655,FEDERAL SUTTON,538004383,12.1
2025-11-22 09:58:10+00:00,55.279398,11.06984,8004.1183919728655,FEDERAL SUTTON,538004383,12.1
2025-11-22 09:58:10+00:00,55.279398,11.06984,8004.1183919728655,FEDERAL SUTTON,538004383,12.1
2025-11-22 09:58:10+00:00,55.279398,11.06984,8004.1183919728655,FEDERAL SUTTON,538004383,12.1
2025-11-22 09:58:11+00:00,55.254383,11.077085,10824.663253659797,ARC ENDEAVOR,366663000,10.8
2025-11-22 09:58:11+00:00,55.254383,11.077085,10824.663253659797,ARC ENDEAVOR,366663000,10.8
2025-11-22 09:58:11+00:00,55.254383,11.077085,10824.663253659797,ARC ENDEAVOR,366663000,10.8
2025-11-22 09:58:11+00:00,55.254383,11.077085,10824.663253659797,ARC ENDEAVOR,366663000,10.8
2025-11-22 09:58:11+00:00,55.254383,11.077085,10824.663253659797,ARC ENDEAVOR,366663000,10.8
2025-11-22 09:58:11+00:00,55.216468,11.097637,15208.248297437678,STAVFJORD,259888000,10.8
2025-11-22 09:58:11+00:00,55.216468,11.097637,15208.248297437678,STAVFJORD,259888000,10.8
2025-11-22 09:58:11+00:00,55.216468,11.097637,15208.248297437678,STAVFJORD,259888000,10.8
2025-11-22 09:58:15+00:00,55.438702,10.967152,10226.273297430758,RESOLUTE BAY,232005179,12.3
2025-11-22 09:58:15+00:00,55.438702,10.967152,10226.273297430758,RESOLUTE BAY,232005179,12.3
2025-11-22 09:58:15+00:00,55.438702,10.967152,10226.273297430758,RESOLUTE BAY,232005179,12.3
2025-11-22 09:58:15+00:00,55.438702,10.967152,10226.273297430758,RESOLUTE BAY,232005179,12.3
2025-11-22 09:58:19+00:00,55.216005,11.097622,15258.718601609206,STAVFJORD,259888000,10.8
2025-11-22 09:58:19+00:00,55.216005,11.097622,15258.718601609206,STAVFJORD,259888000,10.8
2025-11-22 09:58:19+00:00,55.216005,11.097622,15258.718601609206,STAVFJORD,259888000,10.8
2025-11-22 09:58:19+00:00,55.216005,11.097622,15258.718601609206,STAVFJORD,259888000,10.8
2025-11-22 09:58:20+00:00,55.279963,11.069408,7937.169510791551,FEDERAL SUTTON,538004383,12.1
2025-11-22 09:58:20+00:00,55.279963,11.069408,7937.169510791551,FEDERAL SUTTON,538004383,12.1
2025-11-22 09:58:20+00:00,55.279963,11.069408,7937.169510791551,FEDERAL SUTTON,538004383,12.1
2025-11-22 09:58:20+00:00,55.279963,11.069408,7937.169510791551,FEDERAL SUTTON,538004383,12.1
2025-11-22 09:58:20+00:00,55.2966,11.05064,5883.3913023574005,DUSK,629009770,10.2
2025-11-22 09:58:20+00:00,55.279963,11.069408,7937.169510791551,FEDERAL SUTTON,538004383,12.1
2025-11-22 09:58:20+00:00,55.253975,11.077423,10873.458398500723,ARC ENDEAVOR,366663000,10.8
2025-11-22 09:58:20+00:00,55.253975,11.077423,10873.458398500723,ARC ENDEAVOR,366663000,10.8
2025-11-22 09:58:20+00:00,55.253975,11.077423,10873.458398500723,ARC ENDEAVOR,366663000,10.8
2025-11-22 09:58:20+00:00,55.253975,11.077423,10873.458398500723,ARC ENDEAVOR,366663000,10.8
2025-11-22 09:58:20+00:00,55.2966,11.05064,5883.3913023574005,DUSK,629009770,10.2
2025-11-22 09:58:26+00:00,55.43923,10.966552,10285.918925642394,RESOLUTE BAY,232005179,12.3
2025-11-22 09:58:26+00:00,55.43923,10.966552,10285.918925642394,RESOLUTE BAY,232005179,12.3
2025-11-22 09:58:26+00:00,55.43923,10.966552,10285.918925642394,RESOLUTE BAY,232005179,12.3
2025-11-22 09:58:26+00:00,55.43923,10.966552,10285.918925642394,RESOLUTE BAY,232005179,12.3
2025-11-22 09:58:30+00:00,55.25352,11.0778,10927.890904446016,ARC ENDEAVOR,366663000,10.8
2025-11-22 09:58:30+00:00,55.25352,11.0778,10927.890904446016,ARC ENDEAVOR,366663000,10.8
2025-11-22 09:58:30+00:00,55.25352,11.0778,10927.890904446016,ARC ENDEAVOR,366663000,10.8
2025-11-22 09:58:30+00:00,55.25352,11.0778,10927.890904446016,ARC ENDEAVOR,366663000,10.8
2025-11-22 09:58:30+00:00,55.25352,11.0778,10927.890904446016,ARC ENDEAVOR,366663000,10.8
2025-11-22 09:58:31+00:00,55.280532,11.068982,7869.59834146606,FEDERAL SUTTON,538004383,12.1
2025-11-22 09:58:31+00:00,55.280532,11.068982,7869.59834146606,FEDERAL SUTTON,538004383,12.1
2025-11-22 09:58:31+00:00,55.280532,11.068982,7869.59834146606,FEDERAL SUTTON,538004383,12.1
2025-11-22 09:58:31+00:00,55.280532,11.068982,7869.59834146606,FEDERAL SUTTON,538004383,12.1
2025-11-22 09:58:31+00:00,55.280532,11.068982,7869.59834146606,FEDERAL SUTTON,538004383,12.1
2025-11-22 09:58:31+00:00,55.297063,11.05022,5827.247799266179,DUSK,629009770,10.2
2025-11-22 09:58:31+00:00,55.280532,11.068982,7869.59834146606,FEDERAL SUTTON,538004383,12.1
2025-11-22 09:58:31+00:00,55.297063,11.05022,5827.247799266179,DUSK,629009770,10.2
2025-11-22 09:58:31+00:00,55.215452,11.09758,15318.726071145313,STAVFJORD,259888000,10.8
2025-11-22 09:58:31+00:00,55.215452,11.09758,15318.726071145313,STAVFJORD,259888000,10.8
2025-11-22 09:58:31+00:00,55.215452,11.09758,15318.726071145313,STAVFJORD,259888000,10.8
2025-11-22 09:58:31+00:00,55.215452,11.09758,15318.726071145313,STAVFJORD,259888000,10.8
2025-11-22 09:58:31+00:00,55.297063,11.05022,5827.247799266179,DUSK,629009770,10.2
2025-11-22 09:58:36+00:00,55.43971,10.966005,10340.257697988562,RESOLUTE BAY,232005179,12.3
2025-11-22 09:58:36+00:00,55.43971,10.966005,10340.257697988562,RESOLUTE BAY,232005179,12.3
2025-11-22 09:58:36+00:00,55.43971,10.966005,10340.257697988562,RESOLUTE BAY,232005179,12.3
2025-11-22 09:58:40+00:00,55.253063,11.078177,10982.557622800081,ARC ENDEAVOR,366663000,10.8
2025-11-22 09:58:40+00:00,55.253063,11.078177,10982.557622800081,ARC ENDEAVOR,366663000,10.8
2025-11-22 09:58:40+00:00,55.253063,11.078177,10982.557622800081,ARC ENDEAVOR,366663000,10.8
2025-11-22 09:58:40+00:00,55.29748,11.049835,5776.622051405999,DUSK,629009770,10.2
2025-11-22 09:58:40+00:00,55.29748,11.049835,5776.622051405999,DUSK,629009770,10.2
2025-11-22 09:58:40+00:00,55.253063,11.078177,10982.557622800081,ARC ENDEAVOR,366663000,10.8
2025-11-22 09:58:40+00:00,55.29748,11.049835,5776.622051405999,DUSK,629009770,10.2
2025-11-22 09:58:40+00:00,55.215005,11.09754,15367.169752989406,STAVFJORD,259888000,10.8
2025-11-22 09:58:40+00:00,55.253063,11.078177,10982.557622800081,ARC ENDEAVOR,366663000,10.8
2025-11-22 09:58:40+00:00,55.215005,11.09754,15367.169752989406,STAVFJORD,259888000,10.8
2025-11-22 09:58:40+00:00,55.215005,11.09754,15367.169752989406,STAVFJORD,259888000,10.8
2025-11-22 09:58:40+00:00,55.280993,11.068622,7814.646526957198,FEDERAL SUTTON,538004383,12.1
2025-11-22 09:58:40+00:00,55.280993,11.068622,7814.646526957198,FEDERAL SUTTON,538004383,12.1
2025-11-22 09:58:40+00:00,55.280993,11.068622,7814.646526957198,FEDERAL SUTTON,538004383,12.1
2025-11-22 09:58:40+00:00,55.280993,11.068622,7814.646526957198,FEDERAL SUTTON,538004383,12.1
2025-11-22 09:58:40+00:00,55.280993,11.068622,7814.646526957198,FEDERAL SUTTON,538004383,12.1
2025-11-22 09:58:40+00:00,55.215005,11.09754,15367.169752989406,STAVFJORD,259888000,10.8
2025-11-22 09:58:45+00:00,55.440143,10.965512,10389.36612283853,RESOLUTE BAY,232005179,12.3
2025-11-22 09:58:45+00:00,55.440143,10.965512,10389.36612283853,RESOLUTE BAY,232005179,12.3
2025-11-22 09:58:49+00:00,55.29781,11.049527,5736.536819205205,DUSK,629009770,10.2
2025-11-22 09:58:49+00:00,55.29781,11.049527,5736.536819205205,DUSK,629009770,10.2
2025-11-22 09:58:49+00:00,55.29781,11.049527,5736.536819205205,DUSK,629009770,10.2
2025-11-22 09:58:50+00:00,55.252563,11.078587,11042.35413837872,ARC ENDEAVOR,366663000,10.8
2025-11-22 09:58:50+00:00,55.252563,11.078587,11042.35413837872,ARC ENDEAVOR,366663000,10.8
2025-11-22 09:58:50+00:00,55.252563,11.078587,11042.35413837872,ARC ENDEAVOR,366663000,10.8
2025-11-22 09:58:50+00:00,55.252563,11.078587,11042.35413837872,ARC ENDEAVOR,366663000,10.8
2025-11-22 09:58:50+00:00,55.252563,11.078587,11042.35413837872,ARC ENDEAVOR,366663000,10.8
2025-11-22 09:58:51+00:00,55.281558,11.06818,7747.311765884727,FEDERAL SUTTON,538004383,12.1
2025-11-22 09:58:51+00:00,55.214453,11.097487,15426.963030898078,STAVFJORD,259888000,10.9
2025-11-22 09:58:51+00:00,55.281558,11.06818,7747.311765884727,FEDERAL SUTTON,538004383,12.1
2025-11-22 09:58:51+00:00,55.281558,11.06818,7747.311765884727,FEDERAL SUTTON,538004383,12.1
2025-11-22 09:58:51+00:00,55.281558,11.06818,7747.311765884727,FEDERAL SUTTON,538004383,12.1
2025-11-22 09:58:51+00:00,55.214453,11.097487,15426.963030898078,STAVFJORD,259888000,10.9
2025-11-22 09:58:51+00:00,55.214453,11.097487,15426.963030898078,STAVFJORD,259888000,10.9
2025-11-22 09:58:51+00:00,55.281558,11.06818,7747.311765884727,FEDERAL SUTTON,538004383,12.1
2025-11-22 09:58:51+00:00,55.214453,11.097487,15426.963030898078,STAVFJORD,259888000,10.9
2025-11-22 09:58:54+00:00,55.281558,11.06818,7747.311765884727,FEDERAL SUTTON,538004383,12.1
2025-11-22 09:58:54+00:00,55.281558,11.06818,7747.311765884727,FEDERAL SUTTON,538004383,12.1
2025-11-22 09:58:54+00:00,55.281558,11.06818,7747.311765884727,FEDERAL SUTTON,538004383,12.1
2025-11-22 09:58:55+00:00,55.440625,10.96496,10444.138796794605,RESOLUTE BAY,232005179,12.3
2025-11-22 09:58:55+00:00,55.440625,10.96496,10444.138796794605,RESOLUTE BAY,232005179,12.3
2025-11-22 09:58:59+00:00,55.28197,11.067863,7698.296985490897,FEDERAL SUTTON,538004383,12.1
2025-11-22 09:58:59+00:00,55.28197,11.067863,7698.296985490897,FEDERAL SUTTON,538004383,12.1
2025-11-22 09:58:59+00:00,55.28197,11.067863,7698.296985490897,FEDERAL SUTTON,538004383,12.1
2025-11-22 09:58:59+00:00,55.28197,11.067863,7698.296985490897,FEDERAL SUTTON,538004383,12.1
2025-11-22 09:58:59+00:00,55.28197,11.067863,7698.296985490897,FEDERAL SUTTON,538004383,12.1
2025-11-22 09:58:59+00:00,55.214,11.097443,15476.03690005267,STAVFJORD,259888000,10.9
2025-11-22 09:58:59+00:00,55.214,11.097443,15476.03690005267,STAVFJORD,259888000,10.9
2025-11-22 09:58:59+00:00,55.214,11.097443,15476.03690005267,STAVFJORD,259888000,10.9
2025-11-22 09:58:59+00:00,55.214,11.097443,15476.03690005267,STAVFJORD,259888000,10.9
2025-11-22 09:59:01+00:00,55.252108,11.078953,11096.692415532498,ARC ENDEAVOR,366663000,10.8
2025-11-22 09:59:01+00:00,55.252108,11.078953,11096.692415532498,ARC ENDEAVOR,366663000,10.8
2025-11-22 09:59:01+00:00,55.252108,11.078953,11096.692415532498,ARC ENDEAVOR,366663000,10.8
2025-11-22 09:59:01+00:00,55.252108,11.078953,11096.692415532498,ARC ENDEAVOR,366663000,10.8
2025-11-22 09:59:01+00:00,55.298297,11.04907,5677.388048360879,DUSK,629009770,10.2
2025-11-22 09:59:01+00:00,55.298297,11.04907,5677.388048360879,DUSK,629009770,10.2
2025-11-22 09:59:01+00:00,55.298297,11.04907,5677.388048360879,DUSK,629009770,10.2
2025-11-22 09:59:01+00:00,55.252108,11.078953,11096.692415532498,ARC ENDEAVOR,366663000,10.8
2025-11-22 09:59:06+00:00,55.441152,10.964352,10504.155888164867,RESOLUTE BAY,232005179,12.3
2025-11-22 09:59:10+00:00,55.298668,11.048742,5632.629312235008,DUSK,629009770,10.2
2025-11-22 09:59:10+00:00,55.282537,11.067433,7630.945385703382,FEDERAL SUTTON,538004383,12.1
2025-11-22 09:59:10+00:00,55.282537,11.067433,7630.945385703382,FEDERAL SUTTON,538004383,12.1
2025-11-22 09:59:10+00:00,55.282537,11.067433,7630.945385703382,FEDERAL SUTTON,538004383,12.1
2025-11-22 09:59:10+00:00,55.282537,11.067433,7630.945385703382,FEDERAL SUTTON,538004383,12.1
2025-11-22 09:59:10+00:00,55.282537,11.067433,7630.945385703382,FEDERAL SUTTON,538004383,12.1
2025-11-22 09:59:10+00:00,55.298668,11.048742,5632.629312235008,DUSK,629009770,10.2
2025-11-22 09:59:11+00:00,55.251655,11.079325,11150.260403507165,ARC ENDEAVOR,366663000,10.8
2025-11-22 09:59:11+00:00,55.251655,11.079325,11150.260403507165,ARC ENDEAVOR,366663000,10.8
2025-11-22 09:59:11+00:00,55.251655,11.079325,11150.260403507165,ARC ENDEAVOR,366663000,10.8
2025-11-22 09:59:11+00:00,55.251655,11.079325,11150.260403507165,ARC ENDEAVOR,366663000,10.8
2025-11-22 09:59:11+00:00,55.213447,11.097392,15535.98758380874,STAVFJORD,259888000,10.9
2025-11-22 09:59:11+00:00,55.213447,11.097392,15535.98758380874,STAVFJORD,259888000,10.9
2025-11-22 09:59:11+00:00,55.213447,11.097392,15535.98758380874,STAVFJORD,259888000,10.9
2025-11-22 09:59:11+00:00,55.213447,11.097392,15535.98758380874,STAVFJORD,259888000,10.9
2025-11-22 09:59:11+00:00,55.251655,11.079325,11150.260403507165,ARC ENDEAVOR,366663000,10.8
2025-11-22 09:59:15+00:00,55.441588,10.963855,10553.888925557061,RESOLUTE BAY,232005179,12.3
2025-11-22 09:59:15+00:00,55.441588,10.963855,10553.888925557061,RESOLUTE BAY,232005179,12.3
2025-11-22 09:59:19+00:00,55.213043,11.097355,15579.796528141762,STAVFJORD,259888000,10.9
2025-11-22 09:59:19+00:00,55.213043,11.097355,15579.796528141762,STAVFJORD,259888000,10.9
2025-11-22 09:59:19+00:00,55.213043,11.097355,15579.796528141762,STAVFJORD,259888000,10.9
2025-11-22 09:59:20+00:00,55.283052,11.067037,7569.723825491437,FEDERAL SUTTON,538004383,12.1
2025-11-22 09:59:20+00:00,55.283052,11.067037,7569.723825491437,FEDERAL SUTTON,538004383,12.1
2025-11-22 09:59:20+00:00,55.283052,11.067037,7569.723825491437,FEDERAL SUTTON,538004383,12.1
2025-11-22 09:59:20+00:00,55.283052,11.067037,7569.723825491437,FEDERAL SUTTON,538004383,12.1
2025-11-22 09:59:20+00:00,55.251203,11.0797,11203.59397927097,ARC ENDEAVOR,366663000,10.7
2025-11-22 09:59:20+00:00,55.299082,11.04837,5582.632107902629,DUSK,629009770,10.2
2025-11-22 09:59:20+00:00,55.299082,11.04837,5582.632107902629,DUSK,629009770,10.2
2025-11-22 09:59:20+00:00,55.251203,11.0797,11203.59397927097,ARC ENDEAVOR,366663000,10.7
2025-11-22 09:59:26+00:00,55.442118,10.96325,10614.457504520527,RESOLUTE BAY,232005179,12.3
2025-11-22 09:59:26+00:00,55.442118,10.96325,10614.457504520527,RESOLUTE BAY,232005179,12.3
2025-11-22 09:59:26+00:00,55.442118,10.96325,10614.457504520527,RESOLUTE BAY,232005179,12.3
2025-11-22 09:59:30+00:00,55.250795,11.080043,11251.798947072204,ARC ENDEAVOR,366663000,10.8
2025-11-22 09:59:30+00:00,55.250795,11.080043,11251.798947072204,ARC ENDEAVOR,366663000,10.8
2025-11-22 09:59:30+00:00,55.250795,11.080043,11251.798947072204,ARC ENDEAVOR,366663000,10.8
2025-11-22 09:59:30+00:00,55.250795,11.080043,11251.798947072204,ARC ENDEAVOR,366663000,10.8
2025-11-22 09:59:30+00:00,55.250795,11.080043,11251.798947072204,ARC ENDEAVOR,366663000,10.8
2025-11-22 09:59:30+00:00,55.299492,11.04799,5532.974108142339,DUSK,629009770,10.2
2025-11-22 09:59:30+00:00,55.299492,11.04799,5532.974108142339,DUSK,629009770,10.2
2025-11-22 09:59:30+00:00,55.299492,11.04799,5532.974108142339,DUSK,629009770,10.2
2025-11-22 09:59:31+00:00,55.283613,11.066588,7502.837773107567,FEDERAL SUTTON,538004383,12.2
2025-11-22 09:59:31+00:00,55.283613,11.066588,7502.837773107567,FEDERAL SUTTON,538004383,12.2
2025-11-22 09:59:31+00:00,55.283613,11.066588,7502.837773107567,FEDERAL SUTTON,538004383,12.2
2025-11-22 09:59:31+00:00,55.283613,11.066588,7502.837773107567,FEDERAL SUTTON,538004383,12.2
2025-11-22 09:59:31+00:00,55.212437,11.097302,15645.551575139623,STAVFJORD,259888000,10.9
2025-11-22 09:59:31+00:00,55.212437,11.097302,15645.551575139623,STAVFJORD,259888000,10.9
2025-11-22 09:59:31+00:00,55.212437,11.097302,15645.551575139623,STAVFJORD,259888000,10.9
2025-11-22 09:59:36+00:00,55.4426,10.962705,10669.629519297185,RESOLUTE BAY,232005179,12.3
2025-11-22 09:59:36+00:00,55.4426,10.962705,10669.629519297185,RESOLUTE BAY,232005179,12.3
2025-11-22 09:59:40+00:00,55.211978,11.09726,15695.345133020905,STAVFJORD,259888000,10.9
2025-11-22 09:59:40+00:00,55.2999,11.047605,5483.4852473717165,DUSK,629009770,10.1
2025-11-22 09:59:40+00:00,55.2999,11.047605,5483.4852473717165,DUSK,629009770,10.1
2025-11-22 09:59:40+00:00,55.2999,11.047605,5483.4852473717165,DUSK,629009770,10.1
2025-11-22 09:59:40+00:00,55.211978,11.09726,15695.345133020905,STAVFJORD,259888000,10.9
2025-11-22 09:59:40+00:00,55.211978,11.09726,15695.345133020905,STAVFJORD,259888000,10.9
2025-11-22 09:59:40+00:00,55.284075,11.066227,7447.885684231374,FEDERAL SUTTON,538004383,12.2
2025-11-22 09:59:40+00:00,55.211978,11.09726,15695.345133020905,STAVFJORD,259888000,10.9
2025-11-22 09:59:40+00:00,55.284075,11.066227,7447.885684231374,FEDERAL SUTTON,538004383,12.2
2025-11-22 09:59:40+00:00,55.284075,11.066227,7447.885684231374,FEDERAL SUTTON,538004383,12.2
2025-11-22 09:59:40+00:00,55.284075,11.066227,7447.885684231374,FEDERAL SUTTON,538004383,12.2
2025-11-22 09:59:40+00:00,55.284075,11.066227,7447.885684231374,FEDERAL SUTTON,538004383,12.2
2025-11-22 09:59:41+00:00,55.250298,11.080458,11310.51726181297,ARC ENDEAVOR,366663000,10.8
2025-11-22 09:59:41+00:00,55.250298,11.080458,11310.51726181297,ARC ENDEAVOR,366663000,10.8
2025-11-22 09:59:41+00:00,55.250298,11.080458,11310.51726181297,ARC ENDEAVOR,366663000,10.8
2025-11-22 09:59:41+00:00,55.250298,11.080458,11310.51726181297,ARC ENDEAVOR,366663000,10.8
2025-11-22 09:59:45+00:00,55.443033,10.962215,10719.275790768073,RESOLUTE BAY,232005179,12.3
2025-11-22 09:59:45+00:00,55.443033,10.962215,10719.275790768073,RESOLUTE BAY,232005179,12.3
2025-11-22 09:59:49+00:00,55.300273,11.047232,5438.0055105784295,DUSK,629009770,10.1
2025-11-22 09:59:49+00:00,55.300273,11.047232,5438.0055105784295,DUSK,629009770,10.1
2025-11-22 09:59:49+00:00,55.300273,11.047232,5438.0055105784295,DUSK,629009770,10.1
2025-11-22 09:59:50+00:00,55.249842,11.080838,11364.408014800129,ARC ENDEAVOR,366663000,10.8
2025-11-22 09:59:50+00:00,55.249842,11.080838,11364.408014800129,ARC ENDEAVOR,366663000,10.8
2025-11-22 09:59:50+00:00,55.249842,11.080838,11364.408014800129,ARC ENDEAVOR,366663000,10.8
2025-11-22 09:59:50+00:00,55.249842,11.080838,11364.408014800129,ARC ENDEAVOR,366663000,10.8
2025-11-22 09:59:50+00:00,55.249842,11.080838,11364.408014800129,ARC ENDEAVOR,366663000,10.8
2025-11-22 09:59:51+00:00,55.211417,11.097207,15756.19700155609,STAVFJORD,259888000,10.9
2025-11-22 09:59:51+00:00,55.211417,11.097207,15756.19700155609,STAVFJORD,259888000,10.9
2025-11-22 09:59:51+00:00,55.211417,11.097207,15756.19700155609,STAVFJORD,259888000,10.9
2025-11-22 09:59:51+00:00,55.211417,11.097207,15756.19700155609,STAVFJORD,259888000,10.9
2025-11-22 09:59:51+00:00,55.284642,11.065798,7380.646452316786,FEDERAL SUTTON,538004383,12.2
2025-11-22 09:59:51+00:00,55.284642,11.065798,7380.646452316786,FEDERAL SUTTON,538004383,12.2
2025-11-22 09:59:51+00:00,55.284642,11.065798,7380.646452316786,FEDERAL SUTTON,538004383,12.2
2025-11-22 09:59:51+00:00,55.284642,11.065798,7380.646452316786,FEDERAL SUTTON,538004383,12.2
2025-11-22 09:59:51+00:00,55.284642,11.065798,7380.646452316786,FEDERAL SUTTON,538004383,12.2
2025-11-22 09:59:56+00:00,55.44356,10.961618,10779.804848175865,RESOLUTE BAY,232005179,12.3
2025-11-22 09:59:59+00:00,55.210957,11.097162,15806.085825532275,STAVFJORD,259888000,10.9
2025-11-22 09:59:59+00:00,55.210957,11.097162,15806.085825532275,STAVFJORD,259888000,10.9
2025-11-22 09:59:59+00:00,55.210957,11.097162,15806.085825532275,STAVFJORD,259888000,10.9
2025-11-22 10:00:01+00:00,55.24939,11.08122,11417.901332073046,ARC ENDEAVOR,366663000,10.8
2025-11-22 10:00:01+00:00,55.24939,11.08122,11417.901332073046,ARC ENDEAVOR,366663000,10.8
2025-11-22 10:00:01+00:00,55.24939,11.08122,11417.901332073046,ARC ENDEAVOR,366663000,10.8
2025-11-22 10:00:01+00:00,55.24939,11.08122,11417.901332073046,ARC ENDEAVOR,366663000,10.8
2025-11-22 10:00:01+00:00,55.24939,11.08122,11417.901332073046,ARC ENDEAVOR,366663000,10.8
2025-11-22 10:00:01+00:00,55.285105,11.06546,7325.912495399767,FEDERAL SUTTON,538004383,12.2
2025-11-22 10:00:01+00:00,55.285105,11.06546,7325.912495399767,FEDERAL SUTTON,538004383,12.2
2025-11-22 10:00:01+00:00,55.285105,11.06546,7325.912495399767,FEDERAL SUTTON,538004383,12.2
2025-11-22 10:00:01+00:00,55.285105,11.06546,7325.912495399767,FEDERAL SUTTON,538004383,12.2
2025-11-22 10:00:01+00:00,55.285105,11.06546,7325.912495399767,FEDERAL SUTTON,538004383,12.2
2025-11-22 10:00:01+00:00,55.30076,11.046775,5379.065629024472,DUSK,629009770,10.1
2025-11-22 10:00:01+00:00,55.30076,11.046775,5379.065629024472,DUSK,629009770,10.1
2025-11-22 10:00:06+00:00,55.444042,10.961077,10835.24537862401,RESOLUTE BAY,232005179,12.3
2025-11-22 10:00:06+00:00,55.444042,10.961077,10835.24537862401,RESOLUTE BAY,232005179,12.3
2025-11-22 10:00:06+00:00,55.444042,10.961077,10835.24537862401,RESOLUTE BAY,232005179,12.3
2025-11-22 10:00:10+00:00,55.301137,11.046427,5333.5504384138385,DUSK,629009770,10.1
2025-11-22 10:00:10+00:00,55.301137,11.046427,5333.5504384138385,DUSK,629009770,10.1
2025-11-22 10:00:10+00:00,55.28557,11.06512,7270.950986485041,FEDERAL SUTTON,538004383,12.1
2025-11-22 10:00:10+00:00,55.28557,11.06512,7270.950986485041,FEDERAL SUTTON,538004383,12.1
2025-11-22 10:00:10+00:00,55.28557,11.06512,7270.950986485041,FEDERAL SUTTON,538004383,12.1
2025-11-22 10:00:10+00:00,55.28557,11.06512,7270.950986485041,FEDERAL SUTTON,538004383,12.1
2025-11-22 10:00:10+00:00,55.28557,11.06512,7270.950986485041,FEDERAL SUTTON,538004383,12.1
2025-11-22 10:00:11+00:00,55.248937,11.081603,11471.537314522637,ARC ENDEAVOR,366663000,10.8
2025-11-22 10:00:11+00:00,55.248937,11.081603,11471.537314522637,ARC ENDEAVOR,366663000,10.8
2025-11-22 10:00:11+00:00,55.248937,11.081603,11471.537314522637,ARC ENDEAVOR,366663000,10.8
2025-11-22 10:00:11+00:00,55.248937,11.081603,11471.537314522637,ARC ENDEAVOR,366663000,10.8
2025-11-22 10:00:11+00:00,55.210397,11.097125,15867.03163828492,STAVFJORD,259888000,10.9
2025-11-22 10:00:11+00:00,55.210397,11.097125,15867.03163828492,STAVFJORD,259888000,10.9
2025-11-22 10:00:11+00:00,55.210397,11.097125,15867.03163828492,STAVFJORD,259888000,10.9
2025-11-22 10:00:11+00:00,55.210397,11.097125,15867.03163828492,STAVFJORD,259888000,10.9
2025-11-22 10:00:11+00:00,55.248937,11.081603,11471.537314522637,ARC ENDEAVOR,366663000,10.8
2025-11-22 10:00:15+00:00,55.444475,10.960585,10885.148780576144,RESOLUTE BAY,232005179,12.3
2025-11-22 10:00:15+00:00,55.444475,10.960585,10885.148780576144,RESOLUTE BAY,232005179,12.3
2025-11-22 10:00:19+00:00,55.20999,11.09709,15911.2424891906,STAVFJORD,259888000,10.9
2025-11-22 10:00:19+00:00,55.20999,11.09709,15911.2424891906,STAVFJORD,259888000,10.9
2025-11-22 10:00:19+00:00,55.20999,11.09709,15911.2424891906,STAVFJORD,259888000,10.9
2025-11-22 10:00:20+00:00,55.28618,11.064635,7198.379497865745,FEDERAL SUTTON,538004383,12.1
2025-11-22 10:00:20+00:00,55.28618,11.064635,7198.379497865745,FEDERAL SUTTON,538004383,12.1
2025-11-22 10:00:20+00:00,55.28618,11.064635,7198.379497865745,FEDERAL SUTTON,538004383,12.1
2025-11-22 10:00:20+00:00,55.28618,11.064635,7198.379497865745,FEDERAL SUTTON,538004383,12.1
2025-11-22 10:00:20+00:00,55.248485,11.081992,11525.146724202512,ARC ENDEAVOR,366663000,10.8
2025-11-22 10:00:20+00:00,55.28618,11.064635,7198.379497865745,FEDERAL SUTTON,538004383,12.1
2025-11-22 10:00:20+00:00,55.248485,11.081992,11525.146724202512,ARC ENDEAVOR,366663000,10.8
2025-11-22 10:00:20+00:00,55.301558,11.046078,5282.958464413025,DUSK,629009770,10.1
2025-11-22 10:00:20+00:00,55.301558,11.046078,5282.958464413025,DUSK,629009770,10.1
2025-11-22 10:00:20+00:00,55.248485,11.081992,11525.146724202512,ARC ENDEAVOR,366663000,10.8
2025-11-22 10:00:20+00:00,55.248485,11.081992,11525.146724202512,ARC ENDEAVOR,366663000,10.8
2025-11-22 10:00:20+00:00,55.248485,11.081992,11525.146724202512,ARC ENDEAVOR,366663000,10.8
2025-11-22 10:00:26+00:00,55.445005,10.959987,10945.847031224945,RESOLUTE BAY,232005179,12.3
2025-11-22 10:00:26+00:00,55.445005,10.959987,10945.847031224945,RESOLUTE BAY,232005179,12.3
2025-11-22 10:00:30+00:00,55.30198,11.045727,5232.1057997404205,DUSK,629009770,10.1
2025-11-22 10:00:30+00:00,55.30198,11.045727,5232.1057997404205,DUSK,629009770,10.1
2025-11-22 10:00:30+00:00,55.248078,11.082337,11573.384970743266,ARC ENDEAVOR,366663000,10.7
2025-11-22 10:00:30+00:00,55.248078,11.082337,11573.384970743266,ARC ENDEAVOR,366663000,10.7
2025-11-22 10:00:30+00:00,55.248078,11.082337,11573.384970743266,ARC ENDEAVOR,366663000,10.7
2025-11-22 10:00:30+00:00,55.248078,11.082337,11573.384970743266,ARC ENDEAVOR,366663000,10.7
2025-11-22 10:00:30+00:00,55.248078,11.082337,11573.384970743266,ARC ENDEAVOR,366663000,10.7
2025-11-22 10:00:30+00:00,55.209375,11.096995,15977.59159122756,STAVFJORD,259888000,10.9
2025-11-22 10:00:30+00:00,55.30198,11.045727,5232.1057997404205,DUSK,629009770,10.1
2025-11-22 10:00:31+00:00,55.286688,11.06423,7137.949518170867,FEDERAL SUTTON,538004383,12.1
2025-11-22 10:00:31+00:00,55.286688,11.06423,7137.949518170867,FEDERAL SUTTON,538004383,12.1
2025-11-22 10:00:31+00:00,55.286688,11.06423,7137.949518170867,FEDERAL SUTTON,538004383,12.1
2025-11-22 10:00:31+00:00,55.286688,11.06423,7137.949518170867,FEDERAL SUTTON,538004383,12.1
2025-11-22 10:00:31+00:00,55.209375,11.096995,15977.59159122756,STAVFJORD,259888000,10.9
2025-11-22 10:00:31+00:00,55.209375,11.096995,15977.59159122756,STAVFJORD,259888000,10.9
2025-11-22 10:00:31+00:00,55.209375,11.096995,15977.59159122756,STAVFJORD,259888000,10.9
2025-11-22 10:00:36+00:00,55.445485,10.959445,11000.88326582633,RESOLUTE BAY,232005179,12.3
2025-11-22 10:00:36+00:00,55.445485,10.959445,11000.88326582633,RESOLUTE BAY,232005179,12.3
2025-11-22 10:00:40+00:00,55.302402,11.045372,5181.218202495767,DUSK,629009770,10.1
2025-11-22 10:00:40+00:00,55.287148,11.063872,7083.35935191293,FEDERAL SUTTON,538004383,12.1
2025-11-22 10:00:40+00:00,55.287148,11.063872,7083.35935191293,FEDERAL SUTTON,538004383,12.1
2025-11-22 10:00:40+00:00,55.287148,11.063872,7083.35935191293,FEDERAL SUTTON,538004383,12.1
2025-11-22 10:00:40+00:00,55.20892,11.096908,16026.507167437447,STAVFJORD,259888000,10.9
2025-11-22 10:00:40+00:00,55.20892,11.096908,16026.507167437447,STAVFJORD,259888000,10.9
2025-11-22 10:00:40+00:00,55.20892,11.096908,16026.507167437447,STAVFJORD,259888000,10.9
2025-11-22 10:00:40+00:00,55.20892,11.096908,16026.507167437447,STAVFJORD,259888000,10.9
2025-11-22 10:00:40+00:00,55.20892,11.096908,16026.507167437447,STAVFJORD,259888000,10.9
2025-11-22 10:00:41+00:00,55.247578,11.08275,11632.558383045422,ARC ENDEAVOR,366663000,10.7
2025-11-22 10:00:41+00:00,55.247578,11.08275,11632.558383045422,ARC ENDEAVOR,366663000,10.7
2025-11-22 10:00:41+00:00,55.247578,11.08275,11632.558383045422,ARC ENDEAVOR,366663000,10.7
2025-11-22 10:00:45+00:00,55.445915,10.958958,11050.268683223054,RESOLUTE BAY,232005179,12.3
2025-11-22 10:00:45+00:00,55.445915,10.958958,11050.268683223054,RESOLUTE BAY,232005179,12.3
2025-11-22 10:00:49+00:00,55.302773,11.045038,5136.1874526805495,DUSK,629009770,10.1
2025-11-22 10:00:49+00:00,55.302773,11.045038,5136.1874526805495,DUSK,629009770,10.1
2025-11-22 10:00:49+00:00,55.302773,11.045038,5136.1874526805495,DUSK,629009770,10.1
2025-11-22 10:00:50+00:00,55.208418,11.096788,16080.22622847948,STAVFJORD,259888000,10.9
2025-11-22 10:00:50+00:00,55.208418,11.096788,16080.22622847948,STAVFJORD,259888000,10.9
2025-11-22 10:00:50+00:00,55.208418,11.096788,16080.22622847948,STAVFJORD,259888000,10.9
2025-11-22 10:00:51+00:00,55.287708,11.063433,7016.576488339424,FEDERAL SUTTON,538004383,12.1
2025-11-22 10:00:51+00:00,55.287708,11.063433,7016.576488339424,FEDERAL SUTTON,538004383,12.1
2025-11-22 10:00:51+00:00,55.287708,11.063433,7016.576488339424,FEDERAL SUTTON,538004383,12.1
2025-11-22 10:00:51+00:00,55.287708,11.063433,7016.576488339424,FEDERAL SUTTON,538004383,12.1
2025-11-22 10:00:51+00:00,55.247128,11.08313,11685.92166159954,ARC ENDEAVOR,366663000,10.7
2025-11-22 10:00:51+00:00,55.247128,11.08313,11685.92166159954,ARC ENDEAVOR,366663000,10.7
2025-11-22 10:00:51+00:00,55.247128,11.08313,11685.92166159954,ARC ENDEAVOR,366663000,10.7
2025-11-22 10:00:51+00:00,55.247128,11.08313,11685.92166159954,ARC ENDEAVOR,366663000,10.7
2025-11-22 10:00:51+00:00,55.247128,11.08313,11685.92166159954,ARC ENDEAVOR,366663000,10.7
2025-11-22 10:00:56+00:00,55.446443,10.958367,11110.983886421212,RESOLUTE BAY,232005179,12.3
2025-11-22 10:00:56+00:00,55.446443,10.958367,11110.983886421212,RESOLUTE BAY,232005179,12.3
2025-11-22 10:00:58+00:00,55.20797,11.096647,16127.811663197344,STAVFJORD,259888000,10.9
2025-11-22 10:00:58+00:00,55.20797,11.096647,16127.811663197344,STAVFJORD,259888000,10.9
2025-11-22 10:00:58+00:00,55.20797,11.096647,16127.811663197344,STAVFJORD,259888000,10.9
2025-11-22 10:00:58+00:00,55.20797,11.096647,16127.811663197344,STAVFJORD,259888000,10.9
2025-11-22 10:01:00+00:00,55.207922,11.096628,16132.868722742562,STAVFJORD,259888000,10.9
2025-11-22 10:01:00+00:00,55.207922,11.096628,16132.868722742562,STAVFJORD,259888000,10.9
2025-11-22 10:01:00+00:00,55.207922,11.096628,16132.868722742562,STAVFJORD,259888000,10.9
2025-11-22 10:01:00+00:00,55.207922,11.096628,16132.868722742562,STAVFJORD,259888000,10.9
2025-11-22 10:01:00+00:00,55.207922,11.096628,16132.868722742562,STAVFJORD,259888000,10.9
2025-11-22 10:01:01+00:00,55.24668,11.08351,11739.086256690423,ARC ENDEAVOR,366663000,10.7
2025-11-22 10:01:01+00:00,55.24668,11.08351,11739.086256690423,ARC ENDEAVOR,366663000,10.7
2025-11-22 10:01:01+00:00,55.24668,11.08351,11739.086256690423,ARC ENDEAVOR,366663000,10.7
2025-11-22 10:01:01+00:00,55.24668,11.08351,11739.086256690423,ARC ENDEAVOR,366663000,10.7
2025-11-22 10:01:01+00:00,55.24668,11.08351,11739.086256690423,ARC ENDEAVOR,366663000,10.7
2025-11-22 10:01:01+00:00,55.288217,11.063032,6955.674522875582,FEDERAL SUTTON,538004383,12.1
2025-11-22 10:01:01+00:00,55.288217,11.063032,6955.674522875582,FEDERAL SUTTON,538004383,12.1
2025-11-22 10:01:01+00:00,55.288217,11.063032,6955.674522875582,FEDERAL SUTTON,538004383,12.1
2025-11-22 10:01:01+00:00,55.288217,11.063032,6955.674522875582,FEDERAL SUTTON,538004383,12.1
2025-11-22 10:01:01+00:00,55.303273,11.04461,5075.851562088732,DUSK,629009770,10.1
2025-11-22 10:01:01+00:00,55.288217,11.063032,6955.674522875582,FEDERAL SUTTON,538004383,12.1
2025-11-22 10:01:04+00:00,55.207725,11.09655,16153.626384086592,STAVFJORD,259888000,10.9
2025-11-22 10:01:04+00:00,55.207725,11.09655,16153.626384086592,STAVFJORD,259888000,10.9
2025-11-22 10:01:04+00:00,55.207725,11.09655,16153.626384086592,STAVFJORD,259888000,10.9
2025-11-22 10:01:06+00:00,55.44692,10.957825,11165.951680490078,RESOLUTE BAY,232005179,12.3
2025-11-22 10:01:06+00:00,55.44692,10.957825,11165.951680490078,RESOLUTE BAY,232005179,12.3
2025-11-22 10:01:06+00:00,55.207628,11.096505,16163.777216531156,STAVFJORD,259888000,10.8
2025-11-22 10:01:06+00:00,55.207628,11.096505,16163.777216531156,STAVFJORD,259888000,10.8
2025-11-22 10:01:06+00:00,55.207628,11.096505,16163.777216531156,STAVFJORD,259888000,10.8
2025-11-22 10:01:06+00:00,55.207628,11.096505,16163.777216531156,STAVFJORD,259888000,10.8
2025-11-22 10:01:06+00:00,55.207628,11.096505,16163.777216531156,STAVFJORD,259888000,10.8
2025-11-22 10:01:08+00:00,55.207628,11.096505,16163.777216531156,STAVFJORD,259888000,10.8
2025-11-22 10:01:08+00:00,55.207628,11.096505,16163.777216531156,STAVFJORD,259888000,10.8
2025-11-22 10:01:08+00:00,55.207628,11.096505,16163.777216531156,STAVFJORD,259888000,10.8
2025-11-22 10:01:08+00:00,55.207628,11.096505,16163.777216531156,STAVFJORD,259888000,10.8
2025-11-22 10:01:08+00:00,55.207628,11.096505,16163.777216531156,STAVFJORD,259888000,10.8
2025-11-22 10:01:10+00:00,55.288677,11.062673,6900.70153472041,FEDERAL SUTTON,538004383,12.1
2025-11-22 10:01:10+00:00,55.288677,11.062673,6900.70153472041,FEDERAL SUTTON,538004383,12.1
2025-11-22 10:01:10+00:00,55.288677,11.062673,6900.70153472041,FEDERAL SUTTON,538004383,12.1
2025-11-22 10:01:10+00:00,55.288677,11.062673,6900.70153472041,FEDERAL SUTTON,538004383,12.1
2025-11-22 10:01:10+00:00,55.288677,11.062673,6900.70153472041,FEDERAL SUTTON,538004383,12.1
2025-11-22 10:01:11+00:00,55.246225,11.083897,11793.11400292724,ARC ENDEAVOR,366663000,10.7
2025-11-22 10:01:11+00:00,55.246225,11.083897,11793.11400292724,ARC ENDEAVOR,366663000,10.7
2025-11-22 10:01:11+00:00,55.246225,11.083897,11793.11400292724,ARC ENDEAVOR,366663000,10.7
2025-11-22 10:01:11+00:00,55.246225,11.083897,11793.11400292724,ARC ENDEAVOR,366663000,10.7
2025-11-22 10:01:11+00:00,55.20739,11.096385,16188.585343059865,STAVFJORD,259888000,10.7
2025-11-22 10:01:11+00:00,55.20739,11.096385,16188.585343059865,STAVFJORD,259888000,10.7
2025-11-22 10:01:11+00:00,55.20739,11.096385,16188.585343059865,STAVFJORD,259888000,10.7
2025-11-22 10:01:11+00:00,55.20739,11.096385,16188.585343059865,STAVFJORD,259888000,10.7
2025-11-22 10:01:11+00:00,55.246225,11.083897,11793.11400292724,ARC ENDEAVOR,366663000,10.7
2025-11-22 10:01:12+00:00,55.207298,11.096327,16198.052029961891,STAVFJORD,259888000,10.7
2025-11-22 10:01:12+00:00,55.207298,11.096327,16198.052029961891,STAVFJORD,259888000,10.7
2025-11-22 10:01:15+00:00,55.447352,10.957337,11215.795456525942,RESOLUTE BAY,232005179,12.3
2025-11-22 10:01:15+00:00,55.447352,10.957337,11215.795456525942,RESOLUTE BAY,232005179,12.3
2025-11-22 10:01:16+00:00,55.207112,11.096207,16217.167172515694,STAVFJORD,259888000,10.6
2025-11-22 10:01:16+00:00,55.207112,11.096207,16217.167172515694,STAVFJORD,259888000,10.6
2025-11-22 10:01:16+00:00,55.207112,11.096207,16217.167172515694,STAVFJORD,259888000,10.6
2025-11-22 10:01:16+00:00,55.207112,11.096207,16217.167172515694,STAVFJORD,259888000,10.6
2025-11-22 10:01:16+00:00,55.207112,11.096207,16217.167172515694,STAVFJORD,259888000,10.6
2025-11-22 10:01:19+00:00,55.20702,11.096145,16226.596349077281,STAVFJORD,259888000,10.6
2025-11-22 10:01:19+00:00,55.20702,11.096145,16226.596349077281,STAVFJORD,259888000,10.6
2025-11-22 10:01:19+00:00,55.20702,11.096145,16226.596349077281,STAVFJORD,259888000,10.6
2025-11-22 10:01:20+00:00,55.245778,11.084282,11846.263682780456,ARC ENDEAVOR,366663000,10.7
2025-11-22 10:01:20+00:00,55.245778,11.084282,11846.263682780456,ARC ENDEAVOR,366663000,10.7
2025-11-22 10:01:20+00:00,55.245778,11.084282,11846.263682780456,ARC ENDEAVOR,366663000,10.7
2025-11-22 10:01:20+00:00,55.245778,11.084282,11846.263682780456,ARC ENDEAVOR,366663000,10.7
2025-11-22 10:01:20+00:00,55.304085,11.043995,4979.061236423801,DUSK,629009770,10.1
2025-11-22 10:01:20+00:00,55.304085,11.043995,4979.061236423801,DUSK,629009770,10.1
2025-11-22 10:01:20+00:00,55.304085,11.043995,4979.061236423801,DUSK,629009770,10.1
2025-11-22 10:01:20+00:00,55.245778,11.084282,11846.263682780456,ARC ENDEAVOR,366663000,10.7
2025-11-22 10:01:21+00:00,55.289187,11.062278,6839.815593284051,FEDERAL SUTTON,538004383,12.1
2025-11-22 10:01:21+00:00,55.289187,11.062278,6839.815593284051,FEDERAL SUTTON,538004383,12.1
2025-11-22 10:01:21+00:00,55.289187,11.062278,6839.815593284051,FEDERAL SUTTON,538004383,12.1
2025-11-22 10:01:21+00:00,55.289187,11.062278,6839.815593284051,FEDERAL SUTTON,538004383,12.1
2025-11-22 10:01:21+00:00,55.289187,11.062278,6839.815593284051,FEDERAL SUTTON,538004383,12.1
2025-11-22 10:01:24+00:00,55.20679,11.09599,16250.177761303927,STAVFJORD,259888000,10.6
2025-11-22 10:01:24+00:00,55.20679,11.09599,16250.177761303927,STAVFJORD,259888000,10.6
2025-11-22 10:01:24+00:00,55.20679,11.09599,16250.177761303927,STAVFJORD,259888000,10.6
2025-11-22 10:01:24+00:00,55.20679,11.09599,16250.177761303927,STAVFJORD,259888000,10.6
2025-11-22 10:01:24+00:00,55.20679,11.09599,16250.177761303927,STAVFJORD,259888000,10.6
2025-11-22 10:01:25+00:00,55.44783,10.956792,11271.047973851024,RESOLUTE BAY,232005179,12.3
2025-11-22 10:01:25+00:00,55.44783,10.956792,11271.047973851024,RESOLUTE BAY,232005179,12.3
2025-11-22 10:01:25+00:00,55.44783,10.956792,11271.047973851024,RESOLUTE BAY,232005179,12.3
2025-11-22 10:01:26+00:00,55.206653,11.095897,16264.222640528249,STAVFJORD,259888000,10.6
2025-11-22 10:01:26+00:00,55.206653,11.095897,16264.222640528249,STAVFJORD,259888000,10.6
2025-11-22 10:01:26+00:00,55.206653,11.095897,16264.222640528249,STAVFJORD,259888000,10.6
2025-11-22 10:01:26+00:00,55.206653,11.095897,16264.222640528249,STAVFJORD,259888000,10.6
2025-11-22 10:01:30+00:00,55.245375,11.084623,11894.134265215858,ARC ENDEAVOR,366663000,10.7
2025-11-22 10:01:30+00:00,55.245375,11.084623,11894.134265215858,ARC ENDEAVOR,366663000,10.7
2025-11-22 10:01:30+00:00,55.245375,11.084623,11894.134265215858,ARC ENDEAVOR,366663000,10.7
2025-11-22 10:01:30+00:00,55.245375,11.084623,11894.134265215858,ARC ENDEAVOR,366663000,10.7
2025-11-22 10:01:30+00:00,55.304512,11.043677,4928.264188766166,DUSK,629009770,10.0
2025-11-22 10:01:30+00:00,55.304512,11.043677,4928.264188766166,DUSK,629009770,10.0
2025-11-22 10:01:30+00:00,55.304512,11.043677,4928.264188766166,DUSK,629009770,10.0
2025-11-22 10:01:31+00:00,55.20647,11.095763,16282.886424297409,STAVFJORD,259888000,10.6
2025-11-22 10:01:31+00:00,55.20647,11.095763,16282.886424297409,STAVFJORD,259888000,10.6
2025-11-22 10:01:31+00:00,55.20647,11.095763,16282.886424297409,STAVFJORD,259888000,10.6
2025-11-22 10:01:31+00:00,55.20647,11.095763,16282.886424297409,STAVFJORD,259888000,10.6
2025-11-22 10:01:31+00:00,55.20647,11.095763,16282.886424297409,STAVFJORD,259888000,10.6
2025-11-22 10:01:31+00:00,55.289747,11.061842,6772.954201462653,FEDERAL SUTTON,538004383,12.1
2025-11-22 10:01:31+00:00,55.289747,11.061842,6772.954201462653,FEDERAL SUTTON,538004383,12.1
2025-11-22 10:01:31+00:00,55.289747,11.061842,6772.954201462653,FEDERAL SUTTON,538004383,12.1
2025-11-22 10:01:36+00:00,55.448357,10.95619,11332.06852323062,RESOLUTE BAY,232005179,12.3
2025-11-22 10:01:36+00:00,55.448357,10.95619,11332.06852323062,RESOLUTE BAY,232005179,12.3
2025-11-22 10:01:37+00:00,55.245375,11.084623,11894.134265215858,ARC ENDEAVOR,366663000,10.7
2025-11-22 10:01:40+00:00,55.206065,11.095452,16324.070169824918,STAVFJORD,259888000,10.6
2025-11-22 10:01:40+00:00,55.206065,11.095452,16324.070169824918,STAVFJORD,259888000,10.6
2025-11-22 10:01:40+00:00,55.304935,11.04335,4877.7969612425095,DUSK,629009770,10.0
2025-11-22 10:01:40+00:00,55.290205,11.061485,6718.285821389145,FEDERAL SUTTON,538004383,12.1
2025-11-22 10:01:40+00:00,55.206065,11.095452,16324.070169824918,STAVFJORD,259888000,10.6
2025-11-22 10:01:40+00:00,55.290205,11.061485,6718.285821389145,FEDERAL SUTTON,538004383,12.1
2025-11-22 10:01:40+00:00,55.290205,11.061485,6718.285821389145,FEDERAL SUTTON,538004383,12.1
2025-11-22 10:01:40+00:00,55.290205,11.061485,6718.285821389145,FEDERAL SUTTON,538004383,12.1
2025-11-22 10:01:40+00:00,55.290205,11.061485,6718.285821389145,FEDERAL SUTTON,538004383,12.1
2025-11-22 10:01:41+00:00,55.24488,11.085043,11952.96749110519,ARC ENDEAVOR,366663000,10.7
2025-11-22 10:01:41+00:00,55.24488,11.085043,11952.96749110519,ARC ENDEAVOR,366663000,10.7
2025-11-22 10:01:41+00:00,55.24488,11.085043,11952.96749110519,ARC ENDEAVOR,366663000,10.7
2025-11-22 10:01:45+00:00,55.448787,10.955693,11381.959237889072,RESOLUTE BAY,232005179,12.3
2025-11-22 10:01:45+00:00,55.448787,10.955693,11381.959237889072,RESOLUTE BAY,232005179,12.3
2025-11-22 10:01:49+00:00,55.305323,11.04308,4831.929871817324,DUSK,629009770,10.0
2025-11-22 10:01:49+00:00,55.305323,11.04308,4831.929871817324,DUSK,629009770,10.0
2025-11-22 10:01:49+00:00,55.305323,11.04308,4831.929871817324,DUSK,629009770,10.0
2025-11-22 10:01:50+00:00,55.205637,11.095043,16366.807194805464,STAVFJORD,259888000,10.5
2025-11-22 10:01:50+00:00,55.205637,11.095043,16366.807194805464,STAVFJORD,259888000,10.5
2025-11-22 10:01:50+00:00,55.290717,11.061085,6657.181924255676,FEDERAL SUTTON,538004383,12.1
2025-11-22 10:01:50+00:00,55.290717,11.061085,6657.181924255676,FEDERAL SUTTON,538004383,12.1
2025-11-22 10:01:50+00:00,55.290717,11.061085,6657.181924255676,FEDERAL SUTTON,538004383,12.1
2025-11-22 10:01:50+00:00,55.290717,11.061085,6657.181924255676,FEDERAL SUTTON,538004383,12.1
2025-11-22 10:01:50+00:00,55.290717,11.061085,6657.181924255676,FEDERAL SUTTON,538004383,12.1
2025-11-22 10:01:51+00:00,55.24443,11.085427,12006.496849542496,ARC ENDEAVOR,366663000,10.7
2025-11-22 10:01:51+00:00,55.24443,11.085427,12006.496849542496,ARC ENDEAVOR,366663000,10.7
2025-11-22 10:01:51+00:00,55.24443,11.085427,12006.496849542496,ARC ENDEAVOR,366663000,10.7
2025-11-22 10:01:51+00:00,55.24443,11.085427,12006.496849542496,ARC ENDEAVOR,366663000,10.7
2025-11-22 10:01:51+00:00,55.24443,11.085427,12006.496849542496,ARC ENDEAVOR,366663000,10.7
2025-11-22 10:01:56+00:00,55.44931,10.955087,11442.721431886126,RESOLUTE BAY,232005179,12.3
2025-11-22 10:01:59+00:00,55.205232,11.094592,16406.65518742087,STAVFJORD,259888000,10.4
2025-11-22 10:01:59+00:00,55.205232,11.094592,16406.65518742087,STAVFJORD,259888000,10.4
2025-11-22 10:01:59+00:00,55.205232,11.094592,16406.65518742087,STAVFJORD,259888000,10.4
2025-11-22 10:02:01+00:00,55.243983,11.085812,12059.728132776812,ARC ENDEAVOR,366663000,10.7
2025-11-22 10:02:01+00:00,55.243983,11.085812,12059.728132776812,ARC ENDEAVOR,366663000,10.7
2025-11-22 10:02:01+00:00,55.243983,11.085812,12059.728132776812,ARC ENDEAVOR,366663000,10.7
2025-11-22 10:02:01+00:00,55.291278,11.060642,6590.1953367128735,FEDERAL SUTTON,538004383,12.1
2025-11-22 10:02:01+00:00,55.291278,11.060642,6590.1953367128735,FEDERAL SUTTON,538004383,12.1
2025-11-22 10:02:01+00:00,55.291278,11.060642,6590.1953367128735,FEDERAL SUTTON,538004383,12.1
2025-11-22 10:02:01+00:00,55.291278,11.060642,6590.1953367128735,FEDERAL SUTTON,538004383,12.1
2025-11-22 10:02:01+00:00,55.30585,11.042768,4770.38612403079,DUSK,629009770,10.0
2025-11-22 10:02:01+00:00,55.30585,11.042768,4770.38612403079,DUSK,629009770,10.0
2025-11-22 10:02:01+00:00,55.243983,11.085812,12059.728132776812,ARC ENDEAVOR,366663000,10.7
2025-11-22 10:02:01+00:00,55.291278,11.060642,6590.1953367128735,FEDERAL SUTTON,538004383,12.1
2025-11-22 10:02:01+00:00,55.243983,11.085812,12059.728132776812,ARC ENDEAVOR,366663000,10.7
2025-11-22 10:02:06+00:00,55.449787,10.954535,11498.192563728777,RESOLUTE BAY,232005179,12.3
2025-11-22 10:02:06+00:00,55.449787,10.954535,11498.192563728777,RESOLUTE BAY,232005179,12.3
2025-11-22 10:02:09+00:00,55.449787,10.954535,11498.192563728777,RESOLUTE BAY,232005179,12.3
2025-11-22 10:02:10+00:00,55.306247,11.042543,4724.1651520513715,DUSK,629009770,10.0
2025-11-22 10:02:10+00:00,55.306247,11.042543,4724.1651520513715,DUSK,629009770,10.0
2025-11-22 10:02:11+00:00,55.243537,11.086197,12112.869759818104,ARC ENDEAVOR,366663000,10.7
2025-11-22 10:02:11+00:00,55.243537,11.086197,12112.869759818104,ARC ENDEAVOR,366663000,10.7
2025-11-22 10:02:11+00:00,55.243537,11.086197,12112.869759818104,ARC ENDEAVOR,366663000,10.7
2025-11-22 10:02:11+00:00,55.243537,11.086197,12112.869759818104,ARC ENDEAVOR,366663000,10.7
2025-11-22 10:02:11+00:00,55.243537,11.086197,12112.869759818104,ARC ENDEAVOR,366663000,10.7
2025-11-22 10:02:11+00:00,55.291788,11.060242,6529.361769946364,FEDERAL SUTTON,538004383,12.1
2025-11-22 10:02:11+00:00,55.291788,11.060242,6529.361769946364,FEDERAL SUTTON,538004383,12.1
2025-11-22 10:02:11+00:00,55.291788,11.060242,6529.361769946364,FEDERAL SUTTON,538004383,12.1
2025-11-22 10:02:11+00:00,55.291788,11.060242,6529.361769946364,FEDERAL SUTTON,538004383,12.1
2025-11-22 10:02:11+00:00,55.291788,11.060242,6529.361769946364,FEDERAL SUTTON,538004383,12.1
2025-11-22 10:02:11+00:00,55.2048,11.09406,16448.73096403893,STAVFJORD,259888000,10.4
2025-11-22 10:02:11+00:00,55.2048,11.09406,16448.73096403893,STAVFJORD,259888000,10.4
2025-11-22 10:02:11+00:00,55.2048,11.09406,16448.73096403893,STAVFJORD,259888000,10.4
2025-11-22 10:02:15+00:00,55.450262,10.953983,11553.525248848204,RESOLUTE BAY,232005179,12.3
2025-11-22 10:02:15+00:00,55.450262,10.953983,11553.525248848204,RESOLUTE BAY,232005179,12.3
2025-11-22 10:02:19+00:00,55.204488,11.093665,16477.96919832906,STAVFJORD,259888000,10.4
2025-11-22 10:02:19+00:00,55.204488,11.093665,16477.96919832906,STAVFJORD,259888000,10.4
2025-11-22 10:02:20+00:00,55.306663,11.042253,4675.014138487452,DUSK,629009770,10.0
2025-11-22 10:02:20+00:00,55.306663,11.042253,4675.014138487452,DUSK,629009770,10.0
2025-11-22 10:02:20+00:00,55.243085,11.086577,12166.633176874522,ARC ENDEAVOR,366663000,10.7
2025-11-22 10:02:20+00:00,55.243085,11.086577,12166.633176874522,ARC ENDEAVOR,366663000,10.7
2025-11-22 10:02:20+00:00,55.243085,11.086577,12166.633176874522,ARC ENDEAVOR,366663000,10.7
2025-11-22 10:02:20+00:00,55.243085,11.086577,12166.633176874522,ARC ENDEAVOR,366663000,10.7
2025-11-22 10:02:20+00:00,55.243085,11.086577,12166.633176874522,ARC ENDEAVOR,366663000,10.7
2025-11-22 10:02:21+00:00,55.292297,11.059835,6468.571643076473,FEDERAL SUTTON,538004383,12.1
2025-11-22 10:02:21+00:00,55.292297,11.059835,6468.571643076473,FEDERAL SUTTON,538004383,12.1
2025-11-22 10:02:21+00:00,55.292297,11.059835,6468.571643076473,FEDERAL SUTTON,538004383,12.1
2025-11-22 10:02:21+00:00,55.292297,11.059835,6468.571643076473,FEDERAL SUTTON,538004383,12.1
2025-11-22 10:02:21+00:00,55.292297,11.059835,6468.571643076473,FEDERAL SUTTON,538004383,12.1
2025-11-22 10:02:21+00:00,55.292297,11.059835,6468.571643076473,FEDERAL SUTTON,538004383,12.1
2025-11-22 10:02:25+00:00,55.450688,10.953485,11603.234647439502,RESOLUTE BAY,232005179,12.3
2025-11-22 10:02:25+00:00,55.450688,10.953485,11603.234647439502,RESOLUTE BAY,232005179,12.3
2025-11-22 10:02:30+00:00,55.242682,11.086918,12214.608390681437,ARC ENDEAVOR,366663000,10.7
2025-11-22 10:02:30+00:00,55.242682,11.086918,12214.608390681437,ARC ENDEAVOR,366663000,10.7
2025-11-22 10:02:30+00:00,55.242682,11.086918,12214.608390681437,ARC ENDEAVOR,366663000,10.7
2025-11-22 10:02:30+00:00,55.204062,11.093115,16516.994241070413,STAVFJORD,259888000,10.4
2025-11-22 10:02:30+00:00,55.307097,11.041987,4624.234760674006,DUSK,629009770,10.0
2025-11-22 10:02:30+00:00,55.307097,11.041987,4624.234760674006,DUSK,629009770,10.0
2025-11-22 10:02:30+00:00,55.307097,11.041987,4624.234760674006,DUSK,629009770,10.0
2025-11-22 10:02:30+00:00,55.204062,11.093115,16516.994241070413,STAVFJORD,259888000,10.4
2025-11-22 10:02:31+00:00,55.292803,11.059423,6408.072488547119,FEDERAL SUTTON,538004383,12.1
2025-11-22 10:02:31+00:00,55.292803,11.059423,6408.072488547119,FEDERAL SUTTON,538004383,12.1
2025-11-22 10:02:31+00:00,55.292803,11.059423,6408.072488547119,FEDERAL SUTTON,538004383,12.1
2025-11-22 10:02:31+00:00,55.292803,11.059423,6408.072488547119,FEDERAL SUTTON,538004383,12.1
2025-11-22 10:02:36+00:00,55.451213,10.95287,11664.593921389758,RESOLUTE BAY,232005179,12.3
2025-11-22 10:02:36+00:00,55.451213,10.95287,11664.593921389758,RESOLUTE BAY,232005179,12.3
2025-11-22 10:02:40+00:00,55.307533,11.041727,4573.325399587697,DUSK,629009770,10.0
2025-11-22 10:02:40+00:00,55.203673,11.092612,16552.722340519485,STAVFJORD,259888000,10.4
2025-11-22 10:02:40+00:00,55.203673,11.092612,16552.722340519485,STAVFJORD,259888000,10.4
2025-11-22 10:02:40+00:00,55.203673,11.092612,16552.722340519485,STAVFJORD,259888000,10.4
2025-11-22 10:02:40+00:00,55.203673,11.092612,16552.722340519485,STAVFJORD,259888000,10.4
2025-11-22 10:02:40+00:00,55.293258,11.059057,6353.753702395248,FEDERAL SUTTON,538004383,12.1
2025-11-22 10:02:40+00:00,55.293258,11.059057,6353.753702395248,FEDERAL SUTTON,538004383,12.1
2025-11-22 10:02:40+00:00,55.293258,11.059057,6353.753702395248,FEDERAL SUTTON,538004383,12.1
2025-11-22 10:02:40+00:00,55.293258,11.059057,6353.753702395248,FEDERAL SUTTON,538004383,12.1
2025-11-22 10:02:40+00:00,55.293258,11.059057,6353.753702395248,FEDERAL SUTTON,538004383,12.1
2025-11-22 10:02:41+00:00,55.242183,11.087335,12273.973412771458,ARC ENDEAVOR,366663000,10.7
2025-11-22 10:02:41+00:00,55.242183,11.087335,12273.973412771458,ARC ENDEAVOR,366663000,10.7
2025-11-22 10:02:41+00:00,55.242183,11.087335,12273.973412771458,ARC ENDEAVOR,366663000,10.7
2025-11-22 10:02:45+00:00,55.45164,10.952365,11714.598357084555,RESOLUTE BAY,232005179,12.3
2025-11-22 10:02:45+00:00,55.45164,10.952365,11714.598357084555,RESOLUTE BAY,232005179,12.3
2025-11-22 10:02:49+00:00,55.307933,11.041513,4526.9474381268265,DUSK,629009770,10.0
2025-11-22 10:02:49+00:00,55.307933,11.041513,4526.9474381268265,DUSK,629009770,10.0
2025-11-22 10:02:50+00:00,55.203278,11.092105,16589.150099284932,STAVFJORD,259888000,10.4
2025-11-22 10:02:50+00:00,55.203278,11.092105,16589.150099284932,STAVFJORD,259888000,10.4
2025-11-22 10:02:50+00:00,55.203278,11.092105,16589.150099284932,STAVFJORD,259888000,10.4
2025-11-22 10:02:50+00:00,55.293765,11.05865,6293.263767748528,FEDERAL SUTTON,538004383,12.1
2025-11-22 10:02:50+00:00,55.293765,11.05865,6293.263767748528,FEDERAL SUTTON,538004383,12.1
2025-11-22 10:02:50+00:00,55.293765,11.05865,6293.263767748528,FEDERAL SUTTON,538004383,12.1
2025-11-22 10:02:50+00:00,55.293765,11.05865,6293.263767748528,FEDERAL SUTTON,538004383,12.1
2025-11-22 10:02:50+00:00,55.293765,11.05865,6293.263767748528,FEDERAL SUTTON,538004383,12.1
2025-11-22 10:02:51+00:00,55.241732,11.087708,12327.602321323342,ARC ENDEAVOR,366663000,10.7
2025-11-22 10:02:51+00:00,55.241732,11.087708,12327.602321323342,ARC ENDEAVOR,366663000,10.7
2025-11-22 10:02:51+00:00,55.241732,11.087708,12327.602321323342,ARC ENDEAVOR,366663000,10.7
2025-11-22 10:02:51+00:00,55.241732,11.087708,12327.602321323342,ARC ENDEAVOR,366663000,10.7
2025-11-22 10:02:51+00:00,55.241732,11.087708,12327.602321323342,ARC ENDEAVOR,366663000,10.7
2025-11-22 10:02:56+00:00,55.452163,10.951758,11775.867291395503,RESOLUTE BAY,232005179,12.3
2025-11-22 10:02:59+00:00,55.20289,11.091588,16624.78335885705,STAVFJORD,259888000,10.5
2025-11-22 10:02:59+00:00,55.20289,11.091588,16624.78335885705,STAVFJORD,259888000,10.5
2025-11-22 10:02:59+00:00,55.20289,11.091588,16624.78335885705,STAVFJORD,259888000,10.5
2025-11-22 10:03:01+00:00,55.241282,11.088085,12381.18416720089,ARC ENDEAVOR,366663000,10.7
2025-11-22 10:03:01+00:00,55.241282,11.088085,12381.18416720089,ARC ENDEAVOR,366663000,10.7
2025-11-22 10:03:01+00:00,55.241282,11.088085,12381.18416720089,ARC ENDEAVOR,366663000,10.7
2025-11-22 10:03:01+00:00,55.241282,11.088085,12381.18416720089,ARC ENDEAVOR,366663000,10.7
2025-11-22 10:03:01+00:00,55.241282,11.088085,12381.18416720089,ARC ENDEAVOR,366663000,10.7
2025-11-22 10:03:01+00:00,55.294317,11.058193,6227.266429567976,FEDERAL SUTTON,538004383,12.1
2025-11-22 10:03:01+00:00,55.294317,11.058193,6227.266429567976,FEDERAL SUTTON,538004383,12.1
2025-11-22 10:03:01+00:00,55.294317,11.058193,6227.266429567976,FEDERAL SUTTON,538004383,12.1
2025-11-22 10:03:01+00:00,55.294317,11.058193,6227.266429567976,FEDERAL SUTTON,538004383,12.1
2025-11-22 10:03:01+00:00,55.294317,11.058193,6227.266429567976,FEDERAL SUTTON,538004383,12.1
2025-11-22 10:03:06+00:00,55.452638,10.951213,11831.537226521777,RESOLUTE BAY,232005179,12.3
2025-11-22 10:03:06+00:00,55.452638,10.951213,11831.537226521777,RESOLUTE BAY,232005179,12.3
2025-11-22 10:03:06+00:00,55.452638,10.951213,11831.537226521777,RESOLUTE BAY,232005179,12.3
2025-11-22 10:03:10+00:00,55.240877,11.088418,12429.35011249423,ARC ENDEAVOR,366663000,10.7
2025-11-22 10:03:10+00:00,55.240877,11.088418,12429.35011249423,ARC ENDEAVOR,366663000,10.7
2025-11-22 10:03:10+00:00,55.240877,11.088418,12429.35011249423,ARC ENDEAVOR,366663000,10.7
2025-11-22 10:03:10+00:00,55.308867,11.04102,4418.7553165631025,DUSK,629009770,10.0
2025-11-22 10:03:10+00:00,55.308867,11.04102,4418.7553165631025,DUSK,629009770,10.0
2025-11-22 10:03:11+00:00,55.294818,11.057778,6167.400892844168,FEDERAL SUTTON,538004383,12.1
2025-11-22 10:03:11+00:00,55.294818,11.057778,6167.400892844168,FEDERAL SUTTON,538004383,12.1
2025-11-22 10:03:11+00:00,55.294818,11.057778,6167.400892844168,FEDERAL SUTTON,538004383,12.1
2025-11-22 10:03:11+00:00,55.294818,11.057778,6167.400892844168,FEDERAL SUTTON,538004383,12.1
2025-11-22 10:03:11+00:00,55.294818,11.057778,6167.400892844168,FEDERAL SUTTON,538004383,12.1
2025-11-22 10:03:11+00:00,55.20246,11.091017,16664.41242900138,STAVFJORD,259888000,10.5
2025-11-22 10:03:11+00:00,55.20246,11.091017,16664.41242900138,STAVFJORD,259888000,10.5
2025-11-22 10:03:11+00:00,55.20246,11.091017,16664.41242900138,STAVFJORD,259888000,10.5
2025-11-22 10:03:11+00:00,55.20246,11.091017,16664.41242900138,STAVFJORD,259888000,10.5
2025-11-22 10:03:15+00:00,55.453117,10.950672,11887.678432979625,RESOLUTE BAY,232005179,12.3
2025-11-22 10:03:15+00:00,55.453117,10.950672,11887.678432979625,RESOLUTE BAY,232005179,12.3
2025-11-22 10:03:15+00:00,55.453117,10.950672,11887.678432979625,RESOLUTE BAY,232005179,12.3
2025-11-22 10:03:15+00:00,55.453117,10.950672,11887.678432979625,RESOLUTE BAY,232005179,12.3
2025-11-22 10:03:19+00:00,55.202145,11.090602,16693.561640325493,STAVFJORD,259888000,10.5
2025-11-22 10:03:19+00:00,55.202145,11.090602,16693.561640325493,STAVFJORD,259888000,10.5
2025-11-22 10:03:20+00:00,55.240382,11.088827,12488.260281770701,ARC ENDEAVOR,366663000,10.7
2025-11-22 10:03:20+00:00,55.240382,11.088827,12488.260281770701,ARC ENDEAVOR,366663000,10.7
2025-11-22 10:03:20+00:00,55.240382,11.088827,12488.260281770701,ARC ENDEAVOR,366663000,10.7
2025-11-22 10:03:20+00:00,55.240382,11.088827,12488.260281770701,ARC ENDEAVOR,366663000,10.7
2025-11-22 10:03:20+00:00,55.309295,11.040763,4368.780850997802,DUSK,629009770,10.0
2025-11-22 10:03:20+00:00,55.309295,11.040763,4368.780850997802,DUSK,629009770,10.0
2025-11-22 10:03:20+00:00,55.240382,11.088827,12488.260281770701,ARC ENDEAVOR,366663000,10.7
2025-11-22 10:03:21+00:00,55.295277,11.057392,6112.5127714956725,FEDERAL SUTTON,538004383,12.1
2025-11-22 10:03:21+00:00,55.295277,11.057392,6112.5127714956725,FEDERAL SUTTON,538004383,12.1
2025-11-22 10:03:21+00:00,55.295277,11.057392,6112.5127714956725,FEDERAL SUTTON,538004383,12.1
2025-11-22 10:03:21+00:00,55.295277,11.057392,6112.5127714956725,FEDERAL SUTTON,538004383,12.1
2025-11-22 10:03:21+00:00,55.295277,11.057392,6112.5127714956725,FEDERAL SUTTON,538004383,12.1
2025-11-22 10:03:25+00:00,55.453543,10.950183,11937.684640023439,RESOLUTE BAY,232005179,12.3
2025-11-22 10:03:25+00:00,55.453543,10.950183,11937.684640023439,RESOLUTE BAY,232005179,12.3
2025-11-22 10:03:25+00:00,55.453543,10.950183,11937.684640023439,RESOLUTE BAY,232005179,12.3
2025-11-22 10:03:25+00:00,55.453543,10.950183,11937.684640023439,RESOLUTE BAY,232005179,12.3
2025-11-22 10:03:29+00:00,55.295733,11.057017,6058.094014750265,FEDERAL SUTTON,538004383,12.1
2025-11-22 10:03:29+00:00,55.295733,11.057017,6058.094014750265,FEDERAL SUTTON,538004383,12.1
2025-11-22 10:03:29+00:00,55.295733,11.057017,6058.094014750265,FEDERAL SUTTON,538004383,12.1
2025-11-22 10:03:29+00:00,55.295733,11.057017,6058.094014750265,FEDERAL SUTTON,538004383,12.1
2025-11-22 10:03:29+00:00,55.295733,11.057017,6058.094014750265,FEDERAL SUTTON,538004383,12.1
2025-11-22 10:03:30+00:00,55.309735,11.04054,4317.942923688447,DUSK,629009770,10.0
2025-11-22 10:03:30+00:00,55.239972,11.089162,12537.025402712343,ARC ENDEAVOR,366663000,10.7
2025-11-22 10:03:30+00:00,55.239972,11.089162,12537.025402712343,ARC ENDEAVOR,366663000,10.7
2025-11-22 10:03:30+00:00,55.239972,11.089162,12537.025402712343,ARC ENDEAVOR,366663000,10.7
2025-11-22 10:03:30+00:00,55.309735,11.04054,4317.942923688447,DUSK,629009770,10.0
2025-11-22 10:03:30+00:00,55.201717,11.090028,16733.145215587374,STAVFJORD,259888000,10.5
2025-11-22 10:03:30+00:00,55.201717,11.090028,16733.145215587374,STAVFJORD,259888000,10.5
2025-11-22 10:03:30+00:00,55.201717,11.090028,16733.145215587374,STAVFJORD,259888000,10.5
2025-11-22 10:03:36+00:00,55.454068,10.949578,11999.303698040627,RESOLUTE BAY,232005179,12.3
2025-11-22 10:03:36+00:00,55.454068,10.949578,11999.303698040627,RESOLUTE BAY,232005179,12.3
2025-11-22 10:03:40+00:00,55.201325,11.089502,16769.484565746174,STAVFJORD,259888000,10.6
2025-11-22 10:03:40+00:00,55.29629,11.056565,5991.719330250422,FEDERAL SUTTON,538004383,12.1
2025-11-22 10:03:40+00:00,55.29629,11.056565,5991.719330250422,FEDERAL SUTTON,538004383,12.1
2025-11-22 10:03:40+00:00,55.29629,11.056565,5991.719330250422,FEDERAL SUTTON,538004383,12.1
2025-11-22 10:03:40+00:00,55.29629,11.056565,5991.719330250422,FEDERAL SUTTON,538004383,12.1
2025-11-22 10:03:40+00:00,55.29629,11.056565,5991.719330250422,FEDERAL SUTTON,538004383,12.1
2025-11-22 10:03:40+00:00,55.201325,11.089502,16769.484565746174,STAVFJORD,259888000,10.6
2025-11-22 10:03:40+00:00,55.201325,11.089502,16769.484565746174,STAVFJORD,259888000,10.6
2025-11-22 10:03:40+00:00,55.201325,11.089502,16769.484565746174,STAVFJORD,259888000,10.6
2025-11-22 10:03:41+00:00,55.310227,11.040308,4261.323008606287,DUSK,629009770,10.0
2025-11-22 10:03:41+00:00,55.239473,11.089568,12596.373043686825,ARC ENDEAVOR,366663000,10.7
2025-11-22 10:03:41+00:00,55.310227,11.040308,4261.323008606287,DUSK,629009770,10.0
2025-11-22 10:03:41+00:00,55.239473,11.089568,12596.373043686825,ARC ENDEAVOR,366663000,10.7
2025-11-22 10:03:41+00:00,55.239473,11.089568,12596.373043686825,ARC ENDEAVOR,366663000,10.7
2025-11-22 10:03:45+00:00,55.454495,10.949083,12049.409126560282,RESOLUTE BAY,232005179,12.3
2025-11-22 10:03:45+00:00,55.454495,10.949083,12049.409126560282,RESOLUTE BAY,232005179,12.3
2025-11-22 10:03:49+00:00,55.310587,11.040152,4220.071023211944,DUSK,629009770,10.0
2025-11-22 10:03:49+00:00,55.310587,11.040152,4220.071023211944,DUSK,629009770,10.0
2025-11-22 10:03:49+00:00,55.310587,11.040152,4220.071023211944,DUSK,629009770,10.0
2025-11-22 10:03:49+00:00,55.310587,11.040152,4220.071023211944,DUSK,629009770,10.0
2025-11-22 10:03:50+00:00,55.29685,11.056117,5925.109012226684,FEDERAL SUTTON,538004383,12.1
2025-11-22 10:03:50+00:00,55.29685,11.056117,5925.109012226684,FEDERAL SUTTON,538004383,12.1
2025-11-22 10:03:50+00:00,55.29685,11.056117,5925.109012226684,FEDERAL SUTTON,538004383,12.1
2025-11-22 10:03:50+00:00,55.29685,11.056117,5925.109012226684,FEDERAL SUTTON,538004383,12.1
2025-11-22 10:03:50+00:00,55.200933,11.088972,16805.848959211336,STAVFJORD,259888000,10.6
2025-11-22 10:03:50+00:00,55.200933,11.088972,16805.848959211336,STAVFJORD,259888000,10.6
2025-11-22 10:03:50+00:00,55.29685,11.056117,5925.109012226684,FEDERAL SUTTON,538004383,12.1
2025-11-22 10:03:51+00:00,55.23902,11.089935,12650.247019026156,ARC ENDEAVOR,366663000,10.7
2025-11-22 10:03:51+00:00,55.23902,11.089935,12650.247019026156,ARC ENDEAVOR,366663000,10.7
2025-11-22 10:03:51+00:00,55.23902,11.089935,12650.247019026156,ARC ENDEAVOR,366663000,10.7
2025-11-22 10:03:51+00:00,55.23902,11.089935,12650.247019026156,ARC ENDEAVOR,366663000,10.7
2025-11-22 10:03:51+00:00,55.23902,11.089935,12650.247019026156,ARC ENDEAVOR,366663000,10.7
2025-11-22 10:03:56+00:00,55.455017,10.94848,12110.680472608794,RESOLUTE BAY,232005179,12.3
2025-11-22 10:03:56+00:00,55.455017,10.94848,12110.680472608794,RESOLUTE BAY,232005179,12.3
2025-11-22 10:03:56+00:00,55.455017,10.94848,12110.680472608794,RESOLUTE BAY,232005179,12.3
2025-11-22 10:03:59+00:00,55.200542,11.088442,16842.20581284639,STAVFJORD,259888000,10.6
2025-11-22 10:03:59+00:00,55.200542,11.088442,16842.20581284639,STAVFJORD,259888000,10.6
2025-11-22 10:03:59+00:00,55.200542,11.088442,16842.20581284639,STAVFJORD,259888000,10.6
2025-11-22 10:04:00+00:00,55.297307,11.055752,5870.790082422068,FEDERAL SUTTON,538004383,12.1
2025-11-22 10:04:00+00:00,55.297307,11.055752,5870.790082422068,FEDERAL SUTTON,538004383,12.1
2025-11-22 10:04:00+00:00,55.297307,11.055752,5870.790082422068,FEDERAL SUTTON,538004383,12.1
2025-11-22 10:04:00+00:00,55.297307,11.055752,5870.790082422068,FEDERAL SUTTON,538004383,12.1
2025-11-22 10:04:00+00:00,55.297307,11.055752,5870.790082422068,FEDERAL SUTTON,538004383,12.1
2025-11-22 10:04:01+00:00,55.238568,11.090302,12704.026224778578,ARC ENDEAVOR,366663000,10.7
2025-11-22 10:04:01+00:00,55.238568,11.090302,12704.026224778578,ARC ENDEAVOR,366663000,10.7
2025-11-22 10:04:01+00:00,55.238568,11.090302,12704.026224778578,ARC ENDEAVOR,366663000,10.7
2025-11-22 10:04:01+00:00,55.238568,11.090302,12704.026224778578,ARC ENDEAVOR,366663000,10.7
2025-11-22 10:04:01+00:00,55.238568,11.090302,12704.026224778578,ARC ENDEAVOR,366663000,10.7
2025-11-22 10:04:06+00:00,55.455492,10.947925,12166.457150398512,RESOLUTE BAY,232005179,12.3
2025-11-22 10:04:06+00:00,55.455492,10.947925,12166.457150398512,RESOLUTE BAY,232005179,12.3
2025-11-22 10:04:06+00:00,55.455492,10.947925,12166.457150398512,RESOLUTE BAY,232005179,12.3
2025-11-22 10:04:06+00:00,55.455492,10.947925,12166.457150398512,RESOLUTE BAY,232005179,12.3
2025-11-22 10:04:10+00:00,55.200148,11.087907,16878.93201867384,STAVFJORD,259888000,10.6
2025-11-22 10:04:10+00:00,55.200148,11.087907,16878.93201867384,STAVFJORD,259888000,10.6
2025-11-22 10:04:10+00:00,55.200148,11.087907,16878.93201867384,STAVFJORD,259888000,10.6
2025-11-22 10:04:10+00:00,55.311523,11.039722,4112.509394173977,DUSK,629009770,10.0
2025-11-22 10:04:10+00:00,55.311523,11.039722,4112.509394173977,DUSK,629009770,10.0
2025-11-22 10:04:11+00:00,55.297868,11.0553,5804.105188488846,FEDERAL SUTTON,538004383,12.1
2025-11-22 10:04:11+00:00,55.297868,11.0553,5804.105188488846,FEDERAL SUTTON,538004383,12.1
2025-11-22 10:04:11+00:00,55.297868,11.0553,5804.105188488846,FEDERAL SUTTON,538004383,12.1
2025-11-22 10:04:11+00:00,55.297868,11.0553,5804.105188488846,FEDERAL SUTTON,538004383,12.1
2025-11-22 10:04:11+00:00,55.23807,11.090707,12763.303035139523,ARC ENDEAVOR,366663000,10.7
2025-11-22 10:04:11+00:00,55.23807,11.090707,12763.303035139523,ARC ENDEAVOR,366663000,10.7
2025-11-22 10:04:11+00:00,55.23807,11.090707,12763.303035139523,ARC ENDEAVOR,366663000,10.7
2025-11-22 10:04:15+00:00,55.455963,10.947372,12220.304430483535,RESOLUTE BAY,232005179,12.3
2025-11-22 10:04:15+00:00,55.455963,10.947372,12220.304430483535,RESOLUTE BAY,232005179,12.3
2025-11-22 10:04:15+00:00,55.455963,10.947372,12220.304430483535,RESOLUTE BAY,232005179,12.3
2025-11-22 10:04:15+00:00,55.455963,10.947372,12220.304430483535,RESOLUTE BAY,232005179,12.3
2025-11-22 10:04:20+00:00,55.237663,11.09103,12811.665379590442,ARC ENDEAVOR,366663000,10.7
2025-11-22 10:04:20+00:00,55.237663,11.09103,12811.665379590442,ARC ENDEAVOR,366663000,10.7
2025-11-22 10:04:20+00:00,55.237663,11.09103,12811.665379590442,ARC ENDEAVOR,366663000,10.7
2025-11-22 10:04:20+00:00,55.237663,11.09103,12811.665379590442,ARC ENDEAVOR,366663000,10.7
2025-11-22 10:04:20+00:00,55.31198,11.039517,4060.058271215978,DUSK,629009770,9.9
2025-11-22 10:04:20+00:00,55.31198,11.039517,4060.058271215978,DUSK,629009770,9.9
2025-11-22 10:04:20+00:00,55.237663,11.09103,12811.665379590442,ARC ENDEAVOR,366663000,10.7
2025-11-22 10:04:21+00:00,55.298377,11.054885,5743.58554255611,FEDERAL SUTTON,538004383,12.1
2025-11-22 10:04:21+00:00,55.298377,11.054885,5743.58554255611,FEDERAL SUTTON,538004383,12.1
2025-11-22 10:04:21+00:00,55.298377,11.054885,5743.58554255611,FEDERAL SUTTON,538004383,12.1
2025-11-22 10:04:21+00:00,55.298377,11.054885,5743.58554255611,FEDERAL SUTTON,538004383,12.1
2025-11-22 10:04:25+00:00,55.45639,10.946875,12269.163286554412,RESOLUTE BAY,232005179,12.3
2025-11-22 10:04:25+00:00,55.45639,10.946875,12269.163286554412,RESOLUTE BAY,232005179,12.3
2025-11-22 10:04:29+00:00,55.298782,11.054555,5695.437396536032,FEDERAL SUTTON,538004383,12.1
2025-11-22 10:04:29+00:00,55.298782,11.054555,5695.437396536032,FEDERAL SUTTON,538004383,12.1
2025-11-22 10:04:29+00:00,55.298782,11.054555,5695.437396536032,FEDERAL SUTTON,538004383,12.1
2025-11-22 10:04:29+00:00,55.298782,11.054555,5695.437396536032,FEDERAL SUTTON,538004383,12.1
2025-11-22 10:04:30+00:00,55.312432,11.039345,4008.5705845559387,DUSK,629009770,9.9
2025-11-22 10:04:30+00:00,55.312432,11.039345,4008.5705845559387,DUSK,629009770,9.9
2025-11-22 10:04:30+00:00,55.237257,11.091338,12859.748605214621,ARC ENDEAVOR,366663000,10.6
2025-11-22 10:04:30+00:00,55.237257,11.091338,12859.748605214621,ARC ENDEAVOR,366663000,10.6
2025-11-22 10:04:30+00:00,55.237257,11.091338,12859.748605214621,ARC ENDEAVOR,366663000,10.6
2025-11-22 10:04:30+00:00,55.237257,11.091338,12859.748605214621,ARC ENDEAVOR,366663000,10.6
2025-11-22 10:04:36+00:00,55.45691,10.946262,12328.781467095125,RESOLUTE BAY,232005179,12.3
2025-11-22 10:04:36+00:00,55.45691,10.946262,12328.781467095125,RESOLUTE BAY,232005179,12.3
2025-11-22 10:04:40+00:00,55.29934,11.05411,5629.116681407508,FEDERAL SUTTON,538004383,12.1
2025-11-22 10:04:40+00:00,55.29934,11.05411,5629.116681407508,FEDERAL SUTTON,538004383,12.1
2025-11-22 10:04:40+00:00,55.29934,11.05411,5629.116681407508,FEDERAL SUTTON,538004383,12.1
2025-11-22 10:04:40+00:00,55.29934,11.05411,5629.116681407508,FEDERAL SUTTON,538004383,12.1
2025-11-22 10:04:40+00:00,55.29934,11.05411,5629.116681407508,FEDERAL SUTTON,538004383,12.1
2025-11-22 10:04:40+00:00,55.29934,11.05411,5629.116681407508,FEDERAL SUTTON,538004383,12.1
2025-11-22 10:04:41+00:00,55.236752,11.091697,12919.27768932607,ARC ENDEAVOR,366663000,10.6
2025-11-22 10:04:41+00:00,55.236752,11.091697,12919.27768932607,ARC ENDEAVOR,366663000,10.6
2025-11-22 10:04:41+00:00,55.236752,11.091697,12919.27768932607,ARC ENDEAVOR,366663000,10.6
2025-11-22 10:04:41+00:00,55.312918,11.039165,3953.2723880054846,DUSK,629009770,9.9
2025-11-22 10:04:41+00:00,55.312918,11.039165,3953.2723880054846,DUSK,629009770,9.9
2025-11-22 10:04:45+00:00,55.457337,10.945763,12377.802197094617,RESOLUTE BAY,232005179,12.3
2025-11-22 10:04:45+00:00,55.457337,10.945763,12377.802197094617,RESOLUTE BAY,232005179,12.3
2025-11-22 10:04:49+00:00,55.313275,11.039043,3912.7811454344333,DUSK,629009770,9.9
2025-11-22 10:04:49+00:00,55.313275,11.039043,3912.7811454344333,DUSK,629009770,9.9
2025-11-22 10:04:50+00:00,55.299847,11.053703,5568.661900768031,FEDERAL SUTTON,538004383,12.1
2025-11-22 10:04:50+00:00,55.299847,11.053703,5568.661900768031,FEDERAL SUTTON,538004383,12.1
2025-11-22 10:04:50+00:00,55.299847,11.053703,5568.661900768031,FEDERAL SUTTON,538004383,12.1
2025-11-22 10:04:50+00:00,55.299847,11.053703,5568.661900768031,FEDERAL SUTTON,538004383,12.1
2025-11-22 10:04:50+00:00,55.299847,11.053703,5568.661900768031,FEDERAL SUTTON,538004383,12.1
2025-11-22 10:04:51+00:00,55.23629,11.09201,12973.560134251904,ARC ENDEAVOR,366663000,10.6
2025-11-22 10:04:51+00:00,55.23629,11.09201,12973.560134251904,ARC ENDEAVOR,366663000,10.6
2025-11-22 10:04:51+00:00,55.23629,11.09201,12973.560134251904,ARC ENDEAVOR,366663000,10.6
2025-11-22 10:04:51+00:00,55.23629,11.09201,12973.560134251904,ARC ENDEAVOR,366663000,10.6
2025-11-22 10:04:51+00:00,55.23629,11.09201,12973.560134251904,ARC ENDEAVOR,366663000,10.6
2025-11-22 10:04:54+00:00,55.299847,11.053703,5568.661900768031,FEDERAL SUTTON,538004383,12.1
2025-11-22 10:04:54+00:00,55.299847,11.053703,5568.661900768031,FEDERAL SUTTON,538004383,12.1
2025-11-22 10:04:54+00:00,55.299847,11.053703,5568.661900768031,FEDERAL SUTTON,538004383,12.1
2025-11-22 10:04:54+00:00,55.299847,11.053703,5568.661900768031,FEDERAL SUTTON,538004383,12.1
2025-11-22 10:04:54+00:00,55.299847,11.053703,5568.661900768031,FEDERAL SUTTON,538004383,12.1
2025-11-22 10:04:55+00:00,55.45781,10.94521,12432.181464725878,RESOLUTE BAY,232005179,12.3
2025-11-22 10:04:55+00:00,55.45781,10.94521,12432.181464725878,RESOLUTE BAY,232005179,12.3
2025-11-22 10:05:00+00:00,55.235875,11.092293,13022.348992092699,ARC ENDEAVOR,366663000,10.6
2025-11-22 10:05:00+00:00,55.235875,11.092293,13022.348992092699,ARC ENDEAVOR,366663000,10.6
2025-11-22 10:05:00+00:00,55.235875,11.092293,13022.348992092699,ARC ENDEAVOR,366663000,10.6
2025-11-22 10:05:00+00:00,55.300352,11.053293,5508.366886967867,FEDERAL SUTTON,538004383,12.1
2025-11-22 10:05:00+00:00,55.300352,11.053293,5508.366886967867,FEDERAL SUTTON,538004383,12.1
2025-11-22 10:05:00+00:00,55.300352,11.053293,5508.366886967867,FEDERAL SUTTON,538004383,12.1
2025-11-22 10:05:00+00:00,55.300352,11.053293,5508.366886967867,FEDERAL SUTTON,538004383,12.1
2025-11-22 10:05:00+00:00,55.300352,11.053293,5508.366886967867,FEDERAL SUTTON,538004383,12.1
2025-11-22 10:05:00+00:00,55.235875,11.092293,13022.348992092699,ARC ENDEAVOR,366663000,10.6
2025-11-22 10:05:06+00:00,55.458328,10.944598,12491.808141963069,RESOLUTE BAY,232005179,12.3
2025-11-22 10:05:06+00:00,55.458328,10.944598,12491.808141963069,RESOLUTE BAY,232005179,12.3
2025-11-22 10:05:10+00:00,55.314205,11.03874,3807.487260989965,DUSK,629009770,9.9
2025-11-22 10:05:10+00:00,55.314205,11.03874,3807.487260989965,DUSK,629009770,9.9
2025-11-22 10:05:11+00:00,55.235323,11.09267,13087.26036206576,ARC ENDEAVOR,366663000,10.6
2025-11-22 10:05:11+00:00,55.235323,11.09267,13087.26036206576,ARC ENDEAVOR,366663000,10.6
2025-11-22 10:05:11+00:00,55.300858,11.05288,5447.959922086451,FEDERAL SUTTON,538004383,12.1
2025-11-22 10:05:11+00:00,55.300858,11.05288,5447.959922086451,FEDERAL SUTTON,538004383,12.1
2025-11-22 10:05:11+00:00,55.235323,11.09267,13087.26036206576,ARC ENDEAVOR,366663000,10.6
2025-11-22 10:05:11+00:00,55.300858,11.05288,5447.959922086451,FEDERAL SUTTON,538004383,12.1
2025-11-22 10:05:11+00:00,55.300858,11.05288,5447.959922086451,FEDERAL SUTTON,538004383,12.1
2025-11-22 10:05:11+00:00,55.300858,11.05288,5447.959922086451,FEDERAL SUTTON,538004383,12.1
2025-11-22 10:05:11+00:00,55.300858,11.05288,5447.959922086451,FEDERAL SUTTON,538004383,12.1
2025-11-22 10:05:15+00:00,55.4588,10.944042,12546.213012179878,RESOLUTE BAY,232005179,12.3
2025-11-22 10:05:15+00:00,55.4588,10.944042,12546.213012179878,RESOLUTE BAY,232005179,12.3
2025-11-22 10:05:15+00:00,55.4588,10.944042,12546.213012179878,RESOLUTE BAY,232005179,12.3
2025-11-22 10:05:20+00:00,55.30142,11.052432,5381.010695270668,FEDERAL SUTTON,538004383,12.1
2025-11-22 10:05:20+00:00,55.30142,11.052432,5381.010695270668,FEDERAL SUTTON,538004383,12.1
2025-11-22 10:05:20+00:00,55.30142,11.052432,5381.010695270668,FEDERAL SUTTON,538004383,12.1
2025-11-22 10:05:20+00:00,55.30142,11.052432,5381.010695270668,FEDERAL SUTTON,538004383,12.1
2025-11-22 10:05:20+00:00,55.30142,11.052432,5381.010695270668,FEDERAL SUTTON,538004383,12.1
2025-11-22 10:05:20+00:00,55.234908,11.09295,13136.02629726904,ARC ENDEAVOR,366663000,10.6
2025-11-22 10:05:20+00:00,55.234908,11.09295,13136.02629726904,ARC ENDEAVOR,366663000,10.6
2025-11-22 10:05:20+00:00,55.234908,11.09295,13136.02629726904,ARC ENDEAVOR,366663000,10.6
2025-11-22 10:05:20+00:00,55.234908,11.09295,13136.02629726904,ARC ENDEAVOR,366663000,10.6
2025-11-22 10:05:20+00:00,55.314653,11.038603,3756.87891393995,DUSK,629009770,9.9
2025-11-22 10:05:20+00:00,55.314653,11.038603,3756.87891393995,DUSK,629009770,9.9
2025-11-22 10:05:20+00:00,55.234908,11.09295,13136.02629726904,ARC ENDEAVOR,366663000,10.6
2025-11-22 10:05:25+00:00,55.459227,10.94354,12595.395754923724,RESOLUTE BAY,232005179,12.2
2025-11-22 10:05:25+00:00,55.459227,10.94354,12595.395754923724,RESOLUTE BAY,232005179,12.2
2025-11-22 10:05:25+00:00,55.459227,10.94354,12595.395754923724,RESOLUTE BAY,232005179,12.2
2025-11-22 10:05:29+00:00,55.30183,11.052105,5332.183907150763,FEDERAL SUTTON,538004383,12.2
2025-11-22 10:05:29+00:00,55.30183,11.052105,5332.183907150763,FEDERAL SUTTON,538004383,12.2
2025-11-22 10:05:29+00:00,55.30183,11.052105,5332.183907150763,FEDERAL SUTTON,538004383,12.2
2025-11-22 10:05:29+00:00,55.30183,11.052105,5332.183907150763,FEDERAL SUTTON,538004383,12.2
2025-11-22 10:05:29+00:00,55.30183,11.052105,5332.183907150763,FEDERAL SUTTON,538004383,12.2
2025-11-22 10:05:31+00:00,55.234445,11.093247,13190.249842718775,ARC ENDEAVOR,366663000,10.6
2025-11-22 10:05:31+00:00,55.234445,11.093247,13190.249842718775,ARC ENDEAVOR,366663000,10.6
2025-11-22 10:05:31+00:00,55.234445,11.093247,13190.249842718775,ARC ENDEAVOR,366663000,10.6
2025-11-22 10:05:36+00:00,55.459745,10.942925,12655.016065261894,RESOLUTE BAY,232005179,12.2
2025-11-22 10:05:36+00:00,55.459745,10.942925,12655.016065261894,RESOLUTE BAY,232005179,12.2
2025-11-22 10:05:40+00:00,55.302388,11.051637,5265.490126375775,FEDERAL SUTTON,538004383,12.2
2025-11-22 10:05:40+00:00,55.302388,11.051637,5265.490126375775,FEDERAL SUTTON,538004383,12.2
2025-11-22 10:05:40+00:00,55.302388,11.051637,5265.490126375775,FEDERAL SUTTON,538004383,12.2
2025-11-22 10:05:40+00:00,55.302388,11.051637,5265.490126375775,FEDERAL SUTTON,538004383,12.2
2025-11-22 10:05:40+00:00,55.302388,11.051637,5265.490126375775,FEDERAL SUTTON,538004383,12.2
2025-11-22 10:05:41+00:00,55.233978,11.093537,13244.82938015376,ARC ENDEAVOR,366663000,10.5
2025-11-22 10:05:41+00:00,55.233978,11.093537,13244.82938015376,ARC ENDEAVOR,366663000,10.5
2025-11-22 10:05:41+00:00,55.233978,11.093537,13244.82938015376,ARC ENDEAVOR,366663000,10.5
2025-11-22 10:05:41+00:00,55.315612,11.038373,3649.3546982820767,DUSK,629009770,9.9
2025-11-22 10:05:41+00:00,55.315612,11.038373,3649.3546982820767,DUSK,629009770,9.9
2025-11-22 10:05:41+00:00,55.315612,11.038373,3649.3546982820767,DUSK,629009770,9.9
2025-11-22 10:05:45+00:00,55.46017,10.942418,12703.97889750826,RESOLUTE BAY,232005179,12.2
2025-11-22 10:05:45+00:00,55.46017,10.942418,12703.97889750826,RESOLUTE BAY,232005179,12.2
2025-11-22 10:05:49+00:00,55.31598,11.038308,3608.3968256646976,DUSK,629009770,9.9
2025-11-22 10:05:49+00:00,55.31598,11.038308,3608.3968256646976,DUSK,629009770,9.9
2025-11-22 10:05:50+00:00,55.302905,11.051222,5203.948411013622,FEDERAL SUTTON,538004383,12.1
2025-11-22 10:05:50+00:00,55.302905,11.051222,5203.948411013622,FEDERAL SUTTON,538004383,12.1
2025-11-22 10:05:50+00:00,55.302905,11.051222,5203.948411013622,FEDERAL SUTTON,538004383,12.1
2025-11-22 10:05:50+00:00,55.302905,11.051222,5203.948411013622,FEDERAL SUTTON,538004383,12.1
2025-11-22 10:05:50+00:00,55.302905,11.051222,5203.948411013622,FEDERAL SUTTON,538004383,12.1
2025-11-22 10:05:51+00:00,55.233512,11.093807,13299.05698253776,ARC ENDEAVOR,366663000,10.5
2025-11-22 10:05:51+00:00,55.233512,11.093807,13299.05698253776,ARC ENDEAVOR,366663000,10.5
2025-11-22 10:05:51+00:00,55.233512,11.093807,13299.05698253776,ARC ENDEAVOR,366663000,10.5
2025-11-22 10:05:55+00:00,55.460642,10.941857,12758.37276611818,RESOLUTE BAY,232005179,12.2
2025-11-22 10:05:55+00:00,55.460642,10.941857,12758.37276611818,RESOLUTE BAY,232005179,12.2
2025-11-22 10:06:00+00:00,55.303425,11.050822,5142.248529624371,FEDERAL SUTTON,538004383,12.1
2025-11-22 10:06:00+00:00,55.316482,11.038233,3552.7104783756845,DUSK,629009770,9.9
2025-11-22 10:06:00+00:00,55.316482,11.038233,3552.7104783756845,DUSK,629009770,9.9
2025-11-22 10:06:00+00:00,55.233093,11.094042,13347.721863829638,ARC ENDEAVOR,366663000,10.5
2025-11-22 10:06:00+00:00,55.233093,11.094042,13347.721863829638,ARC ENDEAVOR,366663000,10.5
2025-11-22 10:06:00+00:00,55.303425,11.050822,5142.248529624371,FEDERAL SUTTON,538004383,12.1
2025-11-22 10:06:00+00:00,55.303425,11.050822,5142.248529624371,FEDERAL SUTTON,538004383,12.1
2025-11-22 10:06:00+00:00,55.303425,11.050822,5142.248529624371,FEDERAL SUTTON,538004383,12.1
2025-11-22 10:06:00+00:00,55.233093,11.094042,13347.721863829638,ARC ENDEAVOR,366663000,10.5
2025-11-22 10:06:06+00:00,55.461158,10.94124,12817.854413371766,RESOLUTE BAY,232005179,12.2
2025-11-22 10:06:06+00:00,55.461158,10.94124,12817.854413371766,RESOLUTE BAY,232005179,12.2
2025-11-22 10:06:10+00:00,55.303942,11.050422,5080.882347050681,FEDERAL SUTTON,538004383,12.1
2025-11-22 10:06:10+00:00,55.303942,11.050422,5080.882347050681,FEDERAL SUTTON,538004383,12.1
2025-11-22 10:06:10+00:00,55.303942,11.050422,5080.882347050681,FEDERAL SUTTON,538004383,12.1
2025-11-22 10:06:10+00:00,55.303942,11.050422,5080.882347050681,FEDERAL SUTTON,538004383,12.1
2025-11-22 10:06:10+00:00,55.316933,11.038177,3502.8387661055135,DUSK,629009770,9.9
2025-11-22 10:06:10+00:00,55.316933,11.038177,3502.8387661055135,DUSK,629009770,9.9
2025-11-22 10:06:11+00:00,55.232533,11.094343,13412.604207072256,ARC ENDEAVOR,366663000,10.5
2025-11-22 10:06:11+00:00,55.232533,11.094343,13412.604207072256,ARC ENDEAVOR,366663000,10.5
2025-11-22 10:06:11+00:00,55.232533,11.094343,13412.604207072256,ARC ENDEAVOR,366663000,10.5
2025-11-22 10:06:16+00:00,55.461677,10.940628,12877.65045158168,RESOLUTE BAY,232005179,12.2
2025-11-22 10:06:20+00:00,55.304462,11.050032,5019.338506324898,FEDERAL SUTTON,538004383,12.2
2025-11-22 10:06:20+00:00,55.304462,11.050032,5019.338506324898,FEDERAL SUTTON,538004383,12.2
2025-11-22 10:06:20+00:00,55.304462,11.050032,5019.338506324898,FEDERAL SUTTON,538004383,12.2
2025-11-22 10:06:20+00:00,55.304462,11.050032,5019.338506324898,FEDERAL SUTTON,538004383,12.2
2025-11-22 10:06:20+00:00,55.304462,11.050032,5019.338506324898,FEDERAL SUTTON,538004383,12.2
2025-11-22 10:06:20+00:00,55.317387,11.038143,3452.9431306143642,DUSK,629009770,9.8
2025-11-22 10:06:20+00:00,55.317387,11.038143,3452.9431306143642,DUSK,629009770,9.8
2025-11-22 10:06:20+00:00,55.317387,11.038143,3452.9431306143642,DUSK,629009770,9.8
2025-11-22 10:06:20+00:00,55.304462,11.050032,5019.338506324898,FEDERAL SUTTON,538004383,12.2
2025-11-22 10:06:21+00:00,55.232115,11.094565,13461.003053447486,ARC ENDEAVOR,366663000,10.5
2025-11-22 10:06:21+00:00,55.232115,11.094565,13461.003053447486,ARC ENDEAVOR,366663000,10.5
2025-11-22 10:06:21+00:00,55.232115,11.094565,13461.003053447486,ARC ENDEAVOR,366663000,10.5
2025-11-22 10:06:21+00:00,55.232115,11.094565,13461.003053447486,ARC ENDEAVOR,366663000,10.5
2025-11-22 10:06:25+00:00,55.462055,10.94018,12921.08339587562,RESOLUTE BAY,232005179,12.2
2025-11-22 10:06:25+00:00,55.462055,10.94018,12921.08339587562,RESOLUTE BAY,232005179,12.2
2025-11-22 10:06:25+00:00,55.462055,10.94018,12921.08339587562,RESOLUTE BAY,232005179,12.2
2025-11-22 10:06:29+00:00,55.317797,11.038125,3408.0705499191367,DUSK,629009770,9.8
2025-11-22 10:06:29+00:00,55.30493,11.049687,4964.0267512579685,FEDERAL SUTTON,538004383,12.2
2025-11-22 10:06:29+00:00,55.30493,11.049687,4964.0267512579685,FEDERAL SUTTON,538004383,12.2
2025-11-22 10:06:29+00:00,55.30493,11.049687,4964.0267512579685,FEDERAL SUTTON,538004383,12.2
2025-11-22 10:06:29+00:00,55.30493,11.049687,4964.0267512579685,FEDERAL SUTTON,538004383,12.2
2025-11-22 10:06:29+00:00,55.30493,11.049687,4964.0267512579685,FEDERAL SUTTON,538004383,12.2
2025-11-22 10:06:29+00:00,55.317797,11.038125,3408.0705499191367,DUSK,629009770,9.8
2025-11-22 10:06:29+00:00,55.317797,11.038125,3408.0705499191367,DUSK,629009770,9.8
2025-11-22 10:06:31+00:00,55.231652,11.094795,13514.415883096453,ARC ENDEAVOR,366663000,10.4
2025-11-22 10:06:31+00:00,55.231652,11.094795,13514.415883096453,ARC ENDEAVOR,366663000,10.4
2025-11-22 10:06:31+00:00,55.231652,11.094795,13514.415883096453,ARC ENDEAVOR,366663000,10.4
2025-11-22 10:06:36+00:00,55.462575,10.939565,12980.907954373213,RESOLUTE BAY,232005179,12.2
2025-11-22 10:06:36+00:00,55.462575,10.939565,12980.907954373213,RESOLUTE BAY,232005179,12.2
2025-11-22 10:06:36+00:00,55.462575,10.939565,12980.907954373213,RESOLUTE BAY,232005179,12.2
2025-11-22 10:06:40+00:00,55.305508,11.049293,4896.113369319777,FEDERAL SUTTON,538004383,12.2
2025-11-22 10:06:40+00:00,55.305508,11.049293,4896.113369319777,FEDERAL SUTTON,538004383,12.2
2025-11-22 10:06:40+00:00,55.305508,11.049293,4896.113369319777,FEDERAL SUTTON,538004383,12.2
2025-11-22 10:06:40+00:00,55.305508,11.049293,4896.113369319777,FEDERAL SUTTON,538004383,12.2
2025-11-22 10:06:40+00:00,55.305508,11.049293,4896.113369319777,FEDERAL SUTTON,538004383,12.2
2025-11-22 10:06:40+00:00,55.305508,11.049293,4896.113369319777,FEDERAL SUTTON,538004383,12.2
2025-11-22 10:06:41+00:00,55.31834,11.038085,3348.455204148702,DUSK,629009770,9.8
2025-11-22 10:06:41+00:00,55.31834,11.038085,3348.455204148702,DUSK,629009770,9.8
2025-11-22 10:06:41+00:00,55.31834,11.038085,3348.455204148702,DUSK,629009770,9.8
2025-11-22 10:06:41+00:00,55.23118,11.095028,13568.849985048415,ARC ENDEAVOR,366663000,10.4
2025-11-22 10:06:41+00:00,55.23118,11.095028,13568.849985048415,ARC ENDEAVOR,366663000,10.4
2025-11-22 10:06:41+00:00,55.23118,11.095028,13568.849985048415,ARC ENDEAVOR,366663000,10.4
2025-11-22 10:06:45+00:00,55.463003,10.93906,13030.183259841508,RESOLUTE BAY,232005179,12.2
2025-11-22 10:06:45+00:00,55.463003,10.93906,13030.183259841508,RESOLUTE BAY,232005179,12.2
2025-11-22 10:06:50+00:00,55.318748,11.038047,3303.5737911501415,DUSK,629009770,9.8
2025-11-22 10:06:50+00:00,55.318748,11.038047,3303.5737911501415,DUSK,629009770,9.8
2025-11-22 10:06:50+00:00,55.318748,11.038047,3303.5737911501415,DUSK,629009770,9.8
2025-11-22 10:06:50+00:00,55.306225,11.048822,4812.120218802157,FEDERAL SUTTON,538004383,12.2
2025-11-22 10:06:50+00:00,55.306225,11.048822,4812.120218802157,FEDERAL SUTTON,538004383,12.2
2025-11-22 10:06:50+00:00,55.306225,11.048822,4812.120218802157,FEDERAL SUTTON,538004383,12.2
2025-11-22 10:06:50+00:00,55.306225,11.048822,4812.120218802157,FEDERAL SUTTON,538004383,12.2
2025-11-22 10:06:50+00:00,55.306225,11.048822,4812.120218802157,FEDERAL SUTTON,538004383,12.2
2025-11-22 10:06:51+00:00,55.230712,11.09524,13622.586071616488,ARC ENDEAVOR,366663000,10.4
2025-11-22 10:06:51+00:00,55.230712,11.09524,13622.586071616488,ARC ENDEAVOR,366663000,10.4
2025-11-22 10:06:51+00:00,55.230712,11.09524,13622.586071616488,ARC ENDEAVOR,366663000,10.4
2025-11-22 10:06:51+00:00,55.230712,11.09524,13622.586071616488,ARC ENDEAVOR,366663000,10.4
2025-11-22 10:06:55+00:00,55.463477,10.938497,13084.843984628456,RESOLUTE BAY,232005179,12.2
2025-11-22 10:06:55+00:00,55.463477,10.938497,13084.843984628456,RESOLUTE BAY,232005179,12.2
2025-11-22 10:07:00+00:00,55.230287,11.095422,13671.253735801893,ARC ENDEAVOR,366663000,10.4
2025-11-22 10:07:00+00:00,55.306828,11.04844,4741.67836245292,FEDERAL SUTTON,538004383,12.2
2025-11-22 10:07:00+00:00,55.306828,11.04844,4741.67836245292,FEDERAL SUTTON,538004383,12.2
2025-11-22 10:07:00+00:00,55.306828,11.04844,4741.67836245292,FEDERAL SUTTON,538004383,12.2
2025-11-22 10:07:00+00:00,55.306828,11.04844,4741.67836245292,FEDERAL SUTTON,538004383,12.2
2025-11-22 10:07:00+00:00,55.230287,11.095422,13671.253735801893,ARC ENDEAVOR,366663000,10.4
2025-11-22 10:07:00+00:00,55.230287,11.095422,13671.253735801893,ARC ENDEAVOR,366663000,10.4
2025-11-22 10:07:00+00:00,55.230287,11.095422,13671.253735801893,ARC ENDEAVOR,366663000,10.4
2025-11-22 10:07:00+00:00,55.319203,11.03801,3253.6165635238826,DUSK,629009770,9.7
2025-11-22 10:07:00+00:00,55.319203,11.03801,3253.6165635238826,DUSK,629009770,9.7
2025-11-22 10:07:00+00:00,55.319203,11.03801,3253.6165635238826,DUSK,629009770,9.7
2025-11-22 10:07:06+00:00,55.463993,10.93788,13144.452849719779,RESOLUTE BAY,232005179,12.2
2025-11-22 10:07:10+00:00,55.307447,11.048087,4669.840929528639,FEDERAL SUTTON,538004383,12.2
2025-11-22 10:07:10+00:00,55.307447,11.048087,4669.840929528639,FEDERAL SUTTON,538004383,12.2
2025-11-22 10:07:10+00:00,55.307447,11.048087,4669.840929528639,FEDERAL SUTTON,538004383,12.2
2025-11-22 10:07:10+00:00,55.307447,11.048087,4669.840929528639,FEDERAL SUTTON,538004383,12.2
2025-11-22 10:07:11+00:00,55.319698,11.037965,3199.227710686426,DUSK,629009770,9.7
2025-11-22 10:07:11+00:00,55.319698,11.037965,3199.227710686426,DUSK,629009770,9.7
2025-11-22 10:07:11+00:00,55.229725,11.095643,13735.363679755312,ARC ENDEAVOR,366663000,10.3
2025-11-22 10:07:11+00:00,55.229725,11.095643,13735.363679755312,ARC ENDEAVOR,366663000,10.3
2025-11-22 10:07:11+00:00,55.229725,11.095643,13735.363679755312,ARC ENDEAVOR,366663000,10.3
2025-11-22 10:07:16+00:00,55.464508,10.937265,13204.036775236813,RESOLUTE BAY,232005179,12.2
2025-11-22 10:07:20+00:00,55.307995,11.047785,4606.379152626739,FEDERAL SUTTON,538004383,12.2
2025-11-22 10:07:20+00:00,55.307995,11.047785,4606.379152626739,FEDERAL SUTTON,538004383,12.2
2025-11-22 10:07:20+00:00,55.307995,11.047785,4606.379152626739,FEDERAL SUTTON,538004383,12.2
2025-11-22 10:07:20+00:00,55.307995,11.047785,4606.379152626739,FEDERAL SUTTON,538004383,12.2
2025-11-22 10:07:20+00:00,55.320102,11.037925,3154.8116059808212,DUSK,629009770,9.7
2025-11-22 10:07:20+00:00,55.320102,11.037925,3154.8116059808212,DUSK,629009770,9.7
2025-11-22 10:07:20+00:00,55.320102,11.037925,3154.8116059808212,DUSK,629009770,9.7
2025-11-22 10:07:20+00:00,55.307995,11.047785,4606.379152626739,FEDERAL SUTTON,538004383,12.2
2025-11-22 10:07:21+00:00,55.229305,11.095795,13783.110289704156,ARC ENDEAVOR,366663000,10.3
2025-11-22 10:07:21+00:00,55.229305,11.095795,13783.110289704156,ARC ENDEAVOR,366663000,10.3
2025-11-22 10:07:21+00:00,55.229305,11.095795,13783.110289704156,ARC ENDEAVOR,366663000,10.3
2025-11-22 10:07:21+00:00,55.229305,11.095795,13783.110289704156,ARC ENDEAVOR,366663000,10.3
2025-11-22 10:07:25+00:00,55.464885,10.936818,13247.701617641702,RESOLUTE BAY,232005179,12.2
2025-11-22 10:07:25+00:00,55.464885,10.936818,13247.701617641702,RESOLUTE BAY,232005179,12.2
2025-11-22 10:07:25+00:00,55.464885,10.936818,13247.701617641702,RESOLUTE BAY,232005179,12.2
2025-11-22 10:07:29+00:00,55.308432,11.047558,4555.937655250854,FEDERAL SUTTON,538004383,12.2
2025-11-22 10:07:29+00:00,55.308432,11.047558,4555.937655250854,FEDERAL SUTTON,538004383,12.2
2025-11-22 10:07:29+00:00,55.308432,11.047558,4555.937655250854,FEDERAL SUTTON,538004383,12.2
2025-11-22 10:07:29+00:00,55.308432,11.047558,4555.937655250854,FEDERAL SUTTON,538004383,12.2
2025-11-22 10:07:29+00:00,55.320508,11.03791,3110.555635689285,DUSK,629009770,9.7
2025-11-22 10:07:29+00:00,55.320508,11.03791,3110.555635689285,DUSK,629009770,9.7
2025-11-22 10:07:29+00:00,55.320508,11.03791,3110.555635689285,DUSK,629009770,9.7
2025-11-22 10:07:31+00:00,55.228838,11.095955,13836.087151075093,ARC ENDEAVOR,366663000,10.3
2025-11-22 10:07:31+00:00,55.228838,11.095955,13836.087151075093,ARC ENDEAVOR,366663000,10.3
2025-11-22 10:07:36+00:00,55.228838,11.095955,13836.087151075093,ARC ENDEAVOR,366663000,10.3
2025-11-22 10:07:36+00:00,55.228838,11.095955,13836.087151075093,ARC ENDEAVOR,366663000,10.3
2025-11-22 10:07:36+00:00,55.228838,11.095955,13836.087151075093,ARC ENDEAVOR,366663000,10.3
2025-11-22 10:07:36+00:00,55.4654,10.936208,13307.426952116464,RESOLUTE BAY,232005179,12.2
2025-11-22 10:07:36+00:00,55.4654,10.936208,13307.426952116464,RESOLUTE BAY,232005179,12.2
2025-11-22 10:07:41+00:00,55.309088,11.047265,4480.764848275634,FEDERAL SUTTON,538004383,12.2
2025-11-22 10:07:41+00:00,55.309088,11.047265,4480.764848275634,FEDERAL SUTTON,538004383,12.2
2025-11-22 10:07:41+00:00,55.309088,11.047265,4480.764848275634,FEDERAL SUTTON,538004383,12.2
2025-11-22 10:07:41+00:00,55.228365,11.0961,13889.531136127298,ARC ENDEAVOR,366663000,10.3
2025-11-22 10:07:41+00:00,55.309088,11.047265,4480.764848275634,FEDERAL SUTTON,538004383,12.2
2025-11-22 10:07:41+00:00,55.228365,11.0961,13889.531136127298,ARC ENDEAVOR,366663000,10.3
2025-11-22 10:07:41+00:00,55.228365,11.0961,13889.531136127298,ARC ENDEAVOR,366663000,10.3
2025-11-22 10:07:41+00:00,55.228365,11.0961,13889.531136127298,ARC ENDEAVOR,366663000,10.3
2025-11-22 10:07:41+00:00,55.321043,11.037858,3051.8102223875912,DUSK,629009770,9.7
2025-11-22 10:07:45+00:00,55.46582,10.935705,13356.197756626912,RESOLUTE BAY,232005179,12.2
2025-11-22 10:07:45+00:00,55.46582,10.935705,13356.197756626912,RESOLUTE BAY,232005179,12.2
2025-11-22 10:07:50+00:00,55.309578,11.047038,4424.42352356286,FEDERAL SUTTON,538004383,12.2
2025-11-22 10:07:50+00:00,55.309578,11.047038,4424.42352356286,FEDERAL SUTTON,538004383,12.2
2025-11-22 10:07:50+00:00,55.309578,11.047038,4424.42352356286,FEDERAL SUTTON,538004383,12.2
2025-11-22 10:07:50+00:00,55.321442,11.037805,3007.8120690387,DUSK,629009770,9.7
2025-11-22 10:07:50+00:00,55.321442,11.037805,3007.8120690387,DUSK,629009770,9.7
2025-11-22 10:07:50+00:00,55.321442,11.037805,3007.8120690387,DUSK,629009770,9.7
2025-11-22 10:07:50+00:00,55.309578,11.047038,4424.42352356286,FEDERAL SUTTON,538004383,12.2
2025-11-22 10:07:51+00:00,55.227893,11.096227,13942.640933268058,ARC ENDEAVOR,366663000,10.3
2025-11-22 10:07:51+00:00,55.227893,11.096227,13942.640933268058,ARC ENDEAVOR,366663000,10.3
2025-11-22 10:07:51+00:00,55.227893,11.096227,13942.640933268058,ARC ENDEAVOR,366663000,10.3
2025-11-22 10:07:55+00:00,55.46629,10.935145,13410.822384167093,RESOLUTE BAY,232005179,12.2
2025-11-22 10:07:55+00:00,55.46629,10.935145,13410.822384167093,RESOLUTE BAY,232005179,12.2
2025-11-22 10:08:00+00:00,55.31012,11.04677,4361.87245230099,FEDERAL SUTTON,538004383,12.2
2025-11-22 10:08:00+00:00,55.31012,11.04677,4361.87245230099,FEDERAL SUTTON,538004383,12.2
2025-11-22 10:08:00+00:00,55.31012,11.04677,4361.87245230099,FEDERAL SUTTON,538004383,12.2
2025-11-22 10:08:00+00:00,55.31012,11.04677,4361.87245230099,FEDERAL SUTTON,538004383,12.2
2025-11-22 10:08:00+00:00,55.227462,11.096325,13990.913243188126,ARC ENDEAVOR,366663000,10.3
2025-11-22 10:08:00+00:00,55.227462,11.096325,13990.913243188126,ARC ENDEAVOR,366663000,10.3
2025-11-22 10:08:00+00:00,55.227462,11.096325,13990.913243188126,ARC ENDEAVOR,366663000,10.3
2025-11-22 10:08:00+00:00,55.227462,11.096325,13990.913243188126,ARC ENDEAVOR,366663000,10.3
2025-11-22 10:08:00+00:00,55.321883,11.03774,2959.1061511195494,DUSK,629009770,9.7
2025-11-22 10:08:00+00:00,55.321883,11.03774,2959.1061511195494,DUSK,629009770,9.7
2025-11-22 10:08:00+00:00,55.321883,11.03774,2959.1061511195494,DUSK,629009770,9.7
2025-11-22 10:08:06+00:00,55.466805,10.934523,13470.801520679792,RESOLUTE BAY,232005179,12.2
2025-11-22 10:08:06+00:00,55.466805,10.934523,13470.801520679792,RESOLUTE BAY,232005179,12.2
2025-11-22 10:08:07+00:00,55.466805,10.934523,13470.801520679792,RESOLUTE BAY,232005179,12.2
2025-11-22 10:08:07+00:00,55.466805,10.934523,13470.801520679792,RESOLUTE BAY,232005179,12.2
2025-11-22 10:08:10+00:00,55.310658,11.046488,4299.579940636651,FEDERAL SUTTON,538004383,12.2
2025-11-22 10:08:10+00:00,55.310658,11.046488,4299.579940636651,FEDERAL SUTTON,538004383,12.2
2025-11-22 10:08:10+00:00,55.310658,11.046488,4299.579940636651,FEDERAL SUTTON,538004383,12.2
2025-11-22 10:08:10+00:00,55.310658,11.046488,4299.579940636651,FEDERAL SUTTON,538004383,12.2
2025-11-22 10:08:11+00:00,55.322373,11.037703,2905.5416404116227,DUSK,629009770,9.7
2025-11-22 10:08:11+00:00,55.322373,11.037703,2905.5416404116227,DUSK,629009770,9.7
2025-11-22 10:08:11+00:00,55.322373,11.037703,2905.5416404116227,DUSK,629009770,9.7
2025-11-22 10:08:11+00:00,55.226888,11.09646,14055.2588338233,ARC ENDEAVOR,366663000,10.4
2025-11-22 10:08:11+00:00,55.226888,11.09646,14055.2588338233,ARC ENDEAVOR,366663000,10.4
2025-11-22 10:08:11+00:00,55.226888,11.09646,14055.2588338233,ARC ENDEAVOR,366663000,10.4
2025-11-22 10:08:16+00:00,55.46732,10.93391,13530.579262118668,RESOLUTE BAY,232005179,12.2
2025-11-22 10:08:19+00:00,55.32273,11.037688,2866.7200341667635,DUSK,629009770,9.7
2025-11-22 10:08:19+00:00,55.32273,11.037688,2866.7200341667635,DUSK,629009770,9.7
2025-11-22 10:08:20+00:00,55.3112,11.046225,4237.022452687834,FEDERAL SUTTON,538004383,12.2
2025-11-22 10:08:20+00:00,55.3112,11.046225,4237.022452687834,FEDERAL SUTTON,538004383,12.2
2025-11-22 10:08:20+00:00,55.3112,11.046225,4237.022452687834,FEDERAL SUTTON,538004383,12.2
2025-11-22 10:08:20+00:00,55.3112,11.046225,4237.022452687834,FEDERAL SUTTON,538004383,12.2
2025-11-22 10:08:21+00:00,55.226453,11.096563,14104.031913052168,ARC ENDEAVOR,366663000,10.4
2025-11-22 10:08:21+00:00,55.226453,11.096563,14104.031913052168,ARC ENDEAVOR,366663000,10.4
2025-11-22 10:08:21+00:00,55.226453,11.096563,14104.031913052168,ARC ENDEAVOR,366663000,10.4
2025-11-22 10:08:21+00:00,55.226453,11.096563,14104.031913052168,ARC ENDEAVOR,366663000,10.4
2025-11-22 10:08:25+00:00,55.467698,10.933467,13574.024134272217,RESOLUTE BAY,232005179,12.2
2025-11-22 10:08:25+00:00,55.467698,10.933467,13574.024134272217,RESOLUTE BAY,232005179,12.2
2025-11-22 10:08:25+00:00,55.467698,10.933467,13574.024134272217,RESOLUTE BAY,232005179,12.2
2025-11-22 10:08:29+00:00,55.31169,11.046008,4180.7586029957865,FEDERAL SUTTON,538004383,12.2
2025-11-22 10:08:29+00:00,55.31169,11.046008,4180.7586029957865,FEDERAL SUTTON,538004383,12.2
2025-11-22 10:08:29+00:00,55.31169,11.046008,4180.7586029957865,FEDERAL SUTTON,538004383,12.2
2025-11-22 10:08:29+00:00,55.31169,11.046008,4180.7586029957865,FEDERAL SUTTON,538004383,12.2
2025-11-22 10:08:29+00:00,55.323173,11.03768,2818.7115260385553,DUSK,629009770,9.6
2025-11-22 10:08:29+00:00,55.323173,11.03768,2818.7115260385553,DUSK,629009770,9.6
2025-11-22 10:08:29+00:00,55.323173,11.03768,2818.7115260385553,DUSK,629009770,9.6
2025-11-22 10:08:31+00:00,55.225968,11.096683,14158.47612754852,ARC ENDEAVOR,366663000,10.5
2025-11-22 10:08:31+00:00,55.225968,11.096683,14158.47612754852,ARC ENDEAVOR,366663000,10.5
2025-11-22 10:08:31+00:00,55.225968,11.096683,14158.47612754852,ARC ENDEAVOR,366663000,10.5
2025-11-22 10:08:36+00:00,55.468215,10.932857,13633.500076288019,RESOLUTE BAY,232005179,12.2
2025-11-22 10:08:36+00:00,55.468215,10.932857,13633.500076288019,RESOLUTE BAY,232005179,12.2
2025-11-22 10:08:36+00:00,55.468215,10.932857,13633.500076288019,RESOLUTE BAY,232005179,12.2
2025-11-22 10:08:41+00:00,55.312182,11.045795,4124.339537436955,FEDERAL SUTTON,538004383,12.2
2025-11-22 10:08:41+00:00,55.312182,11.045795,4124.339537436955,FEDERAL SUTTON,538004383,12.2
2025-11-22 10:08:41+00:00,55.312182,11.045795,4124.339537436955,FEDERAL SUTTON,538004383,12.2
2025-11-22 10:08:41+00:00,55.225485,11.096793,14212.578337659961,ARC ENDEAVOR,366663000,10.4
2025-11-22 10:08:41+00:00,55.312182,11.045795,4124.339537436955,FEDERAL SUTTON,538004383,12.2
2025-11-22 10:08:41+00:00,55.225485,11.096793,14212.578337659961,ARC ENDEAVOR,366663000,10.4
2025-11-22 10:08:41+00:00,55.323702,11.037618,2760.5967806224776,DUSK,629009770,9.6
2025-11-22 10:08:41+00:00,55.323702,11.037618,2760.5967806224776,DUSK,629009770,9.6
2025-11-22 10:08:41+00:00,55.225485,11.096793,14212.578337659961,ARC ENDEAVOR,366663000,10.4
2025-11-22 10:08:41+00:00,55.323702,11.037618,2760.5967806224776,DUSK,629009770,9.6
2025-11-22 10:08:45+00:00,55.468633,10.932357,13681.669971569889,RESOLUTE BAY,232005179,12.2
2025-11-22 10:08:45+00:00,55.468633,10.932357,13681.669971569889,RESOLUTE BAY,232005179,12.2
2025-11-22 10:08:50+00:00,55.324095,11.037553,2717.114532231213,DUSK,629009770,9.6
2025-11-22 10:08:50+00:00,55.324095,11.037553,2717.114532231213,DUSK,629009770,9.6
2025-11-22 10:08:50+00:00,55.312573,11.045627,4079.521863902005,FEDERAL SUTTON,538004383,12.2
2025-11-22 10:08:50+00:00,55.312573,11.045627,4079.521863902005,FEDERAL SUTTON,538004383,12.2
2025-11-22 10:08:50+00:00,55.312573,11.045627,4079.521863902005,FEDERAL SUTTON,538004383,12.2
2025-11-22 10:08:51+00:00,55.225003,11.096885,14266.3488734916,ARC ENDEAVOR,366663000,10.4
2025-11-22 10:08:51+00:00,55.225003,11.096885,14266.3488734916,ARC ENDEAVOR,366663000,10.4
2025-11-22 10:08:51+00:00,55.225003,11.096885,14266.3488734916,ARC ENDEAVOR,366663000,10.4
2025-11-22 10:08:51+00:00,55.225003,11.096885,14266.3488734916,ARC ENDEAVOR,366663000,10.4
2025-11-22 10:08:56+00:00,55.46915,10.931742,13741.317253709874,RESOLUTE BAY,232005179,12.2
2025-11-22 10:08:56+00:00,55.46915,10.931742,13741.317253709874,RESOLUTE BAY,232005179,12.2
2025-11-22 10:09:00+00:00,55.224565,11.096957,14315.068516250762,ARC ENDEAVOR,366663000,10.5
2025-11-22 10:09:00+00:00,55.324533,11.03749,2668.461315457932,DUSK,629009770,9.6
2025-11-22 10:09:00+00:00,55.324533,11.03749,2668.461315457932,DUSK,629009770,9.6
2025-11-22 10:09:00+00:00,55.224565,11.096957,14315.068516250762,ARC ENDEAVOR,366663000,10.5
2025-11-22 10:09:00+00:00,55.224565,11.096957,14315.068516250762,ARC ENDEAVOR,366663000,10.5
2025-11-22 10:09:00+00:00,55.224565,11.096957,14315.068516250762,ARC ENDEAVOR,366663000,10.5
2025-11-22 10:09:00+00:00,55.313085,11.045417,4020.9869926332863,FEDERAL SUTTON,538004383,12.2
2025-11-22 10:09:00+00:00,55.313085,11.045417,4020.9869926332863,FEDERAL SUTTON,538004383,12.2
2025-11-22 10:09:00+00:00,55.313085,11.045417,4020.9869926332863,FEDERAL SUTTON,538004383,12.2
2025-11-22 10:09:06+00:00,55.469623,10.931183,13795.955130239563,RESOLUTE BAY,232005179,12.2
2025-11-22 10:09:10+00:00,55.313673,11.04522,3954.438157579331,FEDERAL SUTTON,538004383,12.1
2025-11-22 10:09:10+00:00,55.313673,11.04522,3954.438157579331,FEDERAL SUTTON,538004383,12.1
2025-11-22 10:09:10+00:00,55.313673,11.04522,3954.438157579331,FEDERAL SUTTON,538004383,12.1
2025-11-22 10:09:10+00:00,55.313673,11.04522,3954.438157579331,FEDERAL SUTTON,538004383,12.1
2025-11-22 10:09:11+00:00,55.325023,11.037483,2614.782639756544,DUSK,629009770,9.6
2025-11-22 10:09:11+00:00,55.325023,11.037483,2614.782639756544,DUSK,629009770,9.6
2025-11-22 10:09:11+00:00,55.325023,11.037483,2614.782639756544,DUSK,629009770,9.6
2025-11-22 10:09:11+00:00,55.223975,11.097045,14380.587149237213,ARC ENDEAVOR,366663000,10.5
2025-11-22 10:09:11+00:00,55.223975,11.097045,14380.587149237213,ARC ENDEAVOR,366663000,10.5
2025-11-22 10:09:11+00:00,55.223975,11.097045,14380.587149237213,ARC ENDEAVOR,366663000,10.5
2025-11-22 10:09:16+00:00,55.470142,10.930573,13855.967475463958,RESOLUTE BAY,232005179,12.2
2025-11-22 10:09:16+00:00,55.470142,10.930573,13855.967475463958,RESOLUTE BAY,232005179,12.2
2025-11-22 10:09:19+00:00,55.325373,11.037442,2576.0151032565186,DUSK,629009770,9.6
2025-11-22 10:09:19+00:00,55.325373,11.037442,2576.0151032565186,DUSK,629009770,9.6
2025-11-22 10:09:20+00:00,55.31422,11.045055,3892.809644606693,FEDERAL SUTTON,538004383,12.1
2025-11-22 10:09:20+00:00,55.31422,11.045055,3892.809644606693,FEDERAL SUTTON,538004383,12.1
2025-11-22 10:09:20+00:00,55.31422,11.045055,3892.809644606693,FEDERAL SUTTON,538004383,12.1
2025-11-22 10:09:21+00:00,55.22353,11.097105,14429.927590413496,ARC ENDEAVOR,366663000,10.6
2025-11-22 10:09:21+00:00,55.22353,11.097105,14429.927590413496,ARC ENDEAVOR,366663000,10.6
2025-11-22 10:09:21+00:00,55.22353,11.097105,14429.927590413496,ARC ENDEAVOR,366663000,10.6
2025-11-22 10:09:21+00:00,55.22353,11.097105,14429.927590413496,ARC ENDEAVOR,366663000,10.6
2025-11-22 10:09:25+00:00,55.470565,10.93008,13904.90041843728,RESOLUTE BAY,232005179,12.2
2025-11-22 10:09:25+00:00,55.470565,10.93008,13904.90041843728,RESOLUTE BAY,232005179,12.2
2025-11-22 10:09:29+00:00,55.31466,11.04493,3843.232191523007,FEDERAL SUTTON,538004383,12.1
2025-11-22 10:09:29+00:00,55.31466,11.04493,3843.232191523007,FEDERAL SUTTON,538004383,12.1
2025-11-22 10:09:29+00:00,55.31466,11.04493,3843.232191523007,FEDERAL SUTTON,538004383,12.1
2025-11-22 10:09:29+00:00,55.31466,11.04493,3843.232191523007,FEDERAL SUTTON,538004383,12.1
2025-11-22 10:09:29+00:00,55.32581,11.037383,2527.5262806698943,DUSK,629009770,9.6
2025-11-22 10:09:29+00:00,55.32581,11.037383,2527.5262806698943,DUSK,629009770,9.6
2025-11-22 10:09:31+00:00,55.223037,11.097167,14484.537909957562,ARC ENDEAVOR,366663000,10.6
2025-11-22 10:09:31+00:00,55.223037,11.097167,14484.537909957562,ARC ENDEAVOR,366663000,10.6
2025-11-22 10:09:36+00:00,55.471038,10.929543,13959.626298504885,RESOLUTE BAY,232005179,12.2
2025-11-22 10:09:36+00:00,55.471038,10.929543,13959.626298504885,RESOLUTE BAY,232005179,12.2
2025-11-22 10:09:36+00:00,55.471038,10.929543,13959.626298504885,RESOLUTE BAY,232005179,12.2
2025-11-22 10:09:40+00:00,55.326302,11.03735,2473.3549742127025,DUSK,629009770,9.6
2025-11-22 10:09:40+00:00,55.326302,11.03735,2473.3549742127025,DUSK,629009770,9.6
2025-11-22 10:09:40+00:00,55.326302,11.03735,2473.3549742127025,DUSK,629009770,9.6
2025-11-22 10:09:41+00:00,55.315323,11.04475,3768.638269457578,FEDERAL SUTTON,538004383,12.0
2025-11-22 10:09:41+00:00,55.315323,11.04475,3768.638269457578,FEDERAL SUTTON,538004383,12.0
2025-11-22 10:09:41+00:00,55.315323,11.04475,3768.638269457578,FEDERAL SUTTON,538004383,12.0
2025-11-22 10:09:41+00:00,55.315323,11.04475,3768.638269457578,FEDERAL SUTTON,538004383,12.0
2025-11-22 10:09:41+00:00,55.22254,11.097225,14539.539233427071,ARC ENDEAVOR,366663000,10.7
2025-11-22 10:09:41+00:00,55.22254,11.097225,14539.539233427071,ARC ENDEAVOR,366663000,10.7
2025-11-22 10:09:41+00:00,55.22254,11.097225,14539.539233427071,ARC ENDEAVOR,366663000,10.7
2025-11-22 10:09:41+00:00,55.22254,11.097225,14539.539233427071,ARC ENDEAVOR,366663000,10.7
2025-11-22 10:09:45+00:00,55.471453,10.929067,14007.717097593302,RESOLUTE BAY,232005179,12.2
2025-11-22 10:09:45+00:00,55.326302,11.03735,2473.3549742127025,DUSK,629009770,9.6
2025-11-22 10:09:45+00:00,55.326302,11.03735,2473.3549742127025,DUSK,629009770,9.6
2025-11-22 10:09:45+00:00,55.471453,10.929067,14007.717097593302,RESOLUTE BAY,232005179,12.2
2025-11-22 10:09:50+00:00,55.22209,11.09728,14589.372611449013,ARC ENDEAVOR,366663000,10.8
2025-11-22 10:09:50+00:00,55.22209,11.09728,14589.372611449013,ARC ENDEAVOR,366663000,10.8
2025-11-22 10:09:50+00:00,55.22209,11.09728,14589.372611449013,ARC ENDEAVOR,366663000,10.8
2025-11-22 10:09:50+00:00,55.315767,11.044643,3718.86194508448,FEDERAL SUTTON,538004383,12.0
2025-11-22 10:09:50+00:00,55.22209,11.09728,14589.372611449013,ARC ENDEAVOR,366663000,10.8
2025-11-22 10:09:50+00:00,55.315767,11.044643,3718.86194508448,FEDERAL SUTTON,538004383,12.0
2025-11-22 10:09:50+00:00,55.315767,11.044643,3718.86194508448,FEDERAL SUTTON,538004383,12.0
2025-11-22 10:09:50+00:00,55.326745,11.037335,2424.7796719826247,DUSK,629009770,9.6
2025-11-22 10:09:50+00:00,55.326745,11.037335,2424.7796719826247,DUSK,629009770,9.6
2025-11-22 10:09:50+00:00,55.315767,11.044643,3718.86194508448,FEDERAL SUTTON,538004383,12.0
2025-11-22 10:09:56+00:00,55.471968,10.928475,14067.473958233075,RESOLUTE BAY,232005179,12.2
2025-11-22 10:09:56+00:00,55.471968,10.928475,14067.473958233075,RESOLUTE BAY,232005179,12.2
2025-11-22 10:10:00+00:00,55.316373,11.044533,3651.400853363044,FEDERAL SUTTON,538004383,12.0
2025-11-22 10:10:00+00:00,55.316373,11.044533,3651.400853363044,FEDERAL SUTTON,538004383,12.0
2025-11-22 10:10:00+00:00,55.316373,11.044533,3651.400853363044,FEDERAL SUTTON,538004383,12.0
2025-11-22 10:10:00+00:00,55.327195,11.037372,2376.1285681523477,DUSK,629009770,9.6
2025-11-22 10:10:00+00:00,55.22159,11.097345,14644.79364782787,ARC ENDEAVOR,366663000,10.8
2025-11-22 10:10:00+00:00,55.22159,11.097345,14644.79364782787,ARC ENDEAVOR,366663000,10.8
2025-11-22 10:10:00+00:00,55.22159,11.097345,14644.79364782787,ARC ENDEAVOR,366663000,10.8
2025-11-22 10:10:00+00:00,55.22159,11.097345,14644.79364782787,ARC ENDEAVOR,366663000,10.8
2025-11-22 10:10:00+00:00,55.327195,11.037372,2376.1285681523477,DUSK,629009770,9.6
2025-11-22 10:10:06+00:00,55.47249,10.927875,14128.123312311438,RESOLUTE BAY,232005179,12.2
2025-11-22 10:10:10+00:00,55.316927,11.044473,3590.2775295050455,FEDERAL SUTTON,538004383,12.0
2025-11-22 10:10:10+00:00,55.316927,11.044473,3590.2775295050455,FEDERAL SUTTON,538004383,12.0
2025-11-22 10:10:10+00:00,55.316927,11.044473,3590.2775295050455,FEDERAL SUTTON,538004383,12.0
2025-11-22 10:10:10+00:00,55.316927,11.044473,3590.2775295050455,FEDERAL SUTTON,538004383,12.0
2025-11-22 10:10:10+00:00,55.316927,11.044473,3590.2775295050455,FEDERAL SUTTON,538004383,12.0
2025-11-22 10:10:11+00:00,55.327688,11.037387,2322.569531542113,DUSK,629009770,9.6
2025-11-22 10:10:11+00:00,55.327688,11.037387,2322.569531542113,DUSK,629009770,9.6
2025-11-22 10:10:11+00:00,55.327688,11.037387,2322.569531542113,DUSK,629009770,9.6
2025-11-22 10:10:11+00:00,55.220987,11.097418,14711.569750909504,ARC ENDEAVOR,366663000,10.8
2025-11-22 10:10:11+00:00,55.220987,11.097418,14711.569750909504,ARC ENDEAVOR,366663000,10.8
2025-11-22 10:10:11+00:00,55.220987,11.097418,14711.569750909504,ARC ENDEAVOR,366663000,10.8
2025-11-22 10:10:16+00:00,55.472962,10.927322,14183.077696970344,RESOLUTE BAY,232005179,12.2
2025-11-22 10:10:19+00:00,55.328045,11.037383,2283.628138101554,DUSK,629009770,9.7
2025-11-22 10:10:20+00:00,55.317645,11.044398,3510.9627097377943,FEDERAL SUTTON,538004383,12.0
2025-11-22 10:10:20+00:00,55.317645,11.044398,3510.9627097377943,FEDERAL SUTTON,538004383,12.0
2025-11-22 10:10:20+00:00,55.317645,11.044398,3510.9627097377943,FEDERAL SUTTON,538004383,12.0
2025-11-22 10:10:20+00:00,55.317645,11.044398,3510.9627097377943,FEDERAL SUTTON,538004383,12.0
2025-11-22 10:10:21+00:00,55.220533,11.097457,14761.654717049263,ARC ENDEAVOR,366663000,10.7
2025-11-22 10:10:21+00:00,55.220533,11.097457,14761.654717049263,ARC ENDEAVOR,366663000,10.7
2025-11-22 10:10:21+00:00,55.220533,11.097457,14761.654717049263,ARC ENDEAVOR,366663000,10.7
2025-11-22 10:10:25+00:00,55.47339,10.926833,14232.908293779461,RESOLUTE BAY,232005179,12.2
2025-11-22 10:10:25+00:00,55.47339,10.926833,14232.908293779461,RESOLUTE BAY,232005179,12.2
2025-11-22 10:10:25+00:00,55.47339,10.926833,14232.908293779461,RESOLUTE BAY,232005179,12.2
2025-11-22 10:10:25+00:00,55.47339,10.926833,14232.908293779461,RESOLUTE BAY,232005179,12.2
2025-11-22 10:10:29+00:00,55.328495,11.037365,2234.383405451878,DUSK,629009770,9.7
2025-11-22 10:10:29+00:00,55.328495,11.037365,2234.383405451878,DUSK,629009770,9.7
2025-11-22 10:10:29+00:00,55.328495,11.037365,2234.383405451878,DUSK,629009770,9.7
2025-11-22 10:10:30+00:00,55.318342,11.04433,3433.8063452563038,FEDERAL SUTTON,538004383,12.0
2025-11-22 10:10:30+00:00,55.318342,11.04433,3433.8063452563038,FEDERAL SUTTON,538004383,12.0
2025-11-22 10:10:30+00:00,55.318342,11.04433,3433.8063452563038,FEDERAL SUTTON,538004383,12.0
2025-11-22 10:10:31+00:00,55.220032,11.097492,14816.831394204548,ARC ENDEAVOR,366663000,10.7
2025-11-22 10:10:31+00:00,55.220032,11.097492,14816.831394204548,ARC ENDEAVOR,366663000,10.7
2025-11-22 10:10:31+00:00,55.220032,11.097492,14816.831394204548,ARC ENDEAVOR,366663000,10.7
2025-11-22 10:10:31+00:00,55.220032,11.097492,14816.831394204548,ARC ENDEAVOR,366663000,10.7
2025-11-22 10:10:36+00:00,55.473868,10.926292,14288.596692591096,RESOLUTE BAY,232005179,12.2
2025-11-22 10:10:36+00:00,55.473868,10.926292,14288.596692591096,RESOLUTE BAY,232005179,12.2
2025-11-22 10:10:40+00:00,55.328985,11.03734,2180.691220591497,DUSK,629009770,9.7
2025-11-22 10:10:40+00:00,55.328985,11.03734,2180.691220591497,DUSK,629009770,9.7
2025-11-22 10:10:40+00:00,55.328985,11.03734,2180.691220591497,DUSK,629009770,9.7
2025-11-22 10:10:41+00:00,55.318948,11.04427,3366.7344827838897,FEDERAL SUTTON,538004383,12.0
2025-11-22 10:10:41+00:00,55.318948,11.04427,3366.7344827838897,FEDERAL SUTTON,538004383,12.0
2025-11-22 10:10:41+00:00,55.318948,11.04427,3366.7344827838897,FEDERAL SUTTON,538004383,12.0
2025-11-22 10:10:41+00:00,55.21953,11.09751,14871.91683765691,ARC ENDEAVOR,366663000,10.7
2025-11-22 10:10:41+00:00,55.318948,11.04427,3366.7344827838897,FEDERAL SUTTON,538004383,12.0
2025-11-22 10:10:41+00:00,55.21953,11.09751,14871.91683765691,ARC ENDEAVOR,366663000,10.7
2025-11-22 10:10:41+00:00,55.21953,11.09751,14871.91683765691,ARC ENDEAVOR,366663000,10.7
2025-11-22 10:10:41+00:00,55.21953,11.09751,14871.91683765691,ARC ENDEAVOR,366663000,10.7
2025-11-22 10:10:41+00:00,55.21953,11.09751,14871.91683765691,ARC ENDEAVOR,366663000,10.7
2025-11-22 10:10:45+00:00,55.474297,10.92581,14338.612277739647,RESOLUTE BAY,232005179,12.2
2025-11-22 10:10:45+00:00,55.474297,10.92581,14338.612277739647,RESOLUTE BAY,232005179,12.2
2025-11-22 10:10:45+00:00,55.474297,10.92581,14338.612277739647,RESOLUTE BAY,232005179,12.2
2025-11-22 10:10:50+00:00,55.219078,11.097522,14921.470199288638,ARC ENDEAVOR,366663000,10.8
2025-11-22 10:10:50+00:00,55.219078,11.097522,14921.470199288638,ARC ENDEAVOR,366663000,10.8
2025-11-22 10:10:50+00:00,55.219078,11.097522,14921.470199288638,ARC ENDEAVOR,366663000,10.8
2025-11-22 10:10:50+00:00,55.219078,11.097522,14921.470199288638,ARC ENDEAVOR,366663000,10.8
2025-11-22 10:10:50+00:00,55.319455,11.04423,3310.7525507702358,FEDERAL SUTTON,538004383,12.0
2025-11-22 10:10:50+00:00,55.319455,11.04423,3310.7525507702358,FEDERAL SUTTON,538004383,12.0
2025-11-22 10:10:50+00:00,55.319455,11.04423,3310.7525507702358,FEDERAL SUTTON,538004383,12.0
2025-11-22 10:10:50+00:00,55.32943,11.037312,2131.884660795971,DUSK,629009770,9.7
2025-11-22 10:10:50+00:00,55.32943,11.037312,2131.884660795971,DUSK,629009770,9.7
2025-11-22 10:10:50+00:00,55.319455,11.04423,3310.7525507702358,FEDERAL SUTTON,538004383,12.0
2025-11-22 10:10:54+00:00,55.319455,11.04423,3310.7525507702358,FEDERAL SUTTON,538004383,12.0
2025-11-22 10:10:54+00:00,55.319455,11.04423,3310.7525507702358,FEDERAL SUTTON,538004383,12.0
2025-11-22 10:10:56+00:00,55.474817,10.92522,14399.325643097074,RESOLUTE BAY,232005179,12.2
2025-11-22 10:10:56+00:00,55.474817,10.92522,14399.325643097074,RESOLUTE BAY,232005179,12.2
2025-11-22 10:11:00+00:00,55.320015,11.044192,3249.010689331256,FEDERAL SUTTON,538004383,11.9
2025-11-22 10:11:00+00:00,55.320015,11.044192,3249.010689331256,FEDERAL SUTTON,538004383,11.9
2025-11-22 10:11:00+00:00,55.320015,11.044192,3249.010689331256,FEDERAL SUTTON,538004383,11.9
2025-11-22 10:11:00+00:00,55.320015,11.044192,3249.010689331256,FEDERAL SUTTON,538004383,11.9
2025-11-22 10:11:00+00:00,55.32988,11.037273,2082.4198056671785,DUSK,629009770,9.8
2025-11-22 10:11:00+00:00,55.218572,11.097538,14976.98055868099,ARC ENDEAVOR,366663000,10.8
2025-11-22 10:11:00+00:00,55.32988,11.037273,2082.4198056671785,DUSK,629009770,9.8
2025-11-22 10:11:00+00:00,55.218572,11.097538,14976.98055868099,ARC ENDEAVOR,366663000,10.8
2025-11-22 10:11:00+00:00,55.32988,11.037273,2082.4198056671785,DUSK,629009770,9.8
2025-11-22 10:11:00+00:00,55.218572,11.097538,14976.98055868099,ARC ENDEAVOR,366663000,10.8
2025-11-22 10:11:00+00:00,55.218572,11.097538,14976.98055868099,ARC ENDEAVOR,366663000,10.8
2025-11-22 10:11:06+00:00,55.475335,10.924622,14459.735530420308,RESOLUTE BAY,232005179,12.2
2025-11-22 10:11:06+00:00,55.475335,10.924622,14459.735530420308,RESOLUTE BAY,232005179,12.2
2025-11-22 10:11:10+00:00,55.320572,11.044175,3187.8649007894905,FEDERAL SUTTON,538004383,11.9
2025-11-22 10:11:10+00:00,55.320572,11.044175,3187.8649007894905,FEDERAL SUTTON,538004383,11.9
2025-11-22 10:11:10+00:00,55.320572,11.044175,3187.8649007894905,FEDERAL SUTTON,538004383,11.9
2025-11-22 10:11:10+00:00,55.320572,11.044175,3187.8649007894905,FEDERAL SUTTON,538004383,11.9
2025-11-22 10:11:11+00:00,55.33037,11.037235,2028.659447020629,DUSK,629009770,9.8
2025-11-22 10:11:11+00:00,55.33037,11.037235,2028.659447020629,DUSK,629009770,9.8
2025-11-22 10:11:11+00:00,55.217965,11.097553,15043.529076317533,ARC ENDEAVOR,366663000,10.9
2025-11-22 10:11:11+00:00,55.217965,11.097553,15043.529076317533,ARC ENDEAVOR,366663000,10.9
2025-11-22 10:11:11+00:00,55.217965,11.097553,15043.529076317533,ARC ENDEAVOR,366663000,10.9
2025-11-22 10:11:16+00:00,55.475807,10.924075,14514.668276077056,RESOLUTE BAY,232005179,12.1
2025-11-22 10:11:19+00:00,55.330727,11.037218,1989.6723425910216,DUSK,629009770,9.8
2025-11-22 10:11:20+00:00,55.32098,11.044167,3143.1508875840263,FEDERAL SUTTON,538004383,12.0
2025-11-22 10:11:20+00:00,55.32098,11.044167,3143.1508875840263,FEDERAL SUTTON,538004383,12.0
2025-11-22 10:11:21+00:00,55.217508,11.09757,15093.706385059502,ARC ENDEAVOR,366663000,10.9
2025-11-22 10:11:21+00:00,55.217508,11.09757,15093.706385059502,ARC ENDEAVOR,366663000,10.9
2025-11-22 10:11:21+00:00,55.217508,11.09757,15093.706385059502,ARC ENDEAVOR,366663000,10.9
2025-11-22 10:11:21+00:00,55.217508,11.09757,15093.706385059502,ARC ENDEAVOR,366663000,10.9
2025-11-22 10:11:25+00:00,55.476232,10.923578,14564.206535451356,RESOLUTE BAY,232005179,12.2
2025-11-22 10:11:25+00:00,55.476232,10.923578,14564.206535451356,RESOLUTE BAY,232005179,12.2
2025-11-22 10:11:29+00:00,55.331175,11.037217,1941.0882859731803,DUSK,629009770,9.8
2025-11-22 10:11:29+00:00,55.331175,11.037217,1941.0882859731803,DUSK,629009770,9.8
2025-11-22 10:11:29+00:00,55.331175,11.037217,1941.0882859731803,DUSK,629009770,9.8
2025-11-22 10:11:30+00:00,55.321568,11.044147,3078.6350120095176,FEDERAL SUTTON,538004383,12.0
2025-11-22 10:11:30+00:00,55.321568,11.044147,3078.6350120095176,FEDERAL SUTTON,538004383,12.0
2025-11-22 10:11:30+00:00,55.321568,11.044147,3078.6350120095176,FEDERAL SUTTON,538004383,12.0
2025-11-22 10:11:30+00:00,55.321568,11.044147,3078.6350120095176,FEDERAL SUTTON,538004383,12.0
2025-11-22 10:11:31+00:00,55.217003,11.097588,15149.150144459272,ARC ENDEAVOR,366663000,10.9
2025-11-22 10:11:31+00:00,55.217003,11.097588,15149.150144459272,ARC ENDEAVOR,366663000,10.9
2025-11-22 10:11:31+00:00,55.217003,11.097588,15149.150144459272,ARC ENDEAVOR,366663000,10.9
2025-11-22 10:11:31+00:00,55.217003,11.097588,15149.150144459272,ARC ENDEAVOR,366663000,10.9
2025-11-22 10:11:36+00:00,55.476702,10.923028,14618.784669126277,RESOLUTE BAY,232005179,12.2
2025-11-22 10:11:36+00:00,55.476702,10.923028,14618.784669126277,RESOLUTE BAY,232005179,12.2
2025-11-22 10:11:40+00:00,55.331667,11.037223,1887.90684304998,DUSK,629009770,9.7
2025-11-22 10:11:40+00:00,55.331667,11.037223,1887.90684304998,DUSK,629009770,9.7
2025-11-22 10:11:41+00:00,55.216498,11.09761,15204.64705155744,ARC ENDEAVOR,366663000,10.9
2025-11-22 10:11:41+00:00,55.216498,11.09761,15204.64705155744,ARC ENDEAVOR,366663000,10.9
2025-11-22 10:11:41+00:00,55.216498,11.09761,15204.64705155744,ARC ENDEAVOR,366663000,10.9
2025-11-22 10:11:41+00:00,55.216498,11.09761,15204.64705155744,ARC ENDEAVOR,366663000,10.9
2025-11-22 10:11:41+00:00,55.322257,11.044142,3003.2635682333807,FEDERAL SUTTON,538004383,12.0
2025-11-22 10:11:41+00:00,55.322257,11.044142,3003.2635682333807,FEDERAL SUTTON,538004383,12.0
2025-11-22 10:11:41+00:00,55.322257,11.044142,3003.2635682333807,FEDERAL SUTTON,538004383,12.0
2025-11-22 10:11:41+00:00,55.322257,11.044142,3003.2635682333807,FEDERAL SUTTON,538004383,12.0
2025-11-22 10:11:45+00:00,55.477122,10.922528,14667.076675338223,RESOLUTE BAY,232005179,12.1
2025-11-22 10:11:45+00:00,55.477122,10.922528,14667.076675338223,RESOLUTE BAY,232005179,12.1
2025-11-22 10:11:50+00:00,55.322752,11.044142,2949.181493767527,FEDERAL SUTTON,538004383,12.0
2025-11-22 10:11:50+00:00,55.322752,11.044142,2949.181493767527,FEDERAL SUTTON,538004383,12.0
2025-11-22 10:11:50+00:00,55.322752,11.044142,2949.181493767527,FEDERAL SUTTON,538004383,12.0
2025-11-22 10:11:50+00:00,55.322752,11.044142,2949.181493767527,FEDERAL SUTTON,538004383,12.0
2025-11-22 10:11:50+00:00,55.216045,11.097623,15254.354537569707,ARC ENDEAVOR,366663000,10.9
2025-11-22 10:11:50+00:00,55.216045,11.097623,15254.354537569707,ARC ENDEAVOR,366663000,10.9
2025-11-22 10:11:50+00:00,55.216045,11.097623,15254.354537569707,ARC ENDEAVOR,366663000,10.9
2025-11-22 10:11:51+00:00,55.33216,11.037238,1834.84573226974,DUSK,629009770,9.7
2025-11-22 10:11:51+00:00,55.33216,11.037238,1834.84573226974,DUSK,629009770,9.7
2025-11-22 10:11:56+00:00,55.477633,10.92192,14725.90927443256,RESOLUTE BAY,232005179,12.1
2025-11-22 10:11:56+00:00,55.477633,10.92192,14725.90927443256,RESOLUTE BAY,232005179,12.1
2025-11-22 10:12:00+00:00,55.323413,11.04413,2876.8268604748655,FEDERAL SUTTON,538004383,11.9
2025-11-22 10:12:00+00:00,55.323413,11.04413,2876.8268604748655,FEDERAL SUTTON,538004383,11.9
2025-11-22 10:12:00+00:00,55.323413,11.04413,2876.8268604748655,FEDERAL SUTTON,538004383,11.9
2025-11-22 10:12:00+00:00,55.323413,11.04413,2876.8268604748655,FEDERAL SUTTON,538004383,11.9
2025-11-22 10:12:00+00:00,55.323413,11.04413,2876.8268604748655,FEDERAL SUTTON,538004383,11.9
2025-11-22 10:12:00+00:00,55.332565,11.037245,1791.2543658149111,DUSK,629009770,9.8
2025-11-22 10:12:00+00:00,55.332565,11.037245,1791.2543658149111,DUSK,629009770,9.8
2025-11-22 10:12:00+00:00,55.215545,11.09763,15309.13839919698,ARC ENDEAVOR,366663000,10.8
2025-11-22 10:12:00+00:00,55.215545,11.09763,15309.13839919698,ARC ENDEAVOR,366663000,10.8
2025-11-22 10:12:00+00:00,55.215545,11.09763,15309.13839919698,ARC ENDEAVOR,366663000,10.8
2025-11-22 10:12:00+00:00,55.215545,11.09763,15309.13839919698,ARC ENDEAVOR,366663000,10.8
2025-11-22 10:12:06+00:00,55.478145,10.921308,14784.952289874758,RESOLUTE BAY,232005179,12.1
2025-11-22 10:12:06+00:00,55.478145,10.921308,14784.952289874758,RESOLUTE BAY,232005179,12.1
2025-11-22 10:12:10+00:00,55.323955,11.0441,2817.24205514119,FEDERAL SUTTON,538004383,11.9
2025-11-22 10:12:10+00:00,55.323955,11.0441,2817.24205514119,FEDERAL SUTTON,538004383,11.9
2025-11-22 10:12:10+00:00,55.323955,11.0441,2817.24205514119,FEDERAL SUTTON,538004383,11.9
2025-11-22 10:12:10+00:00,55.323955,11.0441,2817.24205514119,FEDERAL SUTTON,538004383,11.9
2025-11-22 10:12:10+00:00,55.21505,11.09763,15363.299415451696,ARC ENDEAVOR,366663000,10.8
2025-11-22 10:12:10+00:00,55.21505,11.09763,15363.299415451696,ARC ENDEAVOR,366663000,10.8
2025-11-22 10:12:10+00:00,55.21505,11.09763,15363.299415451696,ARC ENDEAVOR,366663000,10.8
2025-11-22 10:12:10+00:00,55.21505,11.09763,15363.299415451696,ARC ENDEAVOR,366663000,10.8
2025-11-22 10:12:10+00:00,55.21505,11.09763,15363.299415451696,ARC ENDEAVOR,366663000,10.8
2025-11-22 10:12:11+00:00,55.333062,11.037263,1738.0190400404742,DUSK,629009770,9.8
2025-11-22 10:12:11+00:00,55.333062,11.037263,1738.0190400404742,DUSK,629009770,9.8
2025-11-22 10:12:11+00:00,55.333062,11.037263,1738.0190400404742,DUSK,629009770,9.8
2025-11-22 10:12:16+00:00,55.478608,10.920752,14838.404743830106,RESOLUTE BAY,232005179,12.1
2025-11-22 10:12:21+00:00,55.214498,11.097625,15423.64667006107,ARC ENDEAVOR,366663000,10.7
2025-11-22 10:12:21+00:00,55.214498,11.097625,15423.64667006107,ARC ENDEAVOR,366663000,10.7
2025-11-22 10:12:21+00:00,55.214498,11.097625,15423.64667006107,ARC ENDEAVOR,366663000,10.7
2025-11-22 10:12:21+00:00,55.214498,11.097625,15423.64667006107,ARC ENDEAVOR,366663000,10.7
2025-11-22 10:12:21+00:00,55.324502,11.044073,2757.1468145449085,FEDERAL SUTTON,538004383,11.9
2025-11-22 10:12:21+00:00,55.324502,11.044073,2757.1468145449085,FEDERAL SUTTON,538004383,11.9
2025-11-22 10:12:21+00:00,55.324502,11.044073,2757.1468145449085,FEDERAL SUTTON,538004383,11.9
2025-11-22 10:12:21+00:00,55.324502,11.044073,2757.1468145449085,FEDERAL SUTTON,538004383,11.9
2025-11-22 10:12:21+00:00,55.214498,11.097625,15423.64667006107,ARC ENDEAVOR,366663000,10.7
2025-11-22 10:12:25+00:00,55.479025,10.920258,14886.565812724279,RESOLUTE BAY,232005179,12.1
2025-11-22 10:12:25+00:00,55.479025,10.920258,14886.565812724279,RESOLUTE BAY,232005179,12.1
2025-11-22 10:12:30+00:00,55.324997,11.044063,2702.9584842513354,FEDERAL SUTTON,538004383,11.9
2025-11-22 10:12:30+00:00,55.324997,11.044063,2702.9584842513354,FEDERAL SUTTON,538004383,11.9
2025-11-22 10:12:30+00:00,55.324997,11.044063,2702.9584842513354,FEDERAL SUTTON,538004383,11.9
2025-11-22 10:12:30+00:00,55.333927,11.037253,1644.4470466012892,DUSK,629009770,9.8
2025-11-22 10:12:30+00:00,55.333927,11.037253,1644.4470466012892,DUSK,629009770,9.8
2025-11-22 10:12:30+00:00,55.333927,11.037253,1644.4470466012892,DUSK,629009770,9.8
2025-11-22 10:12:30+00:00,55.324997,11.044063,2702.9584842513354,FEDERAL SUTTON,538004383,11.9
2025-11-22 10:12:31+00:00,55.214,11.097615,15478.033995696853,ARC ENDEAVOR,366663000,10.7
2025-11-22 10:12:31+00:00,55.214,11.097615,15478.033995696853,ARC ENDEAVOR,366663000,10.7
2025-11-22 10:12:31+00:00,55.214,11.097615,15478.033995696853,ARC ENDEAVOR,366663000,10.7
2025-11-22 10:12:31+00:00,55.214,11.097615,15478.033995696853,ARC ENDEAVOR,366663000,10.7
2025-11-22 10:12:31+00:00,55.214,11.097615,15478.033995696853,ARC ENDEAVOR,366663000,10.7
2025-11-22 10:12:36+00:00,55.479488,10.919705,14940.120888660987,RESOLUTE BAY,232005179,12.1
2025-11-22 10:12:36+00:00,55.479488,10.919705,14940.120888660987,RESOLUTE BAY,232005179,12.1
2025-11-22 10:12:36+00:00,55.479488,10.919705,14940.120888660987,RESOLUTE BAY,232005179,12.1
2025-11-22 10:12:40+00:00,55.334387,11.037297,1594.6709945941448,DUSK,629009770,9.8
2025-11-22 10:12:40+00:00,55.334387,11.037297,1594.6709945941448,DUSK,629009770,9.8
2025-11-22 10:12:41+00:00,55.213503,11.0976,15532.261379456913,ARC ENDEAVOR,366663000,10.7
2025-11-22 10:12:41+00:00,55.213503,11.0976,15532.261379456913,ARC ENDEAVOR,366663000,10.7
2025-11-22 10:12:41+00:00,55.213503,11.0976,15532.261379456913,ARC ENDEAVOR,366663000,10.7
2025-11-22 10:12:41+00:00,55.213503,11.0976,15532.261379456913,ARC ENDEAVOR,366663000,10.7
2025-11-22 10:12:41+00:00,55.325602,11.044062,2636.9101082793495,FEDERAL SUTTON,538004383,11.9
2025-11-22 10:12:41+00:00,55.325602,11.044062,2636.9101082793495,FEDERAL SUTTON,538004383,11.9
2025-11-22 10:12:41+00:00,55.325602,11.044062,2636.9101082793495,FEDERAL SUTTON,538004383,11.9
2025-11-22 10:12:41+00:00,55.325602,11.044062,2636.9101082793495,FEDERAL SUTTON,538004383,11.9
2025-11-22 10:12:41+00:00,55.325602,11.044062,2636.9101082793495,FEDERAL SUTTON,538004383,11.9
2025-11-22 10:12:45+00:00,55.479908,10.919213,14988.722293172923,RESOLUTE BAY,232005179,12.1
2025-11-22 10:12:45+00:00,55.479908,10.919213,14988.722293172923,RESOLUTE BAY,232005179,12.1
2025-11-22 10:12:49+00:00,55.326022,11.044063,2591.083707289124,FEDERAL SUTTON,538004383,12.0
2025-11-22 10:12:49+00:00,55.326022,11.044063,2591.083707289124,FEDERAL SUTTON,538004383,12.0
2025-11-22 10:12:49+00:00,55.326022,11.044063,2591.083707289124,FEDERAL SUTTON,538004383,12.0
2025-11-22 10:12:49+00:00,55.326022,11.044063,2591.083707289124,FEDERAL SUTTON,538004383,12.0
2025-11-22 10:12:50+00:00,55.213058,11.097573,15580.66500406095,ARC ENDEAVOR,366663000,10.7
2025-11-22 10:12:50+00:00,55.213058,11.097573,15580.66500406095,ARC ENDEAVOR,366663000,10.7
2025-11-22 10:12:50+00:00,55.213058,11.097573,15580.66500406095,ARC ENDEAVOR,366663000,10.7
2025-11-22 10:12:50+00:00,55.213058,11.097573,15580.66500406095,ARC ENDEAVOR,366663000,10.7
2025-11-22 10:12:51+00:00,55.33489,11.037297,1539.6830769619587,DUSK,629009770,9.9
2025-11-22 10:12:51+00:00,55.33489,11.037297,1539.6830769619587,DUSK,629009770,9.9
2025-11-22 10:12:51+00:00,55.33489,11.037297,1539.6830769619587,DUSK,629009770,9.9
2025-11-22 10:12:56+00:00,55.480425,10.918612,15048.601705641177,RESOLUTE BAY,232005179,12.1
2025-11-22 10:12:56+00:00,55.480425,10.918612,15048.601705641177,RESOLUTE BAY,232005179,12.1
2025-11-22 10:13:00+00:00,55.326417,11.044057,2547.9069152516277,FEDERAL SUTTON,538004383,12.0
2025-11-22 10:13:00+00:00,55.326417,11.044057,2547.9069152516277,FEDERAL SUTTON,538004383,12.0
2025-11-22 10:13:00+00:00,55.326417,11.044057,2547.9069152516277,FEDERAL SUTTON,538004383,12.0
2025-11-22 10:13:00+00:00,55.212563,11.09753,15634.366749421213,ARC ENDEAVOR,366663000,10.6
2025-11-22 10:13:00+00:00,55.212563,11.09753,15634.366749421213,ARC ENDEAVOR,366663000,10.6
2025-11-22 10:13:00+00:00,55.212563,11.09753,15634.366749421213,ARC ENDEAVOR,366663000,10.6
2025-11-22 10:13:00+00:00,55.212563,11.09753,15634.366749421213,ARC ENDEAVOR,366663000,10.6
2025-11-22 10:13:01+00:00,55.335345,11.03731,1490.1590479690358,DUSK,629009770,9.9
2025-11-22 10:13:01+00:00,55.335345,11.03731,1490.1590479690358,DUSK,629009770,9.9
2025-11-22 10:13:06+00:00,55.480947,10.918012,15109.11003459901,RESOLUTE BAY,232005179,12.1
2025-11-22 10:13:06+00:00,55.480947,10.918012,15109.11003459901,RESOLUTE BAY,232005179,12.1
2025-11-22 10:13:10+00:00,55.326915,11.044043,2493.4255651148037,FEDERAL SUTTON,538004383,12.0
2025-11-22 10:13:10+00:00,55.326915,11.044043,2493.4255651148037,FEDERAL SUTTON,538004383,12.0
2025-11-22 10:13:10+00:00,55.326915,11.044043,2493.4255651148037,FEDERAL SUTTON,538004383,12.0
2025-11-22 10:13:10+00:00,55.212063,11.097498,15688.752169436078,ARC ENDEAVOR,366663000,10.6
2025-11-22 10:13:10+00:00,55.212063,11.097498,15688.752169436078,ARC ENDEAVOR,366663000,10.6
2025-11-22 10:13:10+00:00,55.212063,11.097498,15688.752169436078,ARC ENDEAVOR,366663000,10.6
2025-11-22 10:13:10+00:00,55.212063,11.097498,15688.752169436078,ARC ENDEAVOR,366663000,10.6
2025-11-22 10:13:10+00:00,55.326915,11.044043,2493.4255651148037,FEDERAL SUTTON,538004383,12.0
2025-11-22 10:13:10+00:00,55.212063,11.097498,15688.752169436078,ARC ENDEAVOR,366663000,10.6
2025-11-22 10:13:11+00:00,55.335803,11.037315,1440.2829392775975,DUSK,629009770,9.9
2025-11-22 10:13:11+00:00,55.335803,11.037315,1440.2829392775975,DUSK,629009770,9.9
2025-11-22 10:13:11+00:00,55.335803,11.037315,1440.2829392775975,DUSK,629009770,9.9
2025-11-22 10:13:16+00:00,55.48142,10.91747,15163.99709752787,RESOLUTE BAY,232005179,12.1
2025-11-22 10:13:21+00:00,55.211518,11.097443,15747.81351807769,ARC ENDEAVOR,366663000,10.6
2025-11-22 10:13:21+00:00,55.211518,11.097443,15747.81351807769,ARC ENDEAVOR,366663000,10.6
2025-11-22 10:13:21+00:00,55.211518,11.097443,15747.81351807769,ARC ENDEAVOR,366663000,10.6
2025-11-22 10:13:21+00:00,55.211518,11.097443,15747.81351807769,ARC ENDEAVOR,366663000,10.6
2025-11-22 10:13:21+00:00,55.211518,11.097443,15747.81351807769,ARC ENDEAVOR,366663000,10.6
2025-11-22 10:13:21+00:00,55.32751,11.044032,2428.4571717702,FEDERAL SUTTON,538004383,12.1
2025-11-22 10:13:21+00:00,55.32751,11.044032,2428.4571717702,FEDERAL SUTTON,538004383,12.1
2025-11-22 10:13:21+00:00,55.32751,11.044032,2428.4571717702,FEDERAL SUTTON,538004383,12.1
2025-11-22 10:13:21+00:00,55.32751,11.044032,2428.4571717702,FEDERAL SUTTON,538004383,12.1
2025-11-22 10:13:25+00:00,55.481843,10.916985,15213.135700766856,RESOLUTE BAY,232005179,12.1
2025-11-22 10:13:25+00:00,55.481843,10.916985,15213.135700766856,RESOLUTE BAY,232005179,12.1
2025-11-22 10:13:25+00:00,55.481843,10.916985,15213.135700766856,RESOLUTE BAY,232005179,12.1
2025-11-22 10:13:30+00:00,55.328008,11.044022,2374.119387137594,FEDERAL SUTTON,538004383,12.2
2025-11-22 10:13:30+00:00,55.328008,11.044022,2374.119387137594,FEDERAL SUTTON,538004383,12.2
2025-11-22 10:13:30+00:00,55.328008,11.044022,2374.119387137594,FEDERAL SUTTON,538004383,12.2
2025-11-22 10:13:30+00:00,55.328008,11.044022,2374.119387137594,FEDERAL SUTTON,538004383,12.2
2025-11-22 10:13:30+00:00,55.336658,11.037293,1346.9214975273408,DUSK,629009770,9.9
2025-11-22 10:13:30+00:00,55.336658,11.037293,1346.9214975273408,DUSK,629009770,9.9
2025-11-22 10:13:30+00:00,55.336658,11.037293,1346.9214975273408,DUSK,629009770,9.9
2025-11-22 10:13:30+00:00,55.328008,11.044022,2374.119387137594,FEDERAL SUTTON,538004383,12.2
2025-11-22 10:13:31+00:00,55.211025,11.097383,15801.134639997354,ARC ENDEAVOR,366663000,10.6
2025-11-22 10:13:31+00:00,55.211025,11.097383,15801.134639997354,ARC ENDEAVOR,366663000,10.6
2025-11-22 10:13:31+00:00,55.211025,11.097383,15801.134639997354,ARC ENDEAVOR,366663000,10.6
2025-11-22 10:13:31+00:00,55.211025,11.097383,15801.134639997354,ARC ENDEAVOR,366663000,10.6
2025-11-22 10:13:35+00:00,55.48227,10.916498,15262.77657821267,RESOLUTE BAY,232005179,12.1
2025-11-22 10:13:35+00:00,55.48227,10.916498,15262.77657821267,RESOLUTE BAY,232005179,12.1
2025-11-22 10:13:35+00:00,55.48227,10.916498,15262.77657821267,RESOLUTE BAY,232005179,12.1
2025-11-22 10:13:39+00:00,55.211025,11.097383,15801.134639997354,ARC ENDEAVOR,366663000,10.6
2025-11-22 10:13:39+00:00,55.211025,11.097383,15801.134639997354,ARC ENDEAVOR,366663000,10.6
2025-11-22 10:13:39+00:00,55.211025,11.097383,15801.134639997354,ARC ENDEAVOR,366663000,10.6
2025-11-22 10:13:39+00:00,55.211025,11.097383,15801.134639997354,ARC ENDEAVOR,366663000,10.6
2025-11-22 10:13:39+00:00,55.211025,11.097383,15801.134639997354,ARC ENDEAVOR,366663000,10.6
2025-11-22 10:13:39+00:00,55.211025,11.097383,15801.134639997354,ARC ENDEAVOR,366663000,10.6
2025-11-22 10:13:40+00:00,55.337113,11.037285,1297.3024628943201,DUSK,629009770,10.0
2025-11-22 10:13:40+00:00,55.337113,11.037285,1297.3024628943201,DUSK,629009770,10.0
2025-11-22 10:13:41+00:00,55.210537,11.097312,15853.79539988611,ARC ENDEAVOR,366663000,10.6
2025-11-22 10:13:41+00:00,55.210537,11.097312,15853.79539988611,ARC ENDEAVOR,366663000,10.6
2025-11-22 10:13:41+00:00,55.210537,11.097312,15853.79539988611,ARC ENDEAVOR,366663000,10.6
2025-11-22 10:13:41+00:00,55.210537,11.097312,15853.79539988611,ARC ENDEAVOR,366663000,10.6
2025-11-22 10:13:41+00:00,55.328625,11.044013,2306.484876253756,FEDERAL SUTTON,538004383,12.2
2025-11-22 10:13:41+00:00,55.210537,11.097312,15853.79539988611,ARC ENDEAVOR,366663000,10.6
2025-11-22 10:13:41+00:00,55.328625,11.044013,2306.484876253756,FEDERAL SUTTON,538004383,12.2
2025-11-22 10:13:41+00:00,55.328625,11.044013,2306.484876253756,FEDERAL SUTTON,538004383,12.2
2025-11-22 10:13:41+00:00,55.328625,11.044013,2306.484876253756,FEDERAL SUTTON,538004383,12.2
2025-11-22 10:13:45+00:00,55.48274,10.915957,15317.496316130826,RESOLUTE BAY,232005179,12.1
2025-11-22 10:13:45+00:00,55.48274,10.915957,15317.496316130826,RESOLUTE BAY,232005179,12.1
2025-11-22 10:13:49+00:00,55.329132,11.044008,2250.967440617358,FEDERAL SUTTON,538004383,12.3
2025-11-22 10:13:49+00:00,55.329132,11.044008,2250.967440617358,FEDERAL SUTTON,538004383,12.3
2025-11-22 10:13:49+00:00,55.329132,11.044008,2250.967440617358,FEDERAL SUTTON,538004383,12.3
2025-11-22 10:13:50+00:00,55.210095,11.09724,15901.416613255671,ARC ENDEAVOR,366663000,10.6
2025-11-22 10:13:50+00:00,55.210095,11.09724,15901.416613255671,ARC ENDEAVOR,366663000,10.6
2025-11-22 10:13:50+00:00,55.210095,11.09724,15901.416613255671,ARC ENDEAVOR,366663000,10.6
2025-11-22 10:13:50+00:00,55.210095,11.09724,15901.416613255671,ARC ENDEAVOR,366663000,10.6
2025-11-22 10:13:51+00:00,55.337617,11.037297,1242.7025017397002,DUSK,629009770,10.0
2025-11-22 10:13:51+00:00,55.337617,11.037297,1242.7025017397002,DUSK,629009770,10.0
2025-11-22 10:13:51+00:00,55.337617,11.037297,1242.7025017397002,DUSK,629009770,10.0
2025-11-22 10:13:56+00:00,55.483258,10.915365,15377.711021529949,RESOLUTE BAY,232005179,12.1
2025-11-22 10:13:56+00:00,55.483258,10.915365,15377.711021529949,RESOLUTE BAY,232005179,12.1
2025-11-22 10:14:00+00:00,55.329757,11.044005,2182.5690385863363,FEDERAL SUTTON,538004383,12.3
2025-11-22 10:14:00+00:00,55.329757,11.044005,2182.5690385863363,FEDERAL SUTTON,538004383,12.3
2025-11-22 10:14:00+00:00,55.20961,11.097148,15953.538050062576,ARC ENDEAVOR,366663000,10.5
2025-11-22 10:14:00+00:00,55.329757,11.044005,2182.5690385863363,FEDERAL SUTTON,538004383,12.3
2025-11-22 10:14:00+00:00,55.329757,11.044005,2182.5690385863363,FEDERAL SUTTON,538004383,12.3
2025-11-22 10:14:00+00:00,55.329757,11.044005,2182.5690385863363,FEDERAL SUTTON,538004383,12.3
2025-11-22 10:14:00+00:00,55.20961,11.097148,15953.538050062576,ARC ENDEAVOR,366663000,10.5
2025-11-22 10:14:00+00:00,55.20961,11.097148,15953.538050062576,ARC ENDEAVOR,366663000,10.5
2025-11-22 10:14:00+00:00,55.20961,11.097148,15953.538050062576,ARC ENDEAVOR,366663000,10.5
2025-11-22 10:14:00+00:00,55.20961,11.097148,15953.538050062576,ARC ENDEAVOR,366663000,10.5
2025-11-22 10:14:00+00:00,55.20961,11.097148,15953.538050062576,ARC ENDEAVOR,366663000,10.5
2025-11-22 10:14:01+00:00,55.338077,11.037322,1193.1995106528996,DUSK,629009770,10.0
2025-11-22 10:14:01+00:00,55.338077,11.037322,1193.1995106528996,DUSK,629009770,10.0
2025-11-22 10:14:06+00:00,55.483777,10.91477,15437.919294644536,RESOLUTE BAY,232005179,12.1
2025-11-22 10:14:06+00:00,55.483777,10.91477,15437.919294644536,RESOLUTE BAY,232005179,12.1
2025-11-22 10:14:06+00:00,55.483777,10.91477,15437.919294644536,RESOLUTE BAY,232005179,12.1
2025-11-22 10:14:09+00:00,55.483777,10.91477,15437.919294644536,RESOLUTE BAY,232005179,12.1
2025-11-22 10:14:09+00:00,55.483777,10.91477,15437.919294644536,RESOLUTE BAY,232005179,12.1
2025-11-22 10:14:10+00:00,55.330268,11.043998,2126.6154464338883,FEDERAL SUTTON,538004383,12.3
2025-11-22 10:14:10+00:00,55.330268,11.043998,2126.6154464338883,FEDERAL SUTTON,538004383,12.3
2025-11-22 10:14:10+00:00,55.330268,11.043998,2126.6154464338883,FEDERAL SUTTON,538004383,12.3
2025-11-22 10:14:10+00:00,55.330268,11.043998,2126.6154464338883,FEDERAL SUTTON,538004383,12.3
2025-11-22 10:14:10+00:00,55.209127,11.097053,16005.421440426559,ARC ENDEAVOR,366663000,10.5
2025-11-22 10:14:10+00:00,55.209127,11.097053,16005.421440426559,ARC ENDEAVOR,366663000,10.5
2025-11-22 10:14:10+00:00,55.209127,11.097053,16005.421440426559,ARC ENDEAVOR,366663000,10.5
2025-11-22 10:14:10+00:00,55.209127,11.097053,16005.421440426559,ARC ENDEAVOR,366663000,10.5
2025-11-22 10:14:10+00:00,55.209127,11.097053,16005.421440426559,ARC ENDEAVOR,366663000,10.5
2025-11-22 10:14:11+00:00,55.338535,11.037348,1143.0699972796108,DUSK,629009770,10.0
2025-11-22 10:14:11+00:00,55.338535,11.037348,1143.0699972796108,DUSK,629009770,10.0
2025-11-22 10:14:11+00:00,55.338535,11.037348,1143.0699972796108,DUSK,629009770,10.0
2025-11-22 10:14:15+00:00,55.484155,10.91434,15481.774499219327,RESOLUTE BAY,232005179,12.1
2025-11-22 10:14:15+00:00,55.484155,10.91434,15481.774499219327,RESOLUTE BAY,232005179,12.1
2025-11-22 10:14:15+00:00,55.484155,10.91434,15481.774499219327,RESOLUTE BAY,232005179,12.1
2025-11-22 10:14:19+00:00,55.338903,11.03735,1102.6515689796333,DUSK,629009770,10.0
2025-11-22 10:14:19+00:00,55.338903,11.03735,1102.6515689796333,DUSK,629009770,10.0
2025-11-22 10:14:21+00:00,55.330897,11.043995,2057.7956180174856,FEDERAL SUTTON,538004383,12.3
2025-11-22 10:14:21+00:00,55.208597,11.096923,16062.086037215153,ARC ENDEAVOR,366663000,10.4
2025-11-22 10:14:21+00:00,55.208597,11.096923,16062.086037215153,ARC ENDEAVOR,366663000,10.4
2025-11-22 10:14:21+00:00,55.208597,11.096923,16062.086037215153,ARC ENDEAVOR,366663000,10.4
2025-11-22 10:14:25+00:00,55.484673,10.91375,15541.922649027656,RESOLUTE BAY,232005179,12.0
2025-11-22 10:14:25+00:00,55.484673,10.91375,15541.922649027656,RESOLUTE BAY,232005179,12.0
2025-11-22 10:14:25+00:00,55.484673,10.91375,15541.922649027656,RESOLUTE BAY,232005179,12.0
2025-11-22 10:14:25+00:00,55.484673,10.91375,15541.922649027656,RESOLUTE BAY,232005179,12.0
2025-11-22 10:14:25+00:00,55.484673,10.91375,15541.922649027656,RESOLUTE BAY,232005179,12.0
2025-11-22 10:14:30+00:00,55.331407,11.043982,2001.8152795136878,FEDERAL SUTTON,538004383,12.3
2025-11-22 10:14:30+00:00,55.331407,11.043982,2001.8152795136878,FEDERAL SUTTON,538004383,12.3
2025-11-22 10:14:30+00:00,55.331407,11.043982,2001.8152795136878,FEDERAL SUTTON,538004383,12.3
2025-11-22 10:14:30+00:00,55.331407,11.043982,2001.8152795136878,FEDERAL SUTTON,538004383,12.3
2025-11-22 10:14:31+00:00,55.20812,11.096795,16112.981424700607,ARC ENDEAVOR,366663000,10.4
2025-11-22 10:14:31+00:00,55.20812,11.096795,16112.981424700607,ARC ENDEAVOR,366663000,10.4
2025-11-22 10:14:31+00:00,55.20812,11.096795,16112.981424700607,ARC ENDEAVOR,366663000,10.4
2025-11-22 10:14:31+00:00,55.20812,11.096795,16112.981424700607,ARC ENDEAVOR,366663000,10.4
2025-11-22 10:14:35+00:00,55.4851,10.913268,15591.460094676986,RESOLUTE BAY,232005179,12.0
2025-11-22 10:14:35+00:00,55.4851,10.913268,15591.460094676986,RESOLUTE BAY,232005179,12.0
2025-11-22 10:14:35+00:00,55.4851,10.913268,15591.460094676986,RESOLUTE BAY,232005179,12.0
2025-11-22 10:14:35+00:00,55.4851,10.913268,15591.460094676986,RESOLUTE BAY,232005179,12.0
2025-11-22 10:14:39+00:00,55.331915,11.043962,1945.9656513486868,FEDERAL SUTTON,538004383,12.3
2025-11-22 10:14:39+00:00,55.331915,11.043962,1945.9656513486868,FEDERAL SUTTON,538004383,12.3
2025-11-22 10:14:39+00:00,55.331915,11.043962,1945.9656513486868,FEDERAL SUTTON,538004383,12.3
2025-11-22 10:14:39+00:00,55.331915,11.043962,1945.9656513486868,FEDERAL SUTTON,538004383,12.3
2025-11-22 10:14:40+00:00,55.339868,11.03735,996.792355750389,DUSK,629009770,10.0
2025-11-22 10:14:40+00:00,55.339868,11.03735,996.792355750389,DUSK,629009770,10.0
2025-11-22 10:14:41+00:00,55.20764,11.096655,16164.093291314299,ARC ENDEAVOR,366663000,10.4
2025-11-22 10:14:41+00:00,55.20764,11.096655,16164.093291314299,ARC ENDEAVOR,366663000,10.4
2025-11-22 10:14:41+00:00,55.20764,11.096655,16164.093291314299,ARC ENDEAVOR,366663000,10.4
2025-11-22 10:14:41+00:00,55.20764,11.096655,16164.093291314299,ARC ENDEAVOR,366663000,10.4
2025-11-22 10:14:41+00:00,55.20764,11.096655,16164.093291314299,ARC ENDEAVOR,366663000,10.4
2025-11-22 10:14:45+00:00,55.485573,10.912733,15646.298954311384,RESOLUTE BAY,232005179,12.0
2025-11-22 10:14:45+00:00,55.485573,10.912733,15646.298954311384,RESOLUTE BAY,232005179,12.0
2025-11-22 10:14:49+00:00,55.33248,11.043948,1883.9475232108264,FEDERAL SUTTON,538004383,12.3
2025-11-22 10:14:49+00:00,55.33248,11.043948,1883.9475232108264,FEDERAL SUTTON,538004383,12.3
2025-11-22 10:14:49+00:00,55.33248,11.043948,1883.9475232108264,FEDERAL SUTTON,538004383,12.3
2025-11-22 10:14:49+00:00,55.33248,11.043948,1883.9475232108264,FEDERAL SUTTON,538004383,12.3
2025-11-22 10:14:50+00:00,55.207213,11.096517,16209.432372440104,ARC ENDEAVOR,366663000,10.4
2025-11-22 10:14:50+00:00,55.207213,11.096517,16209.432372440104,ARC ENDEAVOR,366663000,10.4
2025-11-22 10:14:50+00:00,55.207213,11.096517,16209.432372440104,ARC ENDEAVOR,366663000,10.4
2025-11-22 10:14:50+00:00,55.207213,11.096517,16209.432372440104,ARC ENDEAVOR,366663000,10.4
2025-11-22 10:14:51+00:00,55.340372,11.037377,941.8337567508817,DUSK,629009770,10.0
2025-11-22 10:14:51+00:00,55.340372,11.037377,941.8337567508817,DUSK,629009770,10.0
2025-11-22 10:14:56+00:00,55.486095,10.912142,15706.883137784132,RESOLUTE BAY,232005179,12.0
2025-11-22 10:14:56+00:00,55.486095,10.912142,15706.883137784132,RESOLUTE BAY,232005179,12.0
2025-11-22 10:14:56+00:00,55.486095,10.912142,15706.883137784132,RESOLUTE BAY,232005179,12.0
2025-11-22 10:15:00+00:00,55.3331,11.043942,1816.0556163082326,FEDERAL SUTTON,538004383,12.3
2025-11-22 10:15:00+00:00,55.3331,11.043942,1816.0556163082326,FEDERAL SUTTON,538004383,12.3
2025-11-22 10:15:00+00:00,55.3331,11.043942,1816.0556163082326,FEDERAL SUTTON,538004383,12.3
2025-11-22 10:15:00+00:00,55.3331,11.043942,1816.0556163082326,FEDERAL SUTTON,538004383,12.3
2025-11-22 10:15:00+00:00,55.206738,11.09635,16259.74322320208,ARC ENDEAVOR,366663000,10.4
2025-11-22 10:15:00+00:00,55.206738,11.09635,16259.74322320208,ARC ENDEAVOR,366663000,10.4
2025-11-22 10:15:00+00:00,55.206738,11.09635,16259.74322320208,ARC ENDEAVOR,366663000,10.4
2025-11-22 10:15:01+00:00,55.340828,11.037393,892.070006456401,DUSK,629009770,10.0
2025-11-22 10:15:06+00:00,55.486618,10.911548,15767.636041911877,RESOLUTE BAY,232005179,12.0
2025-11-22 10:15:06+00:00,55.486618,10.911548,15767.636041911877,RESOLUTE BAY,232005179,12.0
2025-11-22 10:15:06+00:00,55.486618,10.911548,15767.636041911877,RESOLUTE BAY,232005179,12.0
2025-11-22 10:15:10+00:00,55.333662,11.043938,1754.6062734444101,FEDERAL SUTTON,538004383,12.2
2025-11-22 10:15:10+00:00,55.333662,11.043938,1754.6062734444101,FEDERAL SUTTON,538004383,12.2
2025-11-22 10:15:10+00:00,55.333662,11.043938,1754.6062734444101,FEDERAL SUTTON,538004383,12.2
2025-11-22 10:15:10+00:00,55.333662,11.043938,1754.6062734444101,FEDERAL SUTTON,538004383,12.2
2025-11-22 10:15:10+00:00,55.206268,11.09617,16309.389539120246,ARC ENDEAVOR,366663000,10.3
2025-11-22 10:15:10+00:00,55.206268,11.09617,16309.389539120246,ARC ENDEAVOR,366663000,10.3
2025-11-22 10:15:10+00:00,55.341233,11.037425,848.1616645804468,DUSK,629009770,10.0
2025-11-22 10:15:10+00:00,55.206268,11.09617,16309.389539120246,ARC ENDEAVOR,366663000,10.3
2025-11-22 10:15:15+00:00,55.486997,10.91112,15811.682591456709,RESOLUTE BAY,232005179,12.0
2025-11-22 10:15:15+00:00,55.486997,10.91112,15811.682591456709,RESOLUTE BAY,232005179,12.0
2025-11-22 10:15:15+00:00,55.486997,10.91112,15811.682591456709,RESOLUTE BAY,232005179,12.0
2025-11-22 10:15:19+00:00,55.341643,11.037443,803.5634061407376,DUSK,629009770,10.0
2025-11-22 10:15:21+00:00,55.205757,11.09595,16363.13715136148,ARC ENDEAVOR,366663000,10.3
2025-11-22 10:15:21+00:00,55.205757,11.09595,16363.13715136148,ARC ENDEAVOR,366663000,10.3
2025-11-22 10:15:21+00:00,55.205757,11.09595,16363.13715136148,ARC ENDEAVOR,366663000,10.3
2025-11-22 10:15:21+00:00,55.205757,11.09595,16363.13715136148,ARC ENDEAVOR,366663000,10.3
2025-11-22 10:15:21+00:00,55.334225,11.04393,1693.0185904686948,FEDERAL SUTTON,538004383,12.2
2025-11-22 10:15:21+00:00,55.334225,11.04393,1693.0185904686948,FEDERAL SUTTON,538004383,12.2
2025-11-22 10:15:21+00:00,55.334225,11.04393,1693.0185904686948,FEDERAL SUTTON,538004383,12.2
2025-11-22 10:15:21+00:00,55.334225,11.04393,1693.0185904686948,FEDERAL SUTTON,538004383,12.2
2025-11-22 10:15:26+00:00,55.487568,10.910482,15877.951276527145,RESOLUTE BAY,232005179,12.0
2025-11-22 10:15:30+00:00,55.342155,11.037455,747.7596973266488,DUSK,629009770,10.1
2025-11-22 10:15:30+00:00,55.342155,11.037455,747.7596973266488,DUSK,629009770,10.1
2025-11-22 10:15:30+00:00,55.342155,11.037455,747.7596973266488,DUSK,629009770,10.1
2025-11-22 10:15:30+00:00,55.334787,11.043917,1631.4975808324912,FEDERAL SUTTON,538004383,12.2
2025-11-22 10:15:30+00:00,55.334787,11.043917,1631.4975808324912,FEDERAL SUTTON,538004383,12.2
2025-11-22 10:15:30+00:00,55.334787,11.043917,1631.4975808324912,FEDERAL SUTTON,538004383,12.2
2025-11-22 10:15:30+00:00,55.334787,11.043917,1631.4975808324912,FEDERAL SUTTON,538004383,12.2
2025-11-22 10:15:30+00:00,55.334787,11.043917,1631.4975808324912,FEDERAL SUTTON,538004383,12.2
2025-11-22 10:15:31+00:00,55.205295,11.095718,16411.41144486873,ARC ENDEAVOR,366663000,10.3
2025-11-22 10:15:31+00:00,55.205295,11.095718,16411.41144486873,ARC ENDEAVOR,366663000,10.3
2025-11-22 10:15:31+00:00,55.205295,11.095718,16411.41144486873,ARC ENDEAVOR,366663000,10.3
2025-11-22 10:15:31+00:00,55.205295,11.095718,16411.41144486873,ARC ENDEAVOR,366663000,10.3
2025-11-22 10:15:35+00:00,55.487947,10.910058,15921.917902921625,RESOLUTE BAY,232005179,12.0
2025-11-22 10:15:35+00:00,55.487947,10.910058,15921.917902921625,RESOLUTE BAY,232005179,12.0
2025-11-22 10:15:39+00:00,55.335292,11.043905,1576.2761417835568,FEDERAL SUTTON,538004383,12.2
2025-11-22 10:15:39+00:00,55.335292,11.043905,1576.2761417835568,FEDERAL SUTTON,538004383,12.2
2025-11-22 10:15:39+00:00,55.335292,11.043905,1576.2761417835568,FEDERAL SUTTON,538004383,12.2
2025-11-22 10:15:39+00:00,55.335292,11.043905,1576.2761417835568,FEDERAL SUTTON,538004383,12.2
2025-11-22 10:15:39+00:00,55.335292,11.043905,1576.2761417835568,FEDERAL SUTTON,538004383,12.2
2025-11-22 10:15:40+00:00,55.342592,11.037437,699.8021882827467,DUSK,629009770,9.8
2025-11-22 10:15:41+00:00,55.204838,11.095463,16458.929305916103,ARC ENDEAVOR,366663000,10.3
2025-11-22 10:15:41+00:00,55.204838,11.095463,16458.929305916103,ARC ENDEAVOR,366663000,10.3
2025-11-22 10:15:41+00:00,55.204838,11.095463,16458.929305916103,ARC ENDEAVOR,366663000,10.3
2025-11-22 10:15:41+00:00,55.204838,11.095463,16458.929305916103,ARC ENDEAVOR,366663000,10.3
2025-11-22 10:15:45+00:00,55.488418,10.909528,15976.620807213338,RESOLUTE BAY,232005179,12.0
2025-11-22 10:15:45+00:00,55.488418,10.909528,15976.620807213338,RESOLUTE BAY,232005179,12.0
2025-11-22 10:15:45+00:00,55.342592,11.037437,699.8021882827467,DUSK,629009770,9.8
2025-11-22 10:15:45+00:00,55.342592,11.037437,699.8021882827467,DUSK,629009770,9.8
2025-11-22 10:15:49+00:00,55.335912,11.043893,1508.6044612239632,FEDERAL SUTTON,538004383,12.3
2025-11-22 10:15:49+00:00,55.335912,11.043893,1508.6044612239632,FEDERAL SUTTON,538004383,12.3
2025-11-22 10:15:49+00:00,55.335912,11.043893,1508.6044612239632,FEDERAL SUTTON,538004383,12.3
2025-11-22 10:15:49+00:00,55.335912,11.043893,1508.6044612239632,FEDERAL SUTTON,538004383,12.3
2025-11-22 10:15:50+00:00,55.20438,11.09518,16506.303978619027,ARC ENDEAVOR,366663000,10.4
2025-11-22 10:15:50+00:00,55.20438,11.09518,16506.303978619027,ARC ENDEAVOR,366663000,10.4
2025-11-22 10:15:50+00:00,55.20438,11.09518,16506.303978619027,ARC ENDEAVOR,366663000,10.4
2025-11-22 10:15:50+00:00,55.20438,11.09518,16506.303978619027,ARC ENDEAVOR,366663000,10.4
2025-11-22 10:15:51+00:00,55.343153,11.0374,638.0641294155369,DUSK,629009770,10.1
2025-11-22 10:15:51+00:00,55.343153,11.0374,638.0641294155369,DUSK,629009770,10.1
2025-11-22 10:15:51+00:00,55.343153,11.0374,638.0641294155369,DUSK,629009770,10.1
2025-11-22 10:15:56+00:00,55.488935,10.908945,16036.735472115628,RESOLUTE BAY,232005179,12.0
2025-11-22 10:15:56+00:00,55.488935,10.908945,16036.735472115628,RESOLUTE BAY,232005179,12.0
2025-11-22 10:15:56+00:00,55.488935,10.908945,16036.735472115628,RESOLUTE BAY,232005179,12.0
2025-11-22 10:16:00+00:00,55.203925,11.094885,16553.267354610307,ARC ENDEAVOR,366663000,10.4
2025-11-22 10:16:00+00:00,55.203925,11.094885,16553.267354610307,ARC ENDEAVOR,366663000,10.4
2025-11-22 10:16:00+00:00,55.203925,11.094885,16553.267354610307,ARC ENDEAVOR,366663000,10.4
2025-11-22 10:16:00+00:00,55.203925,11.094885,16553.267354610307,ARC ENDEAVOR,366663000,10.4
2025-11-22 10:16:00+00:00,55.336477,11.043887,1447.1168082717536,FEDERAL SUTTON,538004383,12.3
2025-11-22 10:16:00+00:00,55.336477,11.043887,1447.1168082717536,FEDERAL SUTTON,538004383,12.3
2025-11-22 10:16:00+00:00,55.336477,11.043887,1447.1168082717536,FEDERAL SUTTON,538004383,12.3
2025-11-22 10:16:00+00:00,55.336477,11.043887,1447.1168082717536,FEDERAL SUTTON,538004383,12.3
2025-11-22 10:16:06+00:00,55.489452,10.908367,16096.89185605966,RESOLUTE BAY,232005179,12.0
2025-11-22 10:16:06+00:00,55.489452,10.908367,16096.89185605966,RESOLUTE BAY,232005179,12.0
2025-11-22 10:16:10+00:00,55.337045,11.043887,1385.514362189288,FEDERAL SUTTON,538004383,12.3
2025-11-22 10:16:10+00:00,55.337045,11.043887,1385.514362189288,FEDERAL SUTTON,538004383,12.3
2025-11-22 10:16:10+00:00,55.337045,11.043887,1385.514362189288,FEDERAL SUTTON,538004383,12.3
2025-11-22 10:16:10+00:00,55.337045,11.043887,1385.514362189288,FEDERAL SUTTON,538004383,12.3
2025-11-22 10:16:10+00:00,55.203515,11.094597,16595.39824420079,ARC ENDEAVOR,366663000,10.5
2025-11-22 10:16:10+00:00,55.203515,11.094597,16595.39824420079,ARC ENDEAVOR,366663000,10.5
2025-11-22 10:16:10+00:00,55.203515,11.094597,16595.39824420079,ARC ENDEAVOR,366663000,10.5
2025-11-22 10:16:10+00:00,55.344027,11.037458,543.2947815623548,DUSK,629009770,10.1
2025-11-22 10:16:10+00:00,55.344027,11.037458,543.2947815623548,DUSK,629009770,10.1
2025-11-22 10:16:10+00:00,55.203515,11.094597,16595.39824420079,ARC ENDEAVOR,366663000,10.5
2025-11-22 10:16:15+00:00,55.48983,10.907945,16140.912209084325,RESOLUTE BAY,232005179,12.0
2025-11-22 10:16:15+00:00,55.48983,10.907945,16140.912209084325,RESOLUTE BAY,232005179,12.0
2025-11-22 10:16:19+00:00,55.344437,11.037487,498.9110399583075,DUSK,629009770,10.1
2025-11-22 10:16:19+00:00,55.344437,11.037487,498.9110399583075,DUSK,629009770,10.1
2025-11-22 10:16:21+00:00,55.337675,11.043888,1317.2474627150493,FEDERAL SUTTON,538004383,12.3
2025-11-22 10:16:21+00:00,55.337675,11.043888,1317.2474627150493,FEDERAL SUTTON,538004383,12.3
2025-11-22 10:16:21+00:00,55.20302,11.094225,16645.24143087933,ARC ENDEAVOR,366663000,10.5
2025-11-22 10:16:21+00:00,55.20302,11.094225,16645.24143087933,ARC ENDEAVOR,366663000,10.5
2025-11-22 10:16:21+00:00,55.20302,11.094225,16645.24143087933,ARC ENDEAVOR,366663000,10.5
2025-11-22 10:16:26+00:00,55.490397,10.907307,16207.031354992323,RESOLUTE BAY,232005179,12.0
2025-11-22 10:16:26+00:00,55.490397,10.907307,16207.031354992323,RESOLUTE BAY,232005179,12.0
2025-11-22 10:16:29+00:00,55.344913,11.03751,447.276621719432,DUSK,629009770,10.1
2025-11-22 10:16:29+00:00,55.344913,11.03751,447.276621719432,DUSK,629009770,10.1
2025-11-22 10:16:30+00:00,55.338187,11.043887,1261.820805567251,FEDERAL SUTTON,538004383,12.3
2025-11-22 10:16:30+00:00,55.338187,11.043887,1261.820805567251,FEDERAL SUTTON,538004383,12.3
2025-11-22 10:16:30+00:00,55.338187,11.043887,1261.820805567251,FEDERAL SUTTON,538004383,12.3
2025-11-22 10:16:30+00:00,55.338187,11.043887,1261.820805567251,FEDERAL SUTTON,538004383,12.3
2025-11-22 10:16:31+00:00,55.202572,11.093862,16689.146520086048,ARC ENDEAVOR,366663000,10.6
2025-11-22 10:16:31+00:00,55.202572,11.093862,16689.146520086048,ARC ENDEAVOR,366663000,10.6
2025-11-22 10:16:31+00:00,55.202572,11.093862,16689.146520086048,ARC ENDEAVOR,366663000,10.6
2025-11-22 10:16:31+00:00,55.202572,11.093862,16689.146520086048,ARC ENDEAVOR,366663000,10.6
2025-11-22 10:16:35+00:00,55.490773,10.906877,16250.955488070322,RESOLUTE BAY,232005179,12.0
2025-11-22 10:16:35+00:00,55.490773,10.906877,16250.955488070322,RESOLUTE BAY,232005179,12.0
2025-11-22 10:16:39+00:00,55.3387,11.043877,1206.2832004576587,FEDERAL SUTTON,538004383,12.3
2025-11-22 10:16:39+00:00,55.3387,11.043877,1206.2832004576587,FEDERAL SUTTON,538004383,12.3
2025-11-22 10:16:39+00:00,55.3387,11.043877,1206.2832004576587,FEDERAL SUTTON,538004383,12.3
2025-11-22 10:16:39+00:00,55.3387,11.043877,1206.2832004576587,FEDERAL SUTTON,538004383,12.3
2025-11-22 10:16:40+00:00,55.345428,11.03753,391.49427217996106,DUSK,629009770,10.1
2025-11-22 10:16:41+00:00,55.202128,11.093477,16732.39089763524,ARC ENDEAVOR,366663000,10.6
2025-11-22 10:16:41+00:00,55.202128,11.093477,16732.39089763524,ARC ENDEAVOR,366663000,10.6
2025-11-22 10:16:41+00:00,55.202128,11.093477,16732.39089763524,ARC ENDEAVOR,366663000,10.6
2025-11-22 10:16:41+00:00,55.202128,11.093477,16732.39089763524,ARC ENDEAVOR,366663000,10.6
2025-11-22 10:16:45+00:00,55.49124,10.906335,16305.600208443306,RESOLUTE BAY,232005179,12.0
2025-11-22 10:16:49+00:00,55.339267,11.043867,1145.0792128549563,FEDERAL SUTTON,538004383,12.3
2025-11-22 10:16:49+00:00,55.339267,11.043867,1145.0792128549563,FEDERAL SUTTON,538004383,12.3
2025-11-22 10:16:49+00:00,55.339267,11.043867,1145.0792128549563,FEDERAL SUTTON,538004383,12.3
2025-11-22 10:16:49+00:00,55.339267,11.043867,1145.0792128549563,FEDERAL SUTTON,538004383,12.3
2025-11-22 10:16:50+00:00,55.201695,11.093063,16774.127717874686,ARC ENDEAVOR,366663000,10.6
2025-11-22 10:16:50+00:00,55.201695,11.093063,16774.127717874686,ARC ENDEAVOR,366663000,10.6
2025-11-22 10:16:50+00:00,55.201695,11.093063,16774.127717874686,ARC ENDEAVOR,366663000,10.6
2025-11-22 10:16:50+00:00,55.201695,11.093063,16774.127717874686,ARC ENDEAVOR,366663000,10.6
2025-11-22 10:16:50+00:00,55.201695,11.093063,16774.127717874686,ARC ENDEAVOR,366663000,10.6
2025-11-22 10:16:51+00:00,55.345948,11.037562,335.33974813072734,DUSK,629009770,10.1
2025-11-22 10:16:51+00:00,55.345948,11.037562,335.33974813072734,DUSK,629009770,10.1
2025-11-22 10:16:54+00:00,55.339267,11.043867,1145.0792128549563,FEDERAL SUTTON,538004383,12.3
2025-11-22 10:16:54+00:00,55.339267,11.043867,1145.0792128549563,FEDERAL SUTTON,538004383,12.3
2025-11-22 10:16:54+00:00,55.339267,11.043867,1145.0792128549563,FEDERAL SUTTON,538004383,12.3
2025-11-22 10:16:56+00:00,55.491753,10.905743,16365.672156103265,RESOLUTE BAY,232005179,12.0
2025-11-22 10:16:56+00:00,55.491753,10.905743,16365.672156103265,RESOLUTE BAY,232005179,12.0
2025-11-22 10:16:56+00:00,55.491753,10.905743,16365.672156103265,RESOLUTE BAY,232005179,12.0
2025-11-22 10:17:00+00:00,55.201262,11.09263,16815.694645681284,ARC ENDEAVOR,366663000,10.7
2025-11-22 10:17:00+00:00,55.201262,11.09263,16815.694645681284,ARC ENDEAVOR,366663000,10.7
2025-11-22 10:17:00+00:00,55.201262,11.09263,16815.694645681284,ARC ENDEAVOR,366663000,10.7
2025-11-22 10:17:00+00:00,55.201262,11.09263,16815.694645681284,ARC ENDEAVOR,366663000,10.7
2025-11-22 10:17:01+00:00,55.346417,11.037597,284.7201659921147,DUSK,629009770,10.2
2025-11-22 10:17:01+00:00,55.346417,11.037597,284.7201659921147,DUSK,629009770,10.2
2025-11-22 10:17:01+00:00,55.346417,11.037597,284.7201659921147,DUSK,629009770,10.2
2025-11-22 10:17:01+00:00,55.34001,11.04386,1063.906206378255,FEDERAL SUTTON,538004383,12.4
2025-11-22 10:17:01+00:00,55.34001,11.04386,1063.906206378255,FEDERAL SUTTON,538004383,12.4
2025-11-22 10:17:01+00:00,55.34001,11.04386,1063.906206378255,FEDERAL SUTTON,538004383,12.4
2025-11-22 10:17:01+00:00,55.34001,11.04386,1063.906206378255,FEDERAL SUTTON,538004383,12.4
2025-11-22 10:17:06+00:00,55.492267,10.905157,16425.88621405808,RESOLUTE BAY,232005179,12.0
2025-11-22 10:17:06+00:00,55.492267,10.905157,16425.88621405808,RESOLUTE BAY,232005179,12.0
2025-11-22 10:17:06+00:00,55.492267,10.905157,16425.88621405808,RESOLUTE BAY,232005179,12.0
2025-11-22 10:17:10+00:00,55.346842,11.037617,238.47511429356499,DUSK,629009770,10.2
2025-11-22 10:17:10+00:00,55.346842,11.037617,238.47511429356499,DUSK,629009770,10.2
2025-11-22 10:17:10+00:00,55.200872,11.09223,16853.071891725536,ARC ENDEAVOR,366663000,10.7
2025-11-22 10:17:10+00:00,55.200872,11.09223,16853.071891725536,ARC ENDEAVOR,366663000,10.7
2025-11-22 10:17:10+00:00,55.200872,11.09223,16853.071891725536,ARC ENDEAVOR,366663000,10.7
2025-11-22 10:17:10+00:00,55.200872,11.09223,16853.071891725536,ARC ENDEAVOR,366663000,10.7
2025-11-22 10:17:10+00:00,55.340468,11.043857,1013.7645580736588,FEDERAL SUTTON,538004383,12.4
2025-11-22 10:17:10+00:00,55.340468,11.043857,1013.7645580736588,FEDERAL SUTTON,538004383,12.4
2025-11-22 10:17:10+00:00,55.340468,11.043857,1013.7645580736588,FEDERAL SUTTON,538004383,12.4
2025-11-22 10:17:10+00:00,55.340468,11.043857,1013.7645580736588,FEDERAL SUTTON,538004383,12.4
2025-11-22 10:17:15+00:00,55.492643,10.904733,16469.947027008995,RESOLUTE BAY,232005179,12.0
2025-11-22 10:17:15+00:00,55.492643,10.904733,16469.947027008995,RESOLUTE BAY,232005179,12.0
2025-11-22 10:17:15+00:00,55.492643,10.904733,16469.947027008995,RESOLUTE BAY,232005179,12.0
2025-11-22 10:17:19+00:00,55.347263,11.037623,192.43875768120756,DUSK,629009770,10.2
2025-11-22 10:17:19+00:00,55.347263,11.037623,192.43875768120756,DUSK,629009770,10.2
2025-11-22 10:17:19+00:00,55.347263,11.037623,192.43875768120756,DUSK,629009770,10.2
2025-11-22 10:17:21+00:00,55.200395,11.091732,16898.765297403752,ARC ENDEAVOR,366663000,10.8
2025-11-22 10:17:21+00:00,55.200395,11.091732,16898.765297403752,ARC ENDEAVOR,366663000,10.8
2025-11-22 10:17:21+00:00,55.200395,11.091732,16898.765297403752,ARC ENDEAVOR,366663000,10.8
2025-11-22 10:17:21+00:00,55.3411,11.043853,944.5898606049607,FEDERAL SUTTON,538004383,12.5
2025-11-22 10:17:21+00:00,55.3411,11.043853,944.5898606049607,FEDERAL SUTTON,538004383,12.5
2025-11-22 10:17:21+00:00,55.3411,11.043853,944.5898606049607,FEDERAL SUTTON,538004383,12.5
2025-11-22 10:17:21+00:00,55.3411,11.043853,944.5898606049607,FEDERAL SUTTON,538004383,12.5
2025-11-22 10:17:26+00:00,55.493208,10.904103,16536.17486441679,RESOLUTE BAY,232005179,12.0
2025-11-22 10:17:26+00:00,55.493208,10.904103,16536.17486441679,RESOLUTE BAY,232005179,12.0
2025-11-22 10:17:26+00:00,55.493208,10.904103,16536.17486441679,RESOLUTE BAY,232005179,12.0
2025-11-22 10:17:26+00:00,55.493208,10.904103,16536.17486441679,RESOLUTE BAY,232005179,12.0
2025-11-22 10:17:26+00:00,55.493208,10.904103,16536.17486441679,RESOLUTE BAY,232005179,12.0
2025-11-22 10:17:29+00:00,55.347748,11.037627,139.33939588977097,DUSK,629009770,10.2
2025-11-22 10:17:29+00:00,55.347748,11.037627,139.33939588977097,DUSK,629009770,10.2
2025-11-22 10:17:30+00:00,55.341618,11.043845,887.851882673569,FEDERAL SUTTON,538004383,12.5
2025-11-22 10:17:30+00:00,55.341618,11.043845,887.851882673569,FEDERAL SUTTON,538004383,12.5
2025-11-22 10:17:30+00:00,55.341618,11.043845,887.851882673569,FEDERAL SUTTON,538004383,12.5
2025-11-22 10:17:30+00:00,55.341618,11.043845,887.851882673569,FEDERAL SUTTON,538004383,12.5
2025-11-22 10:17:35+00:00,55.493585,10.903682,16580.408430899817,RESOLUTE BAY,232005179,12.0
2025-11-22 10:17:35+00:00,55.493585,10.903682,16580.408430899817,RESOLUTE BAY,232005179,12.0
2025-11-22 10:17:35+00:00,55.493585,10.903682,16580.408430899817,RESOLUTE BAY,232005179,12.0
2025-11-22 10:17:39+00:00,55.342132,11.043842,831.6297170769108,FEDERAL SUTTON,538004383,12.5
2025-11-22 10:17:39+00:00,55.342132,11.043842,831.6297170769108,FEDERAL SUTTON,538004383,12.5
2025-11-22 10:17:39+00:00,55.342132,11.043842,831.6297170769108,FEDERAL SUTTON,538004383,12.5
2025-11-22 10:17:40+00:00,55.348277,11.037628,81.45323600628093,DUSK,629009770,10.2
2025-11-22 10:17:40+00:00,55.348277,11.037628,81.45323600628093,DUSK,629009770,10.2
2025-11-22 10:17:45+00:00,55.494055,10.903155,16635.60983540637,RESOLUTE BAY,232005179,12.0
2025-11-22 10:17:45+00:00,55.494055,10.903155,16635.60983540637,RESOLUTE BAY,232005179,12.0
2025-11-22 10:17:49+00:00,55.342738,11.043832,765.3247373539684,FEDERAL SUTTON,538004383,12.5
2025-11-22 10:17:49+00:00,55.342738,11.043832,765.3247373539684,FEDERAL SUTTON,538004383,12.5
2025-11-22 10:17:49+00:00,55.342738,11.043832,765.3247373539684,FEDERAL SUTTON,538004383,12.5
2025-11-22 10:17:49+00:00,55.342738,11.043832,765.3247373539684,FEDERAL SUTTON,538004383,12.5
2025-11-22 10:17:51+00:00,55.348797,11.037627,24.57482655160869,DUSK,629009770,10.2
2025-11-22 10:17:51+00:00,55.348797,11.037627,24.57482655160869,DUSK,629009770,10.2
2025-11-22 10:17:51+00:00,55.348797,11.037627,24.57482655160869,DUSK,629009770,10.2
2025-11-22 10:17:56+00:00,55.494577,10.90258,16696.912582707235,RESOLUTE BAY,232005179,12.0
2025-11-22 10:17:56+00:00,55.494577,10.90258,16696.912582707235,RESOLUTE BAY,232005179,12.0
2025-11-22 10:17:56+00:00,55.494577,10.90258,16696.912582707235,RESOLUTE BAY,232005179,12.0
2025-11-22 10:18:01+00:00,55.343385,11.043617,692.0172286622992,FEDERAL SUTTON,538004383,12.4
2025-11-22 10:18:01+00:00,55.343385,11.043617,692.0172286622992,FEDERAL SUTTON,538004383,12.4
2025-11-22 10:18:01+00:00,55.343385,11.043617,692.0172286622992,FEDERAL SUTTON,538004383,12.4
2025-11-22 10:18:01+00:00,55.343385,11.043617,692.0172286622992,FEDERAL SUTTON,538004383,12.4
2025-11-22 10:18:01+00:00,55.349265,11.037637,26.496917217319055,DUSK,629009770,10.2
2025-11-22 10:18:05+00:00,55.495,10.902107,16746.673661036883,RESOLUTE BAY,232005179,12.0
2025-11-22 10:18:10+00:00,55.349675,11.037657,71.05730474149549,DUSK,629009770,10.2
2025-11-22 10:18:10+00:00,55.343912,11.043752,636.1648181434406,FEDERAL SUTTON,538004383,12.6
2025-11-22 10:18:10+00:00,55.343912,11.043752,636.1648181434406,FEDERAL SUTTON,538004383,12.6
2025-11-22 10:18:10+00:00,55.343912,11.043752,636.1648181434406,FEDERAL SUTTON,538004383,12.6
2025-11-22 10:18:10+00:00,55.343912,11.043752,636.1648181434406,FEDERAL SUTTON,538004383,12.6
2025-11-22 10:18:15+00:00,55.495473,10.901578,16802.36217923352,RESOLUTE BAY,232005179,12.0
2025-11-22 10:18:15+00:00,55.495473,10.901578,16802.36217923352,RESOLUTE BAY,232005179,12.0
2025-11-22 10:18:19+00:00,55.350098,11.037678,117.09663691025474,DUSK,629009770,10.2
2025-11-22 10:18:19+00:00,55.350098,11.037678,117.09663691025474,DUSK,629009770,10.2
2025-11-22 10:18:19+00:00,55.350098,11.037678,117.09663691025474,DUSK,629009770,10.2
2025-11-22 10:18:21+00:00,55.344545,11.04378,567.4154041428881,FEDERAL SUTTON,538004383,12.5
2025-11-22 10:18:21+00:00,55.344545,11.04378,567.4154041428881,FEDERAL SUTTON,538004383,12.5
2025-11-22 10:18:21+00:00,55.344545,11.04378,567.4154041428881,FEDERAL SUTTON,538004383,12.5
2025-11-22 10:18:21+00:00,55.344545,11.04378,567.4154041428881,FEDERAL SUTTON,538004383,12.5
2025-11-22 10:18:26+00:00,55.49604,10.900952,16869.127803311647,RESOLUTE BAY,232005179,12.0
2025-11-22 10:18:26+00:00,55.49604,10.900952,16869.127803311647,RESOLUTE BAY,232005179,12.0
2025-11-22 10:18:29+00:00,55.350572,11.037708,168.63835074925416,DUSK,629009770,10.2
2025-11-22 10:18:29+00:00,55.350572,11.037708,168.63835074925416,DUSK,629009770,10.2
2025-11-22 10:18:30+00:00,55.345023,11.04378,515.2248758012695,FEDERAL SUTTON,538004383,12.6
2025-11-22 10:18:30+00:00,55.345023,11.04378,515.2248758012695,FEDERAL SUTTON,538004383,12.6
2025-11-22 10:18:30+00:00,55.345023,11.04378,515.2248758012695,FEDERAL SUTTON,538004383,12.6
2025-11-22 10:18:30+00:00,55.345023,11.04378,515.2248758012695,FEDERAL SUTTON,538004383,12.6
2025-11-22 10:18:36+00:00,55.496467,10.900482,16919.44160346592,RESOLUTE BAY,232005179,12.0
2025-11-22 10:18:36+00:00,55.496467,10.900482,16919.44160346592,RESOLUTE BAY,232005179,12.0
2025-11-22 10:18:39+00:00,55.345618,11.043787,450.2942180704217,FEDERAL SUTTON,538004383,12.6
2025-11-22 10:18:39+00:00,55.345618,11.043787,450.2942180704217,FEDERAL SUTTON,538004383,12.6
2025-11-22 10:18:39+00:00,55.345618,11.043787,450.2942180704217,FEDERAL SUTTON,538004383,12.6
2025-11-22 10:18:39+00:00,55.345618,11.043787,450.2942180704217,FEDERAL SUTTON,538004383,12.6
2025-11-22 10:18:40+00:00,55.351088,11.037742,224.73971471753126,DUSK,629009770,10.2
2025-11-22 10:18:40+00:00,55.351088,11.037742,224.73971471753126,DUSK,629009770,10.2
2025-11-22 10:18:45+00:00,55.496893,10.900015,16969.661109023735,RESOLUTE BAY,232005179,12.0
2025-11-22 10:18:49+00:00,55.346262,11.04379,379.91182328451606,FEDERAL SUTTON,538004383,12.6
2025-11-22 10:18:49+00:00,55.346262,11.04379,379.91182328451606,FEDERAL SUTTON,538004383,12.6
2025-11-22 10:18:49+00:00,55.346262,11.04379,379.91182328451606,FEDERAL SUTTON,538004383,12.6
2025-11-22 10:18:51+00:00,55.351608,11.037777,281.1979621058399,DUSK,629009770,10.2
2025-11-22 10:18:51+00:00,55.351608,11.037777,281.1979621058399,DUSK,629009770,10.2
2025-11-22 10:18:51+00:00,55.351608,11.037777,281.1979621058399,DUSK,629009770,10.2
2025-11-22 10:18:56+00:00,55.497413,10.899433,17031.089540146328,RESOLUTE BAY,232005179,12.0
2025-11-22 10:18:56+00:00,55.497413,10.899433,17031.089540146328,RESOLUTE BAY,232005179,12.0
2025-11-22 10:18:59+00:00,55.351982,11.037792,321.7860621246186,DUSK,629009770,10.3
2025-11-22 10:18:59+00:00,55.351982,11.037792,321.7860621246186,DUSK,629009770,10.3
2025-11-22 10:19:01+00:00,55.346898,11.043778,310.20284611246814,FEDERAL SUTTON,538004383,12.6
2025-11-22 10:19:01+00:00,55.346898,11.043778,310.20284611246814,FEDERAL SUTTON,538004383,12.6
2025-11-22 10:19:01+00:00,55.346898,11.043778,310.20284611246814,FEDERAL SUTTON,538004383,12.6
2025-11-22 10:19:01+00:00,55.346898,11.043778,310.20284611246814,FEDERAL SUTTON,538004383,12.6
2025-11-22 10:19:10+00:00,55.352483,11.03782,375.31163715365784,DUSK,629009770,10.3
2025-11-22 10:19:11+00:00,55.34748,11.043777,246.61171275953498,FEDERAL SUTTON,538004383,12.6
2025-11-22 10:19:11+00:00,55.34748,11.043777,246.61171275953498,FEDERAL SUTTON,538004383,12.6
2025-11-22 10:19:11+00:00,55.34748,11.043777,246.61171275953498,FEDERAL SUTTON,538004383,12.6
2025-11-22 10:19:15+00:00,55.498312,10.898437,17137.348485210845,RESOLUTE BAY,232005179,12.0
2025-11-22 10:19:15+00:00,55.498312,10.898437,17137.348485210845,RESOLUTE BAY,232005179,12.0
2025-11-22 10:19:15+00:00,55.498312,10.898437,17137.348485210845,RESOLUTE BAY,232005179,12.0
2025-11-22 10:19:19+00:00,55.352918,11.037875,421.23483035460526,DUSK,629009770,10.3
2025-11-22 10:19:20+00:00,55.348012,11.043767,188.40143101083,FEDERAL SUTTON,538004383,12.6
2025-11-22 10:19:20+00:00,55.348012,11.043767,188.40143101083,FEDERAL SUTTON,538004383,12.6
2025-11-22 10:19:20+00:00,55.348012,11.043767,188.40143101083,FEDERAL SUTTON,538004383,12.6
2025-11-22 10:19:20+00:00,55.348012,11.043767,188.40143101083,FEDERAL SUTTON,538004383,12.6
2025-11-22 10:19:26+00:00,55.498883,10.897813,17204.86016034101,RESOLUTE BAY,232005179,12.0
2025-11-22 10:19:26+00:00,55.498883,10.897813,17204.86016034101,RESOLUTE BAY,232005179,12.0
2025-11-22 10:19:29+00:00,55.353398,11.037935,472.06171030298583,DUSK,629009770,10.3
2025-11-22 10:19:29+00:00,55.353398,11.037935,472.06171030298583,DUSK,629009770,10.3
2025-11-22 10:19:30+00:00,55.3486,11.043762,124.55801579716406,FEDERAL SUTTON,538004383,12.6
2025-11-22 10:19:30+00:00,55.3486,11.043762,124.55801579716406,FEDERAL SUTTON,538004383,12.6
2025-11-22 10:19:30+00:00,55.3486,11.043762,124.55801579716406,FEDERAL SUTTON,538004383,12.6
2025-11-22 10:19:36+00:00,55.49931,10.897343,17255.409430690026,RESOLUTE BAY,232005179,12.0
2025-11-22 10:19:36+00:00,55.49931,10.897343,17255.409430690026,RESOLUTE BAY,232005179,12.0
2025-11-22 10:19:40+00:00,55.35393,11.037977,529.1297568521157,DUSK,629009770,10.3
2025-11-22 10:19:40+00:00,55.35393,11.037977,529.1297568521157,DUSK,629009770,10.3
2025-11-22 10:19:41+00:00,55.349235,11.043765,56.03954375410369,FEDERAL SUTTON,538004383,12.6
2025-11-22 10:19:41+00:00,55.349235,11.043765,56.03954375410369,FEDERAL SUTTON,538004383,12.6
2025-11-22 10:19:41+00:00,55.349235,11.043765,56.03954375410369,FEDERAL SUTTON,538004383,12.6
2025-11-22 10:19:41+00:00,55.349235,11.043765,56.03954375410369,FEDERAL SUTTON,538004383,12.6
2025-11-22 10:19:45+00:00,55.499735,10.896872,17305.778685166682,RESOLUTE BAY,232005179,12.0
2025-11-22 10:19:49+00:00,55.349695,11.043767,6.819530645916285,FEDERAL SUTTON,538004383,12.6
2025-11-22 10:19:49+00:00,55.349695,11.043767,6.819530645916285,FEDERAL SUTTON,538004383,12.6
2025-11-22 10:19:49+00:00,55.349695,11.043767,6.819530645916285,FEDERAL SUTTON,538004383,12.6
2025-11-22 10:19:49+00:00,55.349695,11.043767,6.819530645916285,FEDERAL SUTTON,538004383,12.6
2025-11-22 10:19:51+00:00,55.354452,11.038003,585.5634297219009,DUSK,629009770,10.3
2025-11-22 10:19:56+00:00,55.500248,10.896297,17366.669685090797,RESOLUTE BAY,232005179,12.0
2025-11-22 10:19:59+00:00,55.354832,11.038012,626.7935963104316,DUSK,629009770,10.3
2025-11-22 10:19:59+00:00,55.354832,11.038012,626.7935963104316,DUSK,629009770,10.3
2025-11-22 10:20:01+00:00,55.350388,11.04378,67.7582290833685,FEDERAL SUTTON,538004383,12.6
2025-11-22 10:20:01+00:00,55.350388,11.04378,67.7582290833685,FEDERAL SUTTON,538004383,12.6
2025-11-22 10:20:01+00:00,55.350388,11.04378,67.7582290833685,FEDERAL SUTTON,538004383,12.6
2025-11-22 10:20:05+00:00,55.500668,10.895825,17416.568625195374,RESOLUTE BAY,232005179,12.0
2025-11-22 10:20:08+00:00,55.500668,10.895825,17416.568625195374,RESOLUTE BAY,232005179,12.0
2025-11-22 10:20:08+00:00,55.500668,10.895825,17416.568625195374,RESOLUTE BAY,232005179,12.0
2025-11-22 10:20:10+00:00,55.355353,11.038003,683.7449835047128,DUSK,629009770,10.3
2025-11-22 10:20:11+00:00,55.350907,11.043793,124.07393340026627,FEDERAL SUTTON,538004383,12.6
2025-11-22 10:20:11+00:00,55.350907,11.043793,124.07393340026627,FEDERAL SUTTON,538004383,12.6
2025-11-22 10:20:11+00:00,55.350907,11.043793,124.07393340026627,FEDERAL SUTTON,538004383,12.6
2025-11-22 10:20:11+00:00,55.350907,11.043793,124.07393340026627,FEDERAL SUTTON,538004383,12.6
2025-11-22 10:20:15+00:00,55.501135,10.8953,17472.092393870298,RESOLUTE BAY,232005179,12.0
2025-11-22 10:20:15+00:00,55.501135,10.8953,17472.092393870298,RESOLUTE BAY,232005179,12.0
2025-11-22 10:20:19+00:00,55.355795,11.038008,731.9422903314456,DUSK,629009770,10.3
2025-11-22 10:20:20+00:00,55.35146,11.043805,184.28476792610184,FEDERAL SUTTON,538004383,12.6
2025-11-22 10:20:20+00:00,55.35146,11.043805,184.28476792610184,FEDERAL SUTTON,538004383,12.6
2025-11-22 10:20:20+00:00,55.35146,11.043805,184.28476792610184,FEDERAL SUTTON,538004383,12.6
2025-11-22 10:20:20+00:00,55.35146,11.043805,184.28476792610184,FEDERAL SUTTON,538004383,12.6
2025-11-22 10:20:26+00:00,55.501698,10.894663,17539.115790385174,RESOLUTE BAY,232005179,12.0
2025-11-22 10:20:26+00:00,55.501698,10.894663,17539.115790385174,RESOLUTE BAY,232005179,12.0
2025-11-22 10:20:29+00:00,55.356282,11.038018,785.0052052359483,DUSK,629009770,10.3
2025-11-22 10:20:29+00:00,55.356282,11.038018,785.0052052359483,DUSK,629009770,10.3
2025-11-22 10:20:29+00:00,55.356282,11.038018,785.0052052359483,DUSK,629009770,10.3
2025-11-22 10:20:30+00:00,55.352247,11.043795,270.6594377004208,FEDERAL SUTTON,538004383,12.6
2025-11-22 10:20:30+00:00,55.352247,11.043795,270.6594377004208,FEDERAL SUTTON,538004383,12.6
2025-11-22 10:20:30+00:00,55.352247,11.043795,270.6594377004208,FEDERAL SUTTON,538004383,12.6
2025-11-22 10:20:30+00:00,55.352247,11.043795,270.6594377004208,FEDERAL SUTTON,538004383,12.6
2025-11-22 10:20:36+00:00,55.502117,10.894183,17589.081009047393,RESOLUTE BAY,232005179,12.0
2025-11-22 10:20:36+00:00,55.502117,10.894183,17589.081009047393,RESOLUTE BAY,232005179,12.0
2025-11-22 10:20:36+00:00,55.502117,10.894183,17589.081009047393,RESOLUTE BAY,232005179,12.0
2025-11-22 10:20:40+00:00,55.356803,11.038025,841.8944945005708,DUSK,629009770,10.3
2025-11-22 10:20:40+00:00,55.356803,11.038025,841.8944945005708,DUSK,629009770,10.3
2025-11-22 10:20:41+00:00,55.352803,11.043808,331.5105763947807,FEDERAL SUTTON,538004383,12.6
2025-11-22 10:20:41+00:00,55.352803,11.043808,331.5105763947807,FEDERAL SUTTON,538004383,12.6
2025-11-22 10:20:41+00:00,55.352803,11.043808,331.5105763947807,FEDERAL SUTTON,538004383,12.6
2025-11-22 10:20:45+00:00,55.502542,10.893705,17639.72780798504,RESOLUTE BAY,232005179,12.0
2025-11-22 10:20:49+00:00,55.357222,11.038032,887.6328720803194,DUSK,629009770,10.3
2025-11-22 10:20:49+00:00,55.357222,11.038032,887.6328720803194,DUSK,629009770,10.3
2025-11-22 10:20:51+00:00,55.353348,11.043817,391.2515248808741,FEDERAL SUTTON,538004383,12.6
2025-11-22 10:20:51+00:00,55.353348,11.043817,391.2515248808741,FEDERAL SUTTON,538004383,12.6
2025-11-22 10:20:51+00:00,55.353348,11.043817,391.2515248808741,FEDERAL SUTTON,538004383,12.6
2025-11-22 10:20:51+00:00,55.353348,11.043817,391.2515248808741,FEDERAL SUTTON,538004383,12.6
2025-11-22 10:20:56+00:00,55.503057,10.893115,17701.22900384686,RESOLUTE BAY,232005179,11.9
2025-11-22 10:20:59+00:00,55.357687,11.038033,938.4885193162228,DUSK,629009770,10.3
2025-11-22 10:20:59+00:00,55.357687,11.038033,938.4885193162228,DUSK,629009770,10.3
2025-11-22 10:21:01+00:00,55.353917,11.04383,453.5859838284538,FEDERAL SUTTON,538004383,12.6
2025-11-22 10:21:01+00:00,55.353917,11.04383,453.5859838284538,FEDERAL SUTTON,538004383,12.6
2025-11-22 10:21:01+00:00,55.353917,11.04383,453.5859838284538,FEDERAL SUTTON,538004383,12.6
2025-11-22 10:21:01+00:00,55.353917,11.04383,453.5859838284538,FEDERAL SUTTON,538004383,12.6
2025-11-22 10:21:05+00:00,55.503477,10.892635,17751.413540069967,RESOLUTE BAY,232005179,11.9
2025-11-22 10:21:10+00:00,55.358197,11.038033,994.283474078545,DUSK,629009770,10.4
2025-11-22 10:21:10+00:00,55.358197,11.038033,994.283474078545,DUSK,629009770,10.4
2025-11-22 10:21:11+00:00,55.354493,11.043835,516.7748095274687,FEDERAL SUTTON,538004383,12.6
2025-11-22 10:21:11+00:00,55.354493,11.043835,516.7748095274687,FEDERAL SUTTON,538004383,12.6
2025-11-22 10:21:11+00:00,55.354493,11.043835,516.7748095274687,FEDERAL SUTTON,538004383,12.6
2025-11-22 10:21:16+00:00,55.504042,10.891995,17818.929908284652,RESOLUTE BAY,232005179,11.9
2025-11-22 10:21:16+00:00,55.504042,10.891995,17818.929908284652,RESOLUTE BAY,232005179,11.9
2025-11-22 10:21:19+00:00,55.358622,11.038032,1040.7728844663707,DUSK,629009770,10.4
2025-11-22 10:21:20+00:00,55.355015,11.043833,574.1054672726348,FEDERAL SUTTON,538004383,12.6
2025-11-22 10:21:26+00:00,55.504462,10.891517,17869.175000007628,RESOLUTE BAY,232005179,11.9
2025-11-22 10:21:26+00:00,55.504462,10.891517,17869.175000007628,RESOLUTE BAY,232005179,11.9
2025-11-22 10:21:26+00:00,55.504462,10.891517,17869.175000007628,RESOLUTE BAY,232005179,11.9
2025-11-22 10:21:29+00:00,55.359095,11.038027,1092.5437543555959,DUSK,629009770,10.4
2025-11-22 10:21:29+00:00,55.359095,11.038027,1092.5437543555959,DUSK,629009770,10.4
2025-11-22 10:21:30+00:00,55.355595,11.043837,637.7309247800678,FEDERAL SUTTON,538004383,12.6
2025-11-22 10:21:30+00:00,55.355595,11.043837,637.7309247800678,FEDERAL SUTTON,538004383,12.6
2025-11-22 10:21:30+00:00,55.355595,11.043837,637.7309247800678,FEDERAL SUTTON,538004383,12.6
2025-11-22 10:21:30+00:00,55.355595,11.043837,637.7309247800678,FEDERAL SUTTON,538004383,12.6
2025-11-22 10:21:36+00:00,55.504928,10.89099,17924.9331605507,RESOLUTE BAY,232005179,11.9
2025-11-22 10:21:36+00:00,55.504928,10.89099,17924.9331605507,RESOLUTE BAY,232005179,11.9
2025-11-22 10:21:40+00:00,55.359618,11.038032,1149.5974658737327,DUSK,629009770,10.4
2025-11-22 10:21:40+00:00,55.359618,11.038032,1149.5974658737327,DUSK,629009770,10.4
2025-11-22 10:21:40+00:00,55.359618,11.038032,1149.5974658737327,DUSK,629009770,10.4
2025-11-22 10:21:41+00:00,55.356235,11.043853,706.8768023736699,FEDERAL SUTTON,538004383,12.6
2025-11-22 10:21:41+00:00,55.356235,11.043853,706.8768023736699,FEDERAL SUTTON,538004383,12.6
2025-11-22 10:21:41+00:00,55.356235,11.043853,706.8768023736699,FEDERAL SUTTON,538004383,12.6
2025-11-22 10:21:41+00:00,55.356235,11.043853,706.8768023736699,FEDERAL SUTTON,538004383,12.6
2025-11-22 10:21:44+00:00,55.359618,11.038032,1149.5974658737327,DUSK,629009770,10.4
2025-11-22 10:21:45+00:00,55.505348,10.89052,17975.17899364288,RESOLUTE BAY,232005179,12.0
2025-11-22 10:21:45+00:00,55.505348,10.89052,17975.17899364288,RESOLUTE BAY,232005179,12.0
2025-11-22 10:21:49+00:00,55.360047,11.038035,1196.385093230441,DUSK,629009770,10.4
2025-11-22 10:21:49+00:00,55.360047,11.038035,1196.385093230441,DUSK,629009770,10.4
2025-11-22 10:21:51+00:00,55.356758,11.043873,763.2107292476796,FEDERAL SUTTON,538004383,12.6
2025-11-22 10:21:51+00:00,55.356758,11.043873,763.2107292476796,FEDERAL SUTTON,538004383,12.6
2025-11-22 10:21:51+00:00,55.356758,11.043873,763.2107292476796,FEDERAL SUTTON,538004383,12.6
2025-11-22 10:21:51+00:00,55.356758,11.043873,763.2107292476796,FEDERAL SUTTON,538004383,12.6
2025-11-22 10:21:56+00:00,55.505862,10.889942,18036.735150695156,RESOLUTE BAY,232005179,12.0
2025-11-22 10:21:59+00:00,55.360525,11.038037,1248.529715136593,DUSK,629009770,10.4
2025-11-22 10:21:59+00:00,55.360525,11.038037,1248.529715136593,DUSK,629009770,10.4
2025-11-22 10:22:01+00:00,55.357398,11.043873,832.7062121018384,FEDERAL SUTTON,538004383,12.6
2025-11-22 10:22:01+00:00,55.357398,11.043873,832.7062121018384,FEDERAL SUTTON,538004383,12.6
2025-11-22 10:22:01+00:00,55.357398,11.043873,832.7062121018384,FEDERAL SUTTON,538004383,12.6
2025-11-22 10:22:01+00:00,55.357398,11.043873,832.7062121018384,FEDERAL SUTTON,538004383,12.6
2025-11-22 10:22:05+00:00,55.506288,10.889467,18087.752627557176,RESOLUTE BAY,232005179,12.0
2025-11-22 10:22:10+00:00,55.361053,11.038047,1306.0523377816892,DUSK,629009770,10.4
2025-11-22 10:22:10+00:00,55.361053,11.038047,1306.0523377816892,DUSK,629009770,10.4
2025-11-22 10:22:10+00:00,55.361053,11.038047,1306.0523377816892,DUSK,629009770,10.4
2025-11-22 10:22:11+00:00,55.357985,11.043877,896.4476847219659,FEDERAL SUTTON,538004383,12.6
2025-11-22 10:22:11+00:00,55.357985,11.043877,896.4476847219659,FEDERAL SUTTON,538004383,12.6
2025-11-22 10:22:11+00:00,55.357985,11.043877,896.4476847219659,FEDERAL SUTTON,538004383,12.6
2025-11-22 10:22:16+00:00,55.506858,10.888848,18155.92030973907,RESOLUTE BAY,232005179,12.0
2025-11-22 10:22:16+00:00,55.506858,10.888848,18155.92030973907,RESOLUTE BAY,232005179,12.0
2025-11-22 10:22:19+00:00,55.361498,11.038068,1354.3803032127437,DUSK,629009770,10.5
2025-11-22 10:22:19+00:00,55.361498,11.038068,1354.3803032127437,DUSK,629009770,10.5
2025-11-22 10:22:20+00:00,55.35851,11.043895,953.4513751203926,FEDERAL SUTTON,538004383,12.7
2025-11-22 10:22:20+00:00,55.35851,11.043895,953.4513751203926,FEDERAL SUTTON,538004383,12.7
2025-11-22 10:22:26+00:00,55.507287,10.888377,18207.303001606782,RESOLUTE BAY,232005179,12.0
2025-11-22 10:22:26+00:00,55.507287,10.888377,18207.303001606782,RESOLUTE BAY,232005179,12.0
2025-11-22 10:22:26+00:00,55.507287,10.888377,18207.303001606782,RESOLUTE BAY,232005179,12.0
2025-11-22 10:22:29+00:00,55.359092,11.043928,1016.6707268367304,FEDERAL SUTTON,538004383,12.7
2025-11-22 10:22:29+00:00,55.359092,11.043928,1016.6707268367304,FEDERAL SUTTON,538004383,12.7
2025-11-22 10:22:29+00:00,55.359092,11.043928,1016.6707268367304,FEDERAL SUTTON,538004383,12.7
2025-11-22 10:22:29+00:00,55.361985,11.038093,1407.2842661544298,DUSK,629009770,10.5
2025-11-22 10:22:29+00:00,55.361985,11.038093,1407.2842661544298,DUSK,629009770,10.5
2025-11-22 10:22:29+00:00,55.359092,11.043928,1016.6707268367304,FEDERAL SUTTON,538004383,12.7
2025-11-22 10:22:36+00:00,55.507765,10.887865,18264.47649033495,RESOLUTE BAY,232005179,12.0
2025-11-22 10:22:36+00:00,55.507765,10.887865,18264.47649033495,RESOLUTE BAY,232005179,12.0
2025-11-22 10:22:41+00:00,55.359733,11.04396,1085.6731838459434,FEDERAL SUTTON,538004383,12.7
2025-11-22 10:22:41+00:00,55.359733,11.04396,1085.6731838459434,FEDERAL SUTTON,538004383,12.7
2025-11-22 10:22:41+00:00,55.359733,11.04396,1085.6731838459434,FEDERAL SUTTON,538004383,12.7
2025-11-22 10:22:41+00:00,55.359733,11.04396,1085.6731838459434,FEDERAL SUTTON,538004383,12.7
2025-11-22 10:22:41+00:00,55.362567,11.038128,1470.1644968418448,DUSK,629009770,10.5
2025-11-22 10:22:45+00:00,55.508202,10.8874,18316.747955104704,RESOLUTE BAY,232005179,12.0
2025-11-22 10:22:45+00:00,55.508202,10.8874,18316.747955104704,RESOLUTE BAY,232005179,12.0
2025-11-22 10:22:49+00:00,55.362955,11.038147,1511.7337326459055,DUSK,629009770,10.5
2025-11-22 10:22:49+00:00,55.362955,11.038147,1511.7337326459055,DUSK,629009770,10.5
2025-11-22 10:22:51+00:00,55.36032,11.043983,1148.8630616695564,FEDERAL SUTTON,538004383,12.7
2025-11-22 10:22:51+00:00,55.36032,11.043983,1148.8630616695564,FEDERAL SUTTON,538004383,12.7
2025-11-22 10:22:51+00:00,55.36032,11.043983,1148.8630616695564,FEDERAL SUTTON,538004383,12.7
2025-11-22 10:22:54+00:00,55.36032,11.043983,1148.8630616695564,FEDERAL SUTTON,538004383,12.7
2025-11-22 10:22:54+00:00,55.36032,11.043983,1148.8630616695564,FEDERAL SUTTON,538004383,12.7
2025-11-22 10:22:56+00:00,55.508733,10.886832,18380.326368468566,RESOLUTE BAY,232005179,12.0
2025-11-22 10:22:59+00:00,55.363442,11.038168,1563.9972749752758,DUSK,629009770,10.5
2025-11-22 10:22:59+00:00,55.360788,11.043988,1199.5605925788775,FEDERAL SUTTON,538004383,12.7
2025-11-22 10:22:59+00:00,55.360788,11.043988,1199.5605925788775,FEDERAL SUTTON,538004383,12.7
2025-11-22 10:22:59+00:00,55.360788,11.043988,1199.5605925788775,FEDERAL SUTTON,538004383,12.7
2025-11-22 10:22:59+00:00,55.360788,11.043988,1199.5605925788775,FEDERAL SUTTON,538004383,12.7
2025-11-22 10:23:05+00:00,55.509167,10.886372,18432.282391536493,RESOLUTE BAY,232005179,12.0
2025-11-22 10:23:05+00:00,55.509167,10.886372,18432.282391536493,RESOLUTE BAY,232005179,12.0
2025-11-22 10:23:05+00:00,55.509167,10.886372,18432.282391536493,RESOLUTE BAY,232005179,12.0
2025-11-22 10:23:11+00:00,55.364025,11.038198,1626.6595898249593,DUSK,629009770,10.5
2025-11-22 10:23:11+00:00,55.364025,11.038198,1626.6595898249593,DUSK,629009770,10.5
2025-11-22 10:23:11+00:00,55.361495,11.043993,1276.2189326578894,FEDERAL SUTTON,538004383,12.7
2025-11-22 10:23:11+00:00,55.361495,11.043993,1276.2189326578894,FEDERAL SUTTON,538004383,12.7
2025-11-22 10:23:11+00:00,55.361495,11.043993,1276.2189326578894,FEDERAL SUTTON,538004383,12.7
2025-11-22 10:23:16+00:00,55.509743,10.885757,18501.31899354461,RESOLUTE BAY,232005179,12.0
2025-11-22 10:23:16+00:00,55.509743,10.885757,18501.31899354461,RESOLUTE BAY,232005179,12.0
2025-11-22 10:23:19+00:00,55.36441,11.038212,1668.2175341279697,DUSK,629009770,10.6
2025-11-22 10:23:19+00:00,55.36441,11.038212,1668.2175341279697,DUSK,629009770,10.6
2025-11-22 10:23:20+00:00,55.361963,11.04401,1326.8914111674783,FEDERAL SUTTON,538004383,12.7
2025-11-22 10:23:20+00:00,55.361963,11.04401,1326.8914111674783,FEDERAL SUTTON,538004383,12.7
2025-11-22 10:23:20+00:00,55.361963,11.04401,1326.8914111674783,FEDERAL SUTTON,538004383,12.7
2025-11-22 10:23:26+00:00,55.510173,10.885297,18552.89506583252,RESOLUTE BAY,232005179,12.0
2025-11-22 10:23:26+00:00,55.510173,10.885297,18552.89506583252,RESOLUTE BAY,232005179,12.0
2025-11-22 10:23:29+00:00,55.362552,11.044033,1390.7963304440475,FEDERAL SUTTON,538004383,12.7
2025-11-22 10:23:29+00:00,55.362552,11.044033,1390.7963304440475,FEDERAL SUTTON,538004383,12.7
2025-11-22 10:23:29+00:00,55.362552,11.044033,1390.7963304440475,FEDERAL SUTTON,538004383,12.7
2025-11-22 10:23:29+00:00,55.364893,11.038218,1720.602833659925,DUSK,629009770,10.6
2025-11-22 10:23:29+00:00,55.364893,11.038218,1720.602833659925,DUSK,629009770,10.6
2025-11-22 10:23:29+00:00,55.364893,11.038218,1720.602833659925,DUSK,629009770,10.6
2025-11-22 10:23:36+00:00,55.510652,10.884785,18610.374791473332,RESOLUTE BAY,232005179,12.0
2025-11-22 10:23:36+00:00,55.510652,10.884785,18610.374791473332,RESOLUTE BAY,232005179,12.0
2025-11-22 10:23:36+00:00,55.510652,10.884785,18610.374791473332,RESOLUTE BAY,232005179,12.0
2025-11-22 10:23:41+00:00,55.363195,11.04405,1460.8107546464898,FEDERAL SUTTON,538004383,12.7
2025-11-22 10:23:41+00:00,55.363195,11.04405,1460.8107546464898,FEDERAL SUTTON,538004383,12.7
2025-11-22 10:23:41+00:00,55.363195,11.04405,1460.8107546464898,FEDERAL SUTTON,538004383,12.7
2025-11-22 10:23:41+00:00,55.365482,11.03822,1784.6664549142124,DUSK,629009770,10.6
2025-11-22 10:23:41+00:00,55.365482,11.03822,1784.6664549142124,DUSK,629009770,10.6
2025-11-22 10:23:41+00:00,55.363195,11.04405,1460.8107546464898,FEDERAL SUTTON,538004383,12.7
2025-11-22 10:23:45+00:00,55.511082,10.884332,18661.939563422016,RESOLUTE BAY,232005179,12.0
2025-11-22 10:23:45+00:00,55.511082,10.884332,18661.939563422016,RESOLUTE BAY,232005179,12.0
2025-11-22 10:23:49+00:00,55.365872,11.038205,1827.3466339560318,DUSK,629009770,10.6
2025-11-22 10:23:51+00:00,55.36384,11.044063,1530.520522823527,FEDERAL SUTTON,538004383,12.7
2025-11-22 10:23:51+00:00,55.36384,11.044063,1530.520522823527,FEDERAL SUTTON,538004383,12.7
2025-11-22 10:23:51+00:00,55.36384,11.044063,1530.520522823527,FEDERAL SUTTON,538004383,12.7
2025-11-22 10:23:51+00:00,55.36384,11.044063,1530.520522823527,FEDERAL SUTTON,538004383,12.7
2025-11-22 10:23:56+00:00,55.511605,10.883773,18724.76501115464,RESOLUTE BAY,232005179,12.0
2025-11-22 10:23:59+00:00,55.366348,11.038165,1879.7582140251134,DUSK,629009770,10.5
2025-11-22 10:23:59+00:00,55.366348,11.038165,1879.7582140251134,DUSK,629009770,10.5
2025-11-22 10:23:59+00:00,55.364308,11.044078,1580.8935364278557,FEDERAL SUTTON,538004383,12.7
2025-11-22 10:23:59+00:00,55.364308,11.044078,1580.8935364278557,FEDERAL SUTTON,538004383,12.7
2025-11-22 10:23:59+00:00,55.364308,11.044078,1580.8935364278557,FEDERAL SUTTON,538004383,12.7
2025-11-22 10:23:59+00:00,55.364308,11.044078,1580.8935364278557,FEDERAL SUTTON,538004383,12.7
2025-11-22 10:24:05+00:00,55.512033,10.883313,18776.230158409897,RESOLUTE BAY,232005179,12.0
2025-11-22 10:24:05+00:00,55.512033,10.883313,18776.230158409897,RESOLUTE BAY,232005179,12.0
2025-11-22 10:24:10+00:00,55.364955,11.044103,1650.6504804381632,FEDERAL SUTTON,538004383,12.7
2025-11-22 10:24:10+00:00,55.364955,11.044103,1650.6504804381632,FEDERAL SUTTON,538004383,12.7
2025-11-22 10:24:10+00:00,55.364955,11.044103,1650.6504804381632,FEDERAL SUTTON,538004383,12.7
2025-11-22 10:24:11+00:00,55.366937,11.03809,1944.975029113404,DUSK,629009770,10.5
2025-11-22 10:24:11+00:00,55.366937,11.03809,1944.975029113404,DUSK,629009770,10.5
2025-11-22 10:24:16+00:00,55.512612,10.88271,18845.706921271158,RESOLUTE BAY,232005179,12.0
2025-11-22 10:24:16+00:00,55.512612,10.88271,18845.706921271158,RESOLUTE BAY,232005179,12.0
2025-11-22 10:24:19+00:00,55.367325,11.038023,1988.1623568265568,DUSK,629009770,10.5
2025-11-22 10:24:20+00:00,55.365543,11.044125,1714.2204891358278,FEDERAL SUTTON,538004383,12.8
2025-11-22 10:24:20+00:00,55.365543,11.044125,1714.2204891358278,FEDERAL SUTTON,538004383,12.8
2025-11-22 10:24:20+00:00,55.365543,11.044125,1714.2204891358278,FEDERAL SUTTON,538004383,12.8
2025-11-22 10:24:26+00:00,55.513045,10.882258,18897.701725366114,RESOLUTE BAY,232005179,12.0
2025-11-22 10:24:26+00:00,55.513045,10.882258,18897.701725366114,RESOLUTE BAY,232005179,12.0
2025-11-22 10:24:26+00:00,55.513045,10.882258,18897.701725366114,RESOLUTE BAY,232005179,12.0
2025-11-22 10:24:29+00:00,55.366075,11.044142,1771.8939820074443,FEDERAL SUTTON,538004383,12.8
2025-11-22 10:24:29+00:00,55.366075,11.044142,1771.8939820074443,FEDERAL SUTTON,538004383,12.8
2025-11-22 10:24:31+00:00,55.3679,11.037893,2052.547528599629,DUSK,629009770,10.4
2025-11-22 10:24:36+00:00,55.513532,10.881757,18956.136700612216,RESOLUTE BAY,232005179,12.0
2025-11-22 10:24:36+00:00,55.513532,10.881757,18956.136700612216,RESOLUTE BAY,232005179,12.0
2025-11-22 10:24:36+00:00,55.513532,10.881757,18956.136700612216,RESOLUTE BAY,232005179,12.0
2025-11-22 10:24:41+00:00,55.366783,11.044175,1848.6710972352082,FEDERAL SUTTON,538004383,12.8
2025-11-22 10:24:41+00:00,55.366783,11.044175,1848.6710972352082,FEDERAL SUTTON,538004383,12.8
2025-11-22 10:24:41+00:00,55.366783,11.044175,1848.6710972352082,FEDERAL SUTTON,538004383,12.8
2025-11-22 10:24:41+00:00,55.366783,11.044175,1848.6710972352082,FEDERAL SUTTON,538004383,12.8
2025-11-22 10:24:45+00:00,55.513965,10.881307,19008.16022741201,RESOLUTE BAY,232005179,12.0
2025-11-22 10:24:45+00:00,55.513965,10.881307,19008.16022741201,RESOLUTE BAY,232005179,12.0
2025-11-22 10:24:49+00:00,55.36874,11.03761,2147.7673758893184,DUSK,629009770,10.3
2025-11-22 10:24:49+00:00,55.36874,11.03761,2147.7673758893184,DUSK,629009770,10.3
2025-11-22 10:24:50+00:00,55.367315,11.044208,1906.3748322766753,FEDERAL SUTTON,538004383,12.8
2025-11-22 10:24:50+00:00,55.367315,11.044208,1906.3748322766753,FEDERAL SUTTON,538004383,12.8
2025-11-22 10:24:50+00:00,55.367315,11.044208,1906.3748322766753,FEDERAL SUTTON,538004383,12.8
2025-11-22 10:24:55+00:00,55.514445,10.880802,19065.917647893726,RESOLUTE BAY,232005179,12.0
2025-11-22 10:24:55+00:00,55.514445,10.880802,19065.917647893726,RESOLUTE BAY,232005179,12.0
2025-11-22 10:24:59+00:00,55.367847,11.04424,1964.1714340590927,FEDERAL SUTTON,538004383,12.8
2025-11-22 10:24:59+00:00,55.367847,11.04424,1964.1714340590927,FEDERAL SUTTON,538004383,12.8
2025-11-22 10:24:59+00:00,55.367847,11.04424,1964.1714340590927,FEDERAL SUTTON,538004383,12.8
2025-11-22 10:25:05+00:00,55.514923,10.880293,19123.523235614874,RESOLUTE BAY,232005179,12.0
2025-11-22 10:25:05+00:00,55.514923,10.880293,19123.523235614874,RESOLUTE BAY,232005179,12.0
2025-11-22 10:25:05+00:00,55.514923,10.880293,19123.523235614874,RESOLUTE BAY,232005179,12.0
2025-11-22 10:25:10+00:00,55.368435,11.044262,2028.2987797732223,FEDERAL SUTTON,538004383,12.8
2025-11-22 10:25:10+00:00,55.368435,11.044262,2028.2987797732223,FEDERAL SUTTON,538004383,12.8
2025-11-22 10:25:10+00:00,55.368435,11.044262,2028.2987797732223,FEDERAL SUTTON,538004383,12.8
2025-11-22 10:25:10+00:00,55.368435,11.044262,2028.2987797732223,FEDERAL SUTTON,538004383,12.8
2025-11-22 10:25:11+00:00,55.369748,11.037128,2263.8085022087275,DUSK,629009770,10.2
2025-11-22 10:25:11+00:00,55.369748,11.037128,2263.8085022087275,DUSK,629009770,10.2
2025-11-22 10:25:11+00:00,55.369748,11.037128,2263.8085022087275,DUSK,629009770,10.2
2025-11-22 10:25:16+00:00,55.5155,10.879685,19193.03332989309,RESOLUTE BAY,232005179,12.0
2025-11-22 10:25:16+00:00,55.5155,10.879685,19193.03332989309,RESOLUTE BAY,232005179,12.0
2025-11-22 10:25:19+00:00,55.370105,11.036922,2305.3471117725876,DUSK,629009770,10.1
2025-11-22 10:25:19+00:00,55.370105,11.036922,2305.3471117725876,DUSK,629009770,10.1
2025-11-22 10:25:20+00:00,55.369023,11.044257,2092.8044077803884,FEDERAL SUTTON,538004383,12.7
2025-11-22 10:25:20+00:00,55.369023,11.044257,2092.8044077803884,FEDERAL SUTTON,538004383,12.7
2025-11-22 10:25:20+00:00,55.369023,11.044257,2092.8044077803884,FEDERAL SUTTON,538004383,12.7
2025-11-22 10:25:20+00:00,55.369023,11.044257,2092.8044077803884,FEDERAL SUTTON,538004383,12.7
2025-11-22 10:25:26+00:00,55.515933,10.879227,19245.23997235191,RESOLUTE BAY,232005179,12.0
2025-11-22 10:25:26+00:00,55.515933,10.879227,19245.23997235191,RESOLUTE BAY,232005179,12.0
2025-11-22 10:25:29+00:00,55.369665,11.044207,2163.773294881908,FEDERAL SUTTON,538004383,12.7
2025-11-22 10:25:29+00:00,55.369665,11.044207,2163.773294881908,FEDERAL SUTTON,538004383,12.7
2025-11-22 10:25:31+00:00,55.370612,11.036552,2365.3403752327263,DUSK,629009770,9.9
2025-11-22 10:25:36+00:00,55.516412,10.878715,19303.07366338598,RESOLUTE BAY,232005179,12.0
2025-11-22 10:25:36+00:00,55.516412,10.878715,19303.07366338598,RESOLUTE BAY,232005179,12.0
2025-11-22 10:25:36+00:00,55.516412,10.878715,19303.07366338598,RESOLUTE BAY,232005179,12.0
2025-11-22 10:25:41+00:00,55.370307,11.044153,2234.804794412929,FEDERAL SUTTON,538004383,12.6
2025-11-22 10:25:41+00:00,55.371012,11.036212,2413.342122053167,DUSK,629009770,9.7
2025-11-22 10:25:41+00:00,55.370307,11.044153,2234.804794412929,FEDERAL SUTTON,538004383,12.6
2025-11-22 10:25:45+00:00,55.516843,10.878252,19355.15975270281,RESOLUTE BAY,232005179,12.0
2025-11-22 10:25:45+00:00,55.516843,10.878252,19355.15975270281,RESOLUTE BAY,232005179,12.0
2025-11-22 10:25:45+00:00,55.516843,10.878252,19355.15975270281,RESOLUTE BAY,232005179,12.0
2025-11-22 10:25:50+00:00,55.370888,11.044087,2299.2700371678893,FEDERAL SUTTON,538004383,12.6
2025-11-22 10:25:50+00:00,55.371358,11.035883,2455.3708062612436,DUSK,629009770,9.6
2025-11-22 10:25:50+00:00,55.370888,11.044087,2299.2700371678893,FEDERAL SUTTON,538004383,12.6
2025-11-22 10:25:50+00:00,55.370888,11.044087,2299.2700371678893,FEDERAL SUTTON,538004383,12.6
2025-11-22 10:25:50+00:00,55.370888,11.044087,2299.2700371678893,FEDERAL SUTTON,538004383,12.6
2025-11-22 10:25:55+00:00,55.51732,10.877738,19412.848119013543,RESOLUTE BAY,232005179,12.0
2025-11-22 10:25:55+00:00,55.51732,10.877738,19412.848119013543,RESOLUTE BAY,232005179,12.0
2025-11-22 10:25:55+00:00,55.51732,10.877738,19412.848119013543,RESOLUTE BAY,232005179,12.0
2025-11-22 10:25:59+00:00,55.371352,11.044013,2350.980402377415,FEDERAL SUTTON,538004383,12.6
2025-11-22 10:25:59+00:00,55.371352,11.044013,2350.980402377415,FEDERAL SUTTON,538004383,12.6
2025-11-22 10:25:59+00:00,55.371352,11.044013,2350.980402377415,FEDERAL SUTTON,538004383,12.6
2025-11-22 10:25:59+00:00,55.371352,11.044013,2350.980402377415,FEDERAL SUTTON,538004383,12.6
2025-11-22 10:26:00+00:00,55.371737,11.035477,2502.1037839969513,DUSK,629009770,9.6
2025-11-22 10:26:05+00:00,55.517797,10.877225,19470.554254425188,RESOLUTE BAY,232005179,12.0
2025-11-22 10:26:05+00:00,55.517797,10.877225,19470.554254425188,RESOLUTE BAY,232005179,12.0
2025-11-22 10:26:08+00:00,55.517797,10.877225,19470.554254425188,RESOLUTE BAY,232005179,12.0
2025-11-22 10:26:08+00:00,55.517797,10.877225,19470.554254425188,RESOLUTE BAY,232005179,12.0
2025-11-22 10:26:10+00:00,55.371977,11.043858,2421.224968997652,FEDERAL SUTTON,538004383,12.5
2025-11-22 10:26:10+00:00,55.371977,11.043858,2421.224968997652,FEDERAL SUTTON,538004383,12.5
2025-11-22 10:26:11+00:00,55.372142,11.035037,2552.24230931571,DUSK,629009770,9.5
2025-11-22 10:26:11+00:00,55.372142,11.035037,2552.24230931571,DUSK,629009770,9.5
2025-11-22 10:26:16+00:00,55.518368,10.876605,19539.730763272095,RESOLUTE BAY,232005179,12.0
2025-11-22 10:26:16+00:00,55.518368,10.876605,19539.730763272095,RESOLUTE BAY,232005179,12.0
2025-11-22 10:26:19+00:00,55.37244,11.034727,2589.0081745923744,DUSK,629009770,9.5
2025-11-22 10:26:20+00:00,55.372543,11.043692,2485.110638620932,FEDERAL SUTTON,538004383,12.4
2025-11-22 10:26:20+00:00,55.372543,11.043692,2485.110638620932,FEDERAL SUTTON,538004383,12.4
2025-11-22 10:26:20+00:00,55.372543,11.043692,2485.110638620932,FEDERAL SUTTON,538004383,12.4
2025-11-22 10:26:20+00:00,55.372543,11.043692,2485.110638620932,FEDERAL SUTTON,538004383,12.4
2025-11-22 10:26:20+00:00,55.372543,11.043692,2485.110638620932,FEDERAL SUTTON,538004383,12.4
2025-11-22 10:26:26+00:00,55.518795,10.876138,19591.523631964137,RESOLUTE BAY,232005179,12.0
2025-11-22 10:26:26+00:00,55.518795,10.876138,19591.523631964137,RESOLUTE BAY,232005179,12.0
2025-11-22 10:26:26+00:00,55.518795,10.876138,19591.523631964137,RESOLUTE BAY,232005179,12.0
2025-11-22 10:26:29+00:00,55.37305,11.043528,2542.499004448435,FEDERAL SUTTON,538004383,12.4
2025-11-22 10:26:29+00:00,55.37305,11.043528,2542.499004448435,FEDERAL SUTTON,538004383,12.4
2025-11-22 10:26:29+00:00,55.37305,11.043528,2542.499004448435,FEDERAL SUTTON,538004383,12.4
2025-11-22 10:26:29+00:00,55.37305,11.043528,2542.499004448435,FEDERAL SUTTON,538004383,12.4
2025-11-22 10:26:29+00:00,55.37305,11.043528,2542.499004448435,FEDERAL SUTTON,538004383,12.4
2025-11-22 10:26:31+00:00,55.372885,11.034243,2644.319924004965,DUSK,629009770,9.5
2025-11-22 10:26:31+00:00,55.372885,11.034243,2644.319924004965,DUSK,629009770,9.5
2025-11-22 10:26:36+00:00,55.519277,10.875617,19649.949714855647,RESOLUTE BAY,232005179,12.1
2025-11-22 10:26:36+00:00,55.519277,10.875617,19649.949714855647,RESOLUTE BAY,232005179,12.1
2025-11-22 10:26:41+00:00,55.37376,11.043215,2623.7542717600704,FEDERAL SUTTON,538004383,12.2
2025-11-22 10:26:41+00:00,55.37376,11.043215,2623.7542717600704,FEDERAL SUTTON,538004383,12.2
2025-11-22 10:26:41+00:00,55.37376,11.043215,2623.7542717600704,FEDERAL SUTTON,538004383,12.2
2025-11-22 10:26:41+00:00,55.37376,11.043215,2623.7542717600704,FEDERAL SUTTON,538004383,12.2
2025-11-22 10:26:41+00:00,55.373253,11.033813,2690.5590618275114,DUSK,629009770,9.6
2025-11-22 10:26:45+00:00,55.519715,10.875153,19702.965468516883,RESOLUTE BAY,232005179,12.1
2025-11-22 10:26:45+00:00,55.519715,10.875153,19702.965468516883,RESOLUTE BAY,232005179,12.1
2025-11-22 10:26:50+00:00,55.37359,11.033438,2732.0042397093384,DUSK,629009770,9.6
2025-11-22 10:26:50+00:00,55.374422,11.042848,2700.3188336346975,FEDERAL SUTTON,538004383,12.1
2025-11-22 10:26:50+00:00,55.374422,11.042848,2700.3188336346975,FEDERAL SUTTON,538004383,12.1
2025-11-22 10:26:50+00:00,55.374422,11.042848,2700.3188336346975,FEDERAL SUTTON,538004383,12.1
2025-11-22 10:26:50+00:00,55.374422,11.042848,2700.3188336346975,FEDERAL SUTTON,538004383,12.1
2025-11-22 10:26:50+00:00,55.374422,11.042848,2700.3188336346975,FEDERAL SUTTON,538004383,12.1
2025-11-22 10:26:55+00:00,55.520202,10.87465,19761.79848313253,RESOLUTE BAY,232005179,12.1
2025-11-22 10:26:55+00:00,55.520202,10.87465,19761.79848313253,RESOLUTE BAY,232005179,12.1
2025-11-22 10:26:59+00:00,55.374937,11.042557,2759.944353595159,FEDERAL SUTTON,538004383,12.1
2025-11-22 10:26:59+00:00,55.374937,11.042557,2759.944353595159,FEDERAL SUTTON,538004383,12.1
2025-11-22 10:26:59+00:00,55.374937,11.042557,2759.944353595159,FEDERAL SUTTON,538004383,12.1
2025-11-22 10:26:59+00:00,55.374937,11.042557,2759.944353595159,FEDERAL SUTTON,538004383,12.1
2025-11-22 10:26:59+00:00,55.374937,11.042557,2759.944353595159,FEDERAL SUTTON,538004383,12.1
2025-11-22 10:27:00+00:00,55.373962,11.033003,2778.0441984839103,DUSK,629009770,9.6
2025-11-22 10:27:06+00:00,55.52074,10.874107,19826.68379435813,RESOLUTE BAY,232005179,12.2
2025-11-22 10:27:10+00:00,55.375528,11.042198,2828.673109267301,FEDERAL SUTTON,538004383,12.0
2025-11-22 10:27:10+00:00,55.375528,11.042198,2828.673109267301,FEDERAL SUTTON,538004383,12.0
2025-11-22 10:27:10+00:00,55.375528,11.042198,2828.673109267301,FEDERAL SUTTON,538004383,12.0
2025-11-22 10:27:10+00:00,55.375528,11.042198,2828.673109267301,FEDERAL SUTTON,538004383,12.0
2025-11-22 10:27:11+00:00,55.374358,11.032512,2827.204337557461,DUSK,629009770,9.6
2025-11-22 10:27:16+00:00,55.521282,10.873577,19891.89365525749,RESOLUTE BAY,232005179,12.2
2025-11-22 10:27:16+00:00,55.521282,10.873577,19891.89365525749,RESOLUTE BAY,232005179,12.2
2025-11-22 10:27:19+00:00,55.374642,11.032152,2862.5198998452875,DUSK,629009770,9.6
2025-11-22 10:27:20+00:00,55.376043,11.041833,2889.185944853602,FEDERAL SUTTON,538004383,12.0
2025-11-22 10:27:20+00:00,55.376043,11.041833,2889.185944853602,FEDERAL SUTTON,538004383,12.0
2025-11-22 10:27:20+00:00,55.376043,11.041833,2889.185944853602,FEDERAL SUTTON,538004383,12.0
2025-11-22 10:27:20+00:00,55.376043,11.041833,2889.185944853602,FEDERAL SUTTON,538004383,12.0
2025-11-22 10:27:20+00:00,55.376043,11.041833,2889.185944853602,FEDERAL SUTTON,538004383,12.0
2025-11-22 10:27:26+00:00,55.521727,10.873142,19945.450665721968,RESOLUTE BAY,232005179,12.2
2025-11-22 10:27:26+00:00,55.521727,10.873142,19945.450665721968,RESOLUTE BAY,232005179,12.2
2025-11-22 10:27:30+00:00,55.376558,11.041473,2949.6955621129637,FEDERAL SUTTON,538004383,12.0
2025-11-22 10:27:30+00:00,55.376558,11.041473,2949.6955621129637,FEDERAL SUTTON,538004383,12.0
2025-11-22 10:27:30+00:00,55.376558,11.041473,2949.6955621129637,FEDERAL SUTTON,538004383,12.0
2025-11-22 10:27:30+00:00,55.376558,11.041473,2949.6955621129637,FEDERAL SUTTON,538004383,12.0
2025-11-22 10:27:30+00:00,55.376558,11.041473,2949.6955621129637,FEDERAL SUTTON,538004383,12.0
2025-11-22 10:27:31+00:00,55.375092,11.031635,2917.883452520043,DUSK,629009770,9.6
2025-11-22 10:27:36+00:00,55.522222,10.872662,20005.002608188544,RESOLUTE BAY,232005179,12.2
2025-11-22 10:27:36+00:00,55.522222,10.872662,20005.002608188544,RESOLUTE BAY,232005179,12.2
2025-11-22 10:27:41+00:00,55.37712,11.04106,3016.021444072532,FEDERAL SUTTON,538004383,12.0
2025-11-22 10:27:41+00:00,55.37712,11.04106,3016.021444072532,FEDERAL SUTTON,538004383,12.0
2025-11-22 10:27:41+00:00,55.37547,11.031222,2964.2226145635823,DUSK,629009770,9.7
2025-11-22 10:27:41+00:00,55.37712,11.04106,3016.021444072532,FEDERAL SUTTON,538004383,12.0
2025-11-22 10:27:41+00:00,55.37712,11.04106,3016.021444072532,FEDERAL SUTTON,538004383,12.0
2025-11-22 10:27:45+00:00,55.522672,10.872233,20059.076786576607,RESOLUTE BAY,232005179,12.2
2025-11-22 10:27:45+00:00,55.522672,10.872233,20059.076786576607,RESOLUTE BAY,232005179,12.2
2025-11-22 10:27:50+00:00,55.375805,11.030827,3005.694103859728,DUSK,629009770,9.7
2025-11-22 10:27:50+00:00,55.377563,11.04068,3069.005299749374,FEDERAL SUTTON,538004383,11.9
2025-11-22 10:27:50+00:00,55.377563,11.04068,3069.005299749374,FEDERAL SUTTON,538004383,11.9
2025-11-22 10:27:50+00:00,55.377563,11.04068,3069.005299749374,FEDERAL SUTTON,538004383,11.9
2025-11-22 10:27:50+00:00,55.377563,11.04068,3069.005299749374,FEDERAL SUTTON,538004383,11.9
2025-11-22 10:27:50+00:00,55.377563,11.04068,3069.005299749374,FEDERAL SUTTON,538004383,11.9
2025-11-22 10:27:55+00:00,55.52317,10.871762,20118.89552831508,RESOLUTE BAY,232005179,12.2
2025-11-22 10:27:59+00:00,55.377993,11.040275,3120.939910555008,FEDERAL SUTTON,538004383,11.8
2025-11-22 10:27:59+00:00,55.377993,11.040275,3120.939910555008,FEDERAL SUTTON,538004383,11.8
2025-11-22 10:27:59+00:00,55.377993,11.040275,3120.939910555008,FEDERAL SUTTON,538004383,11.8
2025-11-22 10:27:59+00:00,55.377993,11.040275,3120.939910555008,FEDERAL SUTTON,538004383,11.8
2025-11-22 10:28:00+00:00,55.376182,11.030353,3052.791339916438,DUSK,629009770,9.7
2025-11-22 10:28:06+00:00,55.523718,10.871247,20184.705115268465,RESOLUTE BAY,232005179,12.2
2025-11-22 10:28:06+00:00,55.523718,10.871247,20184.705115268465,RESOLUTE BAY,232005179,12.2
2025-11-22 10:28:10+00:00,55.378525,11.039795,3185.034632580126,FEDERAL SUTTON,538004383,11.9
2025-11-22 10:28:10+00:00,55.378525,11.039795,3185.034632580126,FEDERAL SUTTON,538004383,11.9
2025-11-22 10:28:10+00:00,55.378525,11.039795,3185.034632580126,FEDERAL SUTTON,538004383,11.9
2025-11-22 10:28:10+00:00,55.378525,11.039795,3185.034632580126,FEDERAL SUTTON,538004383,11.9
2025-11-22 10:28:11+00:00,55.376572,11.029828,3102.1224062145507,DUSK,629009770,9.7
2025-11-22 10:28:15+00:00,55.52417,10.870825,20238.971414342832,RESOLUTE BAY,232005179,12.2
2025-11-22 10:28:15+00:00,55.52417,10.870825,20238.971414342832,RESOLUTE BAY,232005179,12.2
2025-11-22 10:28:19+00:00,55.37685,11.029448,3137.4647169892305,DUSK,629009770,9.7
2025-11-22 10:28:19+00:00,55.378968,11.039397,3238.4613024755863,FEDERAL SUTTON,538004383,11.9
2025-11-22 10:28:19+00:00,55.378968,11.039397,3238.4613024755863,FEDERAL SUTTON,538004383,11.9
2025-11-22 10:28:26+00:00,55.52472,10.870303,20305.11976047757,RESOLUTE BAY,232005179,12.2
2025-11-22 10:28:26+00:00,55.52472,10.870303,20305.11976047757,RESOLUTE BAY,232005179,12.2
2025-11-22 10:28:30+00:00,55.379462,11.03895,3298.157926719255,FEDERAL SUTTON,538004383,11.9
2025-11-22 10:28:30+00:00,55.379462,11.03895,3298.157926719255,FEDERAL SUTTON,538004383,11.9
2025-11-22 10:28:30+00:00,55.379462,11.03895,3298.157926719255,FEDERAL SUTTON,538004383,11.9
2025-11-22 10:28:30+00:00,55.379462,11.03895,3298.157926719255,FEDERAL SUTTON,538004383,11.9
2025-11-22 10:28:30+00:00,55.379462,11.03895,3298.157926719255,FEDERAL SUTTON,538004383,11.9
2025-11-22 10:28:31+00:00,55.377275,11.028892,3191.215833399749,DUSK,629009770,9.7
2025-11-22 10:28:36+00:00,55.525225,10.869837,20365.724378871862,RESOLUTE BAY,232005179,12.2
2025-11-22 10:28:36+00:00,55.525225,10.869837,20365.724378871862,RESOLUTE BAY,232005179,12.2
2025-11-22 10:28:41+00:00,55.38,11.03845,3363.441618958569,FEDERAL SUTTON,538004383,11.9
2025-11-22 10:28:41+00:00,55.38,11.03845,3363.441618958569,FEDERAL SUTTON,538004383,11.9
2025-11-22 10:28:41+00:00,55.38,11.03845,3363.441618958569,FEDERAL SUTTON,538004383,11.9
2025-11-22 10:28:41+00:00,55.377625,11.028442,3235.478428746955,DUSK,629009770,9.7
2025-11-22 10:28:41+00:00,55.38,11.03845,3363.441618958569,FEDERAL SUTTON,538004383,11.9
2025-11-22 10:28:45+00:00,55.525672,10.869412,20419.52643429907,RESOLUTE BAY,232005179,12.2
2025-11-22 10:28:45+00:00,55.525672,10.869412,20419.52643429907,RESOLUTE BAY,232005179,12.2
2025-11-22 10:28:50+00:00,55.380537,11.037947,3428.755152198259,FEDERAL SUTTON,538004383,11.9
2025-11-22 10:28:50+00:00,55.37794,11.02802,3275.6551217041083,DUSK,629009770,9.8
2025-11-22 10:28:50+00:00,55.380537,11.037947,3428.755152198259,FEDERAL SUTTON,538004383,11.9
2025-11-22 10:28:50+00:00,55.380537,11.037947,3428.755152198259,FEDERAL SUTTON,538004383,11.9
2025-11-22 10:28:50+00:00,55.380537,11.037947,3428.755152198259,FEDERAL SUTTON,538004383,11.9
2025-11-22 10:28:50+00:00,55.380537,11.037947,3428.755152198259,FEDERAL SUTTON,538004383,11.9
2025-11-22 10:28:54+00:00,55.380537,11.037947,3428.755152198259,FEDERAL SUTTON,538004383,11.9
2025-11-22 10:28:54+00:00,55.380537,11.037947,3428.755152198259,FEDERAL SUTTON,538004383,11.9
2025-11-22 10:28:54+00:00,55.380537,11.037947,3428.755152198259,FEDERAL SUTTON,538004383,11.9
2025-11-22 10:28:55+00:00,55.526177,10.868937,20480.268089106736,RESOLUTE BAY,232005179,12.3
2025-11-22 10:28:55+00:00,55.526177,10.868937,20480.268089106736,RESOLUTE BAY,232005179,12.3
2025-11-22 10:28:59+00:00,55.380923,11.037573,3475.9383684235004,FEDERAL SUTTON,538004383,12.0
2025-11-22 10:28:59+00:00,55.380923,11.037573,3475.9383684235004,FEDERAL SUTTON,538004383,12.0
2025-11-22 10:28:59+00:00,55.380923,11.037573,3475.9383684235004,FEDERAL SUTTON,538004383,12.0
2025-11-22 10:28:59+00:00,55.380923,11.037573,3475.9383684235004,FEDERAL SUTTON,538004383,12.0
2025-11-22 10:28:59+00:00,55.380923,11.037573,3475.9383684235004,FEDERAL SUTTON,538004383,12.0
2025-11-22 10:29:00+00:00,55.37831,11.027545,3322.5919454366935,DUSK,629009770,9.8
2025-11-22 10:29:06+00:00,55.526732,10.86841,20547.10225319053,RESOLUTE BAY,232005179,12.3
2025-11-22 10:29:06+00:00,55.526732,10.86841,20547.10225319053,RESOLUTE BAY,232005179,12.3
2025-11-22 10:29:10+00:00,55.381455,11.037055,3541.0896517009733,FEDERAL SUTTON,538004383,12.0
2025-11-22 10:29:10+00:00,55.381455,11.037055,3541.0896517009733,FEDERAL SUTTON,538004383,12.0
2025-11-22 10:29:10+00:00,55.381455,11.037055,3541.0896517009733,FEDERAL SUTTON,538004383,12.0
2025-11-22 10:29:10+00:00,55.381455,11.037055,3541.0896517009733,FEDERAL SUTTON,538004383,12.0
2025-11-22 10:29:11+00:00,55.378707,11.027005,3372.3274882744786,DUSK,629009770,9.8
2025-11-22 10:29:15+00:00,55.527188,10.867973,20602.077978156525,RESOLUTE BAY,232005179,12.3
2025-11-22 10:29:15+00:00,55.527188,10.867973,20602.077978156525,RESOLUTE BAY,232005179,12.3
2025-11-22 10:29:15+00:00,55.527188,10.867973,20602.077978156525,RESOLUTE BAY,232005179,12.3
2025-11-22 10:29:19+00:00,55.381935,11.03657,3599.864511020121,FEDERAL SUTTON,538004383,12.0
2025-11-22 10:29:19+00:00,55.381935,11.03657,3599.864511020121,FEDERAL SUTTON,538004383,12.0
2025-11-22 10:29:19+00:00,55.381935,11.03657,3599.864511020121,FEDERAL SUTTON,538004383,12.0
2025-11-22 10:29:19+00:00,55.37903,11.026595,3412.5135906222904,DUSK,629009770,9.8
2025-11-22 10:29:26+00:00,55.527743,10.86744,20669.02313363032,RESOLUTE BAY,232005179,12.3
2025-11-22 10:29:26+00:00,55.527743,10.86744,20669.02313363032,RESOLUTE BAY,232005179,12.3
2025-11-22 10:29:26+00:00,55.527743,10.86744,20669.02313363032,RESOLUTE BAY,232005179,12.3
2025-11-22 10:29:30+00:00,55.382418,11.036087,3658.878774345637,FEDERAL SUTTON,538004383,12.0
2025-11-22 10:29:30+00:00,55.382418,11.036087,3658.878774345637,FEDERAL SUTTON,538004383,12.0
2025-11-22 10:29:30+00:00,55.382418,11.036087,3658.878774345637,FEDERAL SUTTON,538004383,12.0
2025-11-22 10:29:30+00:00,55.382418,11.036087,3658.878774345637,FEDERAL SUTTON,538004383,12.0
2025-11-22 10:29:30+00:00,55.382418,11.036087,3658.878774345637,FEDERAL SUTTON,538004383,12.0
2025-11-22 10:29:31+00:00,55.379445,11.02611,3463.72736230752,DUSK,629009770,9.8
2025-11-22 10:29:31+00:00,55.379445,11.02611,3463.72736230752,DUSK,629009770,9.8
2025-11-22 10:29:36+00:00,55.528248,10.866953,20729.980670552457,RESOLUTE BAY,232005179,12.3
2025-11-22 10:29:36+00:00,55.528248,10.866953,20729.980670552457,RESOLUTE BAY,232005179,12.3
2025-11-22 10:29:41+00:00,55.382955,11.035565,3724.39242793344,FEDERAL SUTTON,538004383,12.0
2025-11-22 10:29:41+00:00,55.379817,11.025668,3509.8286115659357,DUSK,629009770,9.8
2025-11-22 10:29:41+00:00,55.382955,11.035565,3724.39242793344,FEDERAL SUTTON,538004383,12.0
2025-11-22 10:29:41+00:00,55.382955,11.035565,3724.39242793344,FEDERAL SUTTON,538004383,12.0
2025-11-22 10:29:41+00:00,55.382955,11.035565,3724.39242793344,FEDERAL SUTTON,538004383,12.0
2025-11-22 10:29:41+00:00,55.382955,11.035565,3724.39242793344,FEDERAL SUTTON,538004383,12.0
2025-11-22 10:29:45+00:00,55.528703,10.86651,20784.96880932859,RESOLUTE BAY,232005179,12.3
2025-11-22 10:29:45+00:00,55.528703,10.86651,20784.96880932859,RESOLUTE BAY,232005179,12.3
2025-11-22 10:29:45+00:00,55.528703,10.86651,20784.96880932859,RESOLUTE BAY,232005179,12.3
2025-11-22 10:29:50+00:00,55.383393,11.035138,3777.919439844808,FEDERAL SUTTON,538004383,12.0
2025-11-22 10:29:50+00:00,55.383393,11.035138,3777.919439844808,FEDERAL SUTTON,538004383,12.0
2025-11-22 10:29:50+00:00,55.383393,11.035138,3777.919439844808,FEDERAL SUTTON,538004383,12.0
2025-11-22 10:29:50+00:00,55.380158,11.025238,3551.9638885139316,DUSK,629009770,9.8
2025-11-22 10:29:50+00:00,55.383393,11.035138,3777.919439844808,FEDERAL SUTTON,538004383,12.0
2025-11-22 10:29:50+00:00,55.383393,11.035138,3777.919439844808,FEDERAL SUTTON,538004383,12.0
2025-11-22 10:29:55+00:00,55.529205,10.86602,20845.669917903768,RESOLUTE BAY,232005179,12.3
2025-11-22 10:29:55+00:00,55.529205,10.86602,20845.669917903768,RESOLUTE BAY,232005179,12.3
2025-11-22 10:29:59+00:00,55.38369,11.034883,3813.7596953347106,FEDERAL SUTTON,538004383,11.9
2025-11-22 10:29:59+00:00,55.38369,11.034883,3813.7596953347106,FEDERAL SUTTON,538004383,11.9
2025-11-22 10:29:59+00:00,55.38369,11.034883,3813.7596953347106,FEDERAL SUTTON,538004383,11.9
2025-11-22 10:29:59+00:00,55.38369,11.034883,3813.7596953347106,FEDERAL SUTTON,538004383,11.9
2025-11-22 10:29:59+00:00,55.38369,11.034883,3813.7596953347106,FEDERAL SUTTON,538004383,11.9
2025-11-22 10:30:00+00:00,55.380538,11.024757,3598.5333743046585,DUSK,629009770,9.9
2025-11-22 10:30:06+00:00,55.52976,10.865475,20912.84086331792,RESOLUTE BAY,232005179,12.3
2025-11-22 10:30:06+00:00,55.52976,10.865475,20912.84086331792,RESOLUTE BAY,232005179,12.3
2025-11-22 10:30:10+00:00,55.384137,11.034385,3869.3427602818497,FEDERAL SUTTON,538004383,11.8
2025-11-22 10:30:10+00:00,55.384137,11.034385,3869.3427602818497,FEDERAL SUTTON,538004383,11.8
2025-11-22 10:30:10+00:00,55.384137,11.034385,3869.3427602818497,FEDERAL SUTTON,538004383,11.8
2025-11-22 10:30:10+00:00,55.384137,11.034385,3869.3427602818497,FEDERAL SUTTON,538004383,11.8
2025-11-22 10:30:10+00:00,55.384137,11.034385,3869.3427602818497,FEDERAL SUTTON,538004383,11.8
2025-11-22 10:30:11+00:00,55.380955,11.024243,3649.563644015204,DUSK,629009770,9.9
2025-11-22 10:30:15+00:00,55.530212,10.865033,20967.540940046627,RESOLUTE BAY,232005179,12.3
2025-11-22 10:30:15+00:00,55.530212,10.865033,20967.540940046627,RESOLUTE BAY,232005179,12.3
2025-11-22 10:30:15+00:00,55.530212,10.865033,20967.540940046627,RESOLUTE BAY,232005179,12.3
2025-11-22 10:30:19+00:00,55.38453,11.033952,3917.9629463205124,FEDERAL SUTTON,538004383,11.9
2025-11-22 10:30:19+00:00,55.38453,11.033952,3917.9629463205124,FEDERAL SUTTON,538004383,11.9
2025-11-22 10:30:19+00:00,55.38453,11.033952,3917.9629463205124,FEDERAL SUTTON,538004383,11.9
2025-11-22 10:30:19+00:00,55.381293,11.023822,3691.082400202632,DUSK,629009770,9.9
2025-11-22 10:30:26+00:00,55.530757,10.864497,21033.55280576554,RESOLUTE BAY,232005179,12.3
2025-11-22 10:30:26+00:00,55.530757,10.864497,21033.55280576554,RESOLUTE BAY,232005179,12.3
2025-11-22 10:30:26+00:00,55.530757,10.864497,21033.55280576554,RESOLUTE BAY,232005179,12.3
2025-11-22 10:30:30+00:00,55.385028,11.0334,3979.1608804150674,FEDERAL SUTTON,538004383,11.9
2025-11-22 10:30:30+00:00,55.385028,11.0334,3979.1608804150674,FEDERAL SUTTON,538004383,11.9
2025-11-22 10:30:30+00:00,55.385028,11.0334,3979.1608804150674,FEDERAL SUTTON,538004383,11.9
2025-11-22 10:30:30+00:00,55.385028,11.0334,3979.1608804150674,FEDERAL SUTTON,538004383,11.9
2025-11-22 10:30:31+00:00,55.381693,11.023313,3740.47569752129,DUSK,629009770,9.9
2025-11-22 10:30:35+00:00,55.531198,10.864058,21087.048246359424,RESOLUTE BAY,232005179,12.4
2025-11-22 10:30:35+00:00,55.531198,10.864058,21087.048246359424,RESOLUTE BAY,232005179,12.4
2025-11-22 10:30:41+00:00,55.385668,11.032645,4057.8345204292586,FEDERAL SUTTON,538004383,11.8
2025-11-22 10:30:41+00:00,55.385668,11.032645,4057.8345204292586,FEDERAL SUTTON,538004383,11.8
2025-11-22 10:30:41+00:00,55.385668,11.032645,4057.8345204292586,FEDERAL SUTTON,538004383,11.8
2025-11-22 10:30:41+00:00,55.385668,11.032645,4057.8345204292586,FEDERAL SUTTON,538004383,11.8
2025-11-22 10:30:41+00:00,55.385668,11.032645,4057.8345204292586,FEDERAL SUTTON,538004383,11.8
2025-11-22 10:30:41+00:00,55.382053,11.022852,3785.0948211357054,DUSK,629009770,9.9
2025-11-22 10:30:45+00:00,55.531703,10.86358,21148.0250271645,RESOLUTE BAY,232005179,12.4
2025-11-22 10:30:45+00:00,55.531703,10.86358,21148.0250271645,RESOLUTE BAY,232005179,12.4
2025-11-22 10:30:50+00:00,55.386192,11.032012,4122.640192112933,FEDERAL SUTTON,538004383,11.8
2025-11-22 10:30:50+00:00,55.386192,11.032012,4122.640192112933,FEDERAL SUTTON,538004383,11.8
2025-11-22 10:30:50+00:00,55.386192,11.032012,4122.640192112933,FEDERAL SUTTON,538004383,11.8
2025-11-22 10:30:50+00:00,55.386192,11.032012,4122.640192112933,FEDERAL SUTTON,538004383,11.8
2025-11-22 10:30:50+00:00,55.382382,11.022445,3825.811547179833,DUSK,629009770,9.9
2025-11-22 10:30:50+00:00,55.386192,11.032012,4122.640192112933,FEDERAL SUTTON,538004383,11.8
2025-11-22 10:30:55+00:00,55.53221,10.863112,21209.11481306507,RESOLUTE BAY,232005179,12.4
2025-11-22 10:30:55+00:00,55.53221,10.863112,21209.11481306507,RESOLUTE BAY,232005179,12.4
2025-11-22 10:30:55+00:00,55.53221,10.863112,21209.11481306507,RESOLUTE BAY,232005179,12.4
2025-11-22 10:31:00+00:00,55.386628,11.031507,4176.4419600519805,FEDERAL SUTTON,538004383,11.9
2025-11-22 10:31:00+00:00,55.386628,11.031507,4176.4419600519805,FEDERAL SUTTON,538004383,11.9
2025-11-22 10:31:00+00:00,55.386628,11.031507,4176.4419600519805,FEDERAL SUTTON,538004383,11.9
2025-11-22 10:31:00+00:00,55.382767,11.021997,3873.232819761115,DUSK,629009770,9.9
2025-11-22 10:31:06+00:00,55.53277,10.862615,21276.364095073783,RESOLUTE BAY,232005179,12.4
2025-11-22 10:31:06+00:00,55.53277,10.862615,21276.364095073783,RESOLUTE BAY,232005179,12.4
2025-11-22 10:31:06+00:00,55.53277,10.862615,21276.364095073783,RESOLUTE BAY,232005179,12.4
2025-11-22 10:31:10+00:00,55.387098,11.03098,4234.315586261963,FEDERAL SUTTON,538004383,11.9
2025-11-22 10:31:10+00:00,55.387098,11.03098,4234.315586261963,FEDERAL SUTTON,538004383,11.9
2025-11-22 10:31:10+00:00,55.387098,11.03098,4234.315586261963,FEDERAL SUTTON,538004383,11.9
2025-11-22 10:31:10+00:00,55.387098,11.03098,4234.315586261963,FEDERAL SUTTON,538004383,11.9
2025-11-22 10:31:10+00:00,55.387098,11.03098,4234.315586261963,FEDERAL SUTTON,538004383,11.9
2025-11-22 10:31:10+00:00,55.383143,11.021542,3919.858497349302,DUSK,629009770,9.9
2025-11-22 10:31:15+00:00,55.533233,10.86222,21331.781253785157,RESOLUTE BAY,232005179,12.4
2025-11-22 10:31:15+00:00,55.533233,10.86222,21331.781253785157,RESOLUTE BAY,232005179,12.4
2025-11-22 10:31:15+00:00,55.533233,10.86222,21331.781253785157,RESOLUTE BAY,232005179,12.4
2025-11-22 10:31:19+00:00,55.387515,11.030505,4285.798632368233,FEDERAL SUTTON,538004383,11.9
2025-11-22 10:31:19+00:00,55.387515,11.030505,4285.798632368233,FEDERAL SUTTON,538004383,11.9
2025-11-22 10:31:19+00:00,55.387515,11.030505,4285.798632368233,FEDERAL SUTTON,538004383,11.9
2025-11-22 10:31:19+00:00,55.383525,11.021088,3967.2199289750524,DUSK,629009770,9.9
2025-11-22 10:31:26+00:00,55.533803,10.861747,21399.85451133054,RESOLUTE BAY,232005179,12.4
2025-11-22 10:31:26+00:00,55.533803,10.861747,21399.85451133054,RESOLUTE BAY,232005179,12.4
2025-11-22 10:31:26+00:00,55.533803,10.861747,21399.85451133054,RESOLUTE BAY,232005179,12.4
2025-11-22 10:31:30+00:00,55.387972,11.030048,4341.499868545404,FEDERAL SUTTON,538004383,11.9
2025-11-22 10:31:30+00:00,55.383902,11.020637,4014.095032575758,DUSK,629009770,10.0
2025-11-22 10:31:30+00:00,55.387972,11.030048,4341.499868545404,FEDERAL SUTTON,538004383,11.9
2025-11-22 10:31:30+00:00,55.387972,11.030048,4341.499868545404,FEDERAL SUTTON,538004383,11.9
2025-11-22 10:31:30+00:00,55.387972,11.030048,4341.499868545404,FEDERAL SUTTON,538004383,11.9
2025-11-22 10:31:30+00:00,55.387972,11.030048,4341.499868545404,FEDERAL SUTTON,538004383,11.9
2025-11-22 10:31:35+00:00,55.534273,10.861367,21455.87085535727,RESOLUTE BAY,232005179,12.4
2025-11-22 10:31:35+00:00,55.534273,10.861367,21455.87085535727,RESOLUTE BAY,232005179,12.4
2025-11-22 10:31:40+00:00,55.384303,11.020212,4063.333676363756,DUSK,629009770,10.0
2025-11-22 10:31:41+00:00,55.38855,11.029387,4413.156419312948,FEDERAL SUTTON,538004383,11.9
2025-11-22 10:31:41+00:00,55.38855,11.029387,4413.156419312948,FEDERAL SUTTON,538004383,11.9
2025-11-22 10:31:41+00:00,55.38855,11.029387,4413.156419312948,FEDERAL SUTTON,538004383,11.9
2025-11-22 10:31:41+00:00,55.38855,11.029387,4413.156419312948,FEDERAL SUTTON,538004383,11.9
2025-11-22 10:31:41+00:00,55.38855,11.029387,4413.156419312948,FEDERAL SUTTON,538004383,11.9
2025-11-22 10:31:45+00:00,55.534798,10.86095,21518.359049390932,RESOLUTE BAY,232005179,12.4
2025-11-22 10:31:45+00:00,55.534798,10.86095,21518.359049390932,RESOLUTE BAY,232005179,12.4
2025-11-22 10:31:45+00:00,55.534798,10.86095,21518.359049390932,RESOLUTE BAY,232005179,12.4
2025-11-22 10:31:50+00:00,55.388995,11.02887,4468.5469614757585,FEDERAL SUTTON,538004383,11.9
2025-11-22 10:31:50+00:00,55.384695,11.019777,4111.799442587092,DUSK,629009770,10.0
2025-11-22 10:31:50+00:00,55.388995,11.02887,4468.5469614757585,FEDERAL SUTTON,538004383,11.9
2025-11-22 10:31:50+00:00,55.388995,11.02887,4468.5469614757585,FEDERAL SUTTON,538004383,11.9
2025-11-22 10:31:50+00:00,55.388995,11.02887,4468.5469614757585,FEDERAL SUTTON,538004383,11.9
2025-11-22 10:31:55+00:00,55.535378,10.8605,21587.27122447422,RESOLUTE BAY,232005179,12.4
2025-11-22 10:31:55+00:00,55.535378,10.8605,21587.27122447422,RESOLUTE BAY,232005179,12.4
2025-11-22 10:32:00+00:00,55.389513,11.028298,4532.73476112343,FEDERAL SUTTON,538004383,11.9
2025-11-22 10:32:00+00:00,55.389513,11.028298,4532.73476112343,FEDERAL SUTTON,538004383,11.9
2025-11-22 10:32:00+00:00,55.389513,11.028298,4532.73476112343,FEDERAL SUTTON,538004383,11.9
2025-11-22 10:32:00+00:00,55.385068,11.019325,4158.509888412699,DUSK,629009770,10.0
2025-11-22 10:32:06+00:00,55.535908,10.860095,21650.174168214042,RESOLUTE BAY,232005179,12.4
2025-11-22 10:32:06+00:00,55.535908,10.860095,21650.174168214042,RESOLUTE BAY,232005179,12.4
2025-11-22 10:32:06+00:00,55.535908,10.860095,21650.174168214042,RESOLUTE BAY,232005179,12.4
2025-11-22 10:32:07+00:00,55.535908,10.860095,21650.174168214042,RESOLUTE BAY,232005179,12.4
2025-11-22 10:32:07+00:00,55.535908,10.860095,21650.174168214042,RESOLUTE BAY,232005179,12.4
2025-11-22 10:32:10+00:00,55.390012,11.027687,4595.532852824846,FEDERAL SUTTON,538004383,12.0
2025-11-22 10:32:10+00:00,55.390012,11.027687,4595.532852824846,FEDERAL SUTTON,538004383,12.0
2025-11-22 10:32:10+00:00,55.390012,11.027687,4595.532852824846,FEDERAL SUTTON,538004383,12.0
2025-11-22 10:32:10+00:00,55.390012,11.027687,4595.532852824846,FEDERAL SUTTON,538004383,12.0
2025-11-22 10:32:10+00:00,55.390012,11.027687,4595.532852824846,FEDERAL SUTTON,538004383,12.0
2025-11-22 10:32:10+00:00,55.385453,11.018867,4206.693792072144,DUSK,629009770,10.0
2025-11-22 10:32:15+00:00,55.536388,10.859733,21707.089796569202,RESOLUTE BAY,232005179,12.4
2025-11-22 10:32:15+00:00,55.536388,10.859733,21707.089796569202,RESOLUTE BAY,232005179,12.4
2025-11-22 10:32:15+00:00,55.536388,10.859733,21707.089796569202,RESOLUTE BAY,232005179,12.4
2025-11-22 10:32:19+00:00,55.390383,11.027245,4642.133362043809,FEDERAL SUTTON,538004383,12.0
2025-11-22 10:32:19+00:00,55.390383,11.027245,4642.133362043809,FEDERAL SUTTON,538004383,12.0
2025-11-22 10:32:26+00:00,55.536973,10.859288,21776.512397743983,RESOLUTE BAY,232005179,12.4
2025-11-22 10:32:26+00:00,55.536973,10.859288,21776.512397743983,RESOLUTE BAY,232005179,12.4
2025-11-22 10:32:26+00:00,55.536973,10.859288,21776.512397743983,RESOLUTE BAY,232005179,12.4
2025-11-22 10:32:30+00:00,55.390818,11.026743,4695.746468546594,FEDERAL SUTTON,538004383,12.0
2025-11-22 10:32:30+00:00,55.390818,11.026743,4695.746468546594,FEDERAL SUTTON,538004383,12.0
2025-11-22 10:32:30+00:00,55.386217,11.01794,4302.821773756331,DUSK,629009770,10.0
2025-11-22 10:32:30+00:00,55.390818,11.026743,4695.746468546594,FEDERAL SUTTON,538004383,12.0
2025-11-22 10:32:30+00:00,55.390818,11.026743,4695.746468546594,FEDERAL SUTTON,538004383,12.0
2025-11-22 10:32:30+00:00,55.390818,11.026743,4695.746468546594,FEDERAL SUTTON,538004383,12.0
2025-11-22 10:32:35+00:00,55.537455,10.858927,21833.647786669266,RESOLUTE BAY,232005179,12.5
2025-11-22 10:32:35+00:00,55.537455,10.858927,21833.647786669266,RESOLUTE BAY,232005179,12.5
2025-11-22 10:32:40+00:00,55.38658,11.017472,4349.021028122874,DUSK,629009770,10.0
2025-11-22 10:32:41+00:00,55.391313,11.026175,4756.635014387802,FEDERAL SUTTON,538004383,12.0
2025-11-22 10:32:41+00:00,55.391313,11.026175,4756.635014387802,FEDERAL SUTTON,538004383,12.0
2025-11-22 10:32:41+00:00,55.391313,11.026175,4756.635014387802,FEDERAL SUTTON,538004383,12.0
2025-11-22 10:32:41+00:00,55.391313,11.026175,4756.635014387802,FEDERAL SUTTON,538004383,12.0
2025-11-22 10:32:41+00:00,55.391313,11.026175,4756.635014387802,FEDERAL SUTTON,538004383,12.0
2025-11-22 10:32:45+00:00,55.537985,10.858527,21896.518765431803,RESOLUTE BAY,232005179,12.5
2025-11-22 10:32:45+00:00,55.537985,10.858527,21896.518765431803,RESOLUTE BAY,232005179,12.5
2025-11-22 10:32:45+00:00,55.537985,10.858527,21896.518765431803,RESOLUTE BAY,232005179,12.5
2025-11-22 10:32:50+00:00,55.386955,11.017013,4396.223579160734,DUSK,629009770,10.0
2025-11-22 10:32:50+00:00,55.391765,11.025647,4812.437429485633,FEDERAL SUTTON,538004383,12.0
2025-11-22 10:32:50+00:00,55.391765,11.025647,4812.437429485633,FEDERAL SUTTON,538004383,12.0
2025-11-22 10:32:50+00:00,55.391765,11.025647,4812.437429485633,FEDERAL SUTTON,538004383,12.0
2025-11-22 10:32:50+00:00,55.391765,11.025647,4812.437429485633,FEDERAL SUTTON,538004383,12.0
2025-11-22 10:32:50+00:00,55.391765,11.025647,4812.437429485633,FEDERAL SUTTON,538004383,12.0
2025-11-22 10:32:55+00:00,55.538568,10.858085,21965.711050534628,RESOLUTE BAY,232005179,12.5
2025-11-22 10:32:55+00:00,55.538568,10.858085,21965.711050534628,RESOLUTE BAY,232005179,12.5
2025-11-22 10:32:55+00:00,55.538568,10.858085,21965.711050534628,RESOLUTE BAY,232005179,12.5
2025-11-22 10:33:00+00:00,55.391997,11.025293,4842.1462026301715,FEDERAL SUTTON,538004383,11.9
2025-11-22 10:33:00+00:00,55.391997,11.025293,4842.1462026301715,FEDERAL SUTTON,538004383,11.9
2025-11-22 10:33:00+00:00,55.391997,11.025293,4842.1462026301715,FEDERAL SUTTON,538004383,11.9
2025-11-22 10:33:00+00:00,55.387343,11.01656,4444.450906064843,DUSK,629009770,10.0
2025-11-22 10:33:06+00:00,55.539098,10.85768,22028.66174696383,RESOLUTE BAY,232005179,12.5
2025-11-22 10:33:06+00:00,55.539098,10.85768,22028.66174696383,RESOLUTE BAY,232005179,12.5
2025-11-22 10:33:10+00:00,55.392353,11.024855,4886.451256786937,FEDERAL SUTTON,538004383,12.0
2025-11-22 10:33:10+00:00,55.392353,11.024855,4886.451256786937,FEDERAL SUTTON,538004383,12.0
2025-11-22 10:33:10+00:00,55.387725,11.01611,4492.014917572684,DUSK,629009770,10.0
2025-11-22 10:33:10+00:00,55.392353,11.024855,4886.451256786937,FEDERAL SUTTON,538004383,12.0
2025-11-22 10:33:10+00:00,55.392353,11.024855,4886.451256786937,FEDERAL SUTTON,538004383,12.0
2025-11-22 10:33:15+00:00,55.53958,10.857313,22085.90116713294,RESOLUTE BAY,232005179,12.5
2025-11-22 10:33:15+00:00,55.53958,10.857313,22085.90116713294,RESOLUTE BAY,232005179,12.5
2025-11-22 10:33:19+00:00,55.392733,11.024413,4933.490178583334,FEDERAL SUTTON,538004383,12.0
2025-11-22 10:33:19+00:00,55.392733,11.024413,4933.490178583334,FEDERAL SUTTON,538004383,12.0
2025-11-22 10:33:19+00:00,55.392733,11.024413,4933.490178583334,FEDERAL SUTTON,538004383,12.0
2025-11-22 10:33:21+00:00,55.388143,11.015607,4544.296252667701,DUSK,629009770,10.1
2025-11-22 10:33:26+00:00,55.540165,10.856862,22155.45224879153,RESOLUTE BAY,232005179,12.5
2025-11-22 10:33:26+00:00,55.540165,10.856862,22155.45224879153,RESOLUTE BAY,232005179,12.5
2025-11-22 10:33:26+00:00,55.540165,10.856862,22155.45224879153,RESOLUTE BAY,232005179,12.5
2025-11-22 10:33:30+00:00,55.39318,11.023895,4988.89050582072,FEDERAL SUTTON,538004383,12.0
2025-11-22 10:33:30+00:00,55.39318,11.023895,4988.89050582072,FEDERAL SUTTON,538004383,12.0
2025-11-22 10:33:30+00:00,55.39318,11.023895,4988.89050582072,FEDERAL SUTTON,538004383,12.0
2025-11-22 10:33:30+00:00,55.39318,11.023895,4988.89050582072,FEDERAL SUTTON,538004383,12.0
2025-11-22 10:33:30+00:00,55.39318,11.023895,4988.89050582072,FEDERAL SUTTON,538004383,12.0
2025-11-22 10:33:30+00:00,55.388488,11.015193,4587.504703170172,DUSK,629009770,10.1
2025-11-22 10:33:35+00:00,55.54064,10.856483,22212.097127036428,RESOLUTE BAY,232005179,12.5
2025-11-22 10:33:35+00:00,55.54064,10.856483,22212.097127036428,RESOLUTE BAY,232005179,12.5
2025-11-22 10:33:40+00:00,55.388867,11.014738,4635.048056241718,DUSK,629009770,10.1
2025-11-22 10:33:41+00:00,55.39372,11.023257,5056.108363306423,FEDERAL SUTTON,538004383,12.0
2025-11-22 10:33:41+00:00,55.39372,11.023257,5056.108363306423,FEDERAL SUTTON,538004383,12.0
2025-11-22 10:33:41+00:00,55.39372,11.023257,5056.108363306423,FEDERAL SUTTON,538004383,12.0
2025-11-22 10:33:44+00:00,55.388867,11.014738,4635.048056241718,DUSK,629009770,10.1
2025-11-22 10:33:46+00:00,55.541223,10.856013,22281.69341771615,RESOLUTE BAY,232005179,12.5
2025-11-22 10:33:46+00:00,55.541223,10.856013,22281.69341771615,RESOLUTE BAY,232005179,12.5
2025-11-22 10:33:46+00:00,55.541223,10.856013,22281.69341771615,RESOLUTE BAY,232005179,12.5
2025-11-22 10:33:50+00:00,55.394177,11.022728,5112.93977258198,FEDERAL SUTTON,538004383,12.0
2025-11-22 10:33:50+00:00,55.394177,11.022728,5112.93977258198,FEDERAL SUTTON,538004383,12.0
2025-11-22 10:33:50+00:00,55.394177,11.022728,5112.93977258198,FEDERAL SUTTON,538004383,12.0
2025-11-22 10:33:50+00:00,55.389237,11.014282,4681.705366212847,DUSK,629009770,10.1
2025-11-22 10:33:50+00:00,55.394177,11.022728,5112.93977258198,FEDERAL SUTTON,538004383,12.0
2025-11-22 10:33:50+00:00,55.389237,11.014282,4681.705366212847,DUSK,629009770,10.1
2025-11-22 10:33:50+00:00,55.394177,11.022728,5112.93977258198,FEDERAL SUTTON,538004383,12.0
2025-11-22 10:33:55+00:00,55.54176,10.855597,22345.589368428824,RESOLUTE BAY,232005179,12.5
2025-11-22 10:33:55+00:00,55.54176,10.855597,22345.589368428824,RESOLUTE BAY,232005179,12.5
2025-11-22 10:34:00+00:00,55.389617,11.013825,4729.535493859593,DUSK,629009770,10.1
2025-11-22 10:34:00+00:00,55.394642,11.022208,5170.554358163319,FEDERAL SUTTON,538004383,12.0
2025-11-22 10:34:00+00:00,55.394642,11.022208,5170.554358163319,FEDERAL SUTTON,538004383,12.0
2025-11-22 10:34:00+00:00,55.394642,11.022208,5170.554358163319,FEDERAL SUTTON,538004383,12.0
2025-11-22 10:34:06+00:00,55.542297,10.855185,22409.441510076587,RESOLUTE BAY,232005179,12.5
2025-11-22 10:34:06+00:00,55.542297,10.855185,22409.441510076587,RESOLUTE BAY,232005179,12.5
2025-11-22 10:34:10+00:00,55.39515,11.021715,5232.542646709574,FEDERAL SUTTON,538004383,12.0
2025-11-22 10:34:10+00:00,55.39515,11.021715,5232.542646709574,FEDERAL SUTTON,538004383,12.0
2025-11-22 10:34:10+00:00,55.39515,11.021715,5232.542646709574,FEDERAL SUTTON,538004383,12.0
2025-11-22 10:34:10+00:00,55.39515,11.021715,5232.542646709574,FEDERAL SUTTON,538004383,12.0
2025-11-22 10:34:10+00:00,55.390002,11.01337,4774.1239626005545,DUSK,629009770,10.1
2025-11-22 10:34:10+00:00,55.39515,11.021715,5232.542646709574,FEDERAL SUTTON,538004383,12.0
2025-11-22 10:34:15+00:00,55.542783,10.854827,22467.042680737883,RESOLUTE BAY,232005179,12.5
2025-11-22 10:34:15+00:00,55.542783,10.854827,22467.042680737883,RESOLUTE BAY,232005179,12.5
2025-11-22 10:34:21+00:00,55.395675,11.021245,5296.112608334572,FEDERAL SUTTON,538004383,12.0
2025-11-22 10:34:21+00:00,55.395675,11.021245,5296.112608334572,FEDERAL SUTTON,538004383,12.0
2025-11-22 10:34:21+00:00,55.395675,11.021245,5296.112608334572,FEDERAL SUTTON,538004383,12.0
2025-11-22 10:34:21+00:00,55.395675,11.021245,5296.112608334572,FEDERAL SUTTON,538004383,12.0
2025-11-22 10:34:21+00:00,55.395675,11.021245,5296.112608334572,FEDERAL SUTTON,538004383,12.0
2025-11-22 10:34:21+00:00,55.39044,11.012872,4820.213224980528,DUSK,629009770,10.1
2025-11-22 10:34:26+00:00,55.54338,10.85439,22537.77092194706,RESOLUTE BAY,232005179,12.6
2025-11-22 10:34:26+00:00,55.54338,10.85439,22537.77092194706,RESOLUTE BAY,232005179,12.6
2025-11-22 10:34:30+00:00,55.396137,11.020822,5351.870428148842,FEDERAL SUTTON,538004383,12.0
2025-11-22 10:34:30+00:00,55.396137,11.020822,5351.870428148842,FEDERAL SUTTON,538004383,12.0
2025-11-22 10:34:30+00:00,55.396137,11.020822,5351.870428148842,FEDERAL SUTTON,538004383,12.0
2025-11-22 10:34:30+00:00,55.396137,11.020822,5351.870428148842,FEDERAL SUTTON,538004383,12.0
2025-11-22 10:34:30+00:00,55.396137,11.020822,5351.870428148842,FEDERAL SUTTON,538004383,12.0
2025-11-22 10:34:30+00:00,55.390787,11.012465,4856.810220360684,DUSK,629009770,10.1
2025-11-22 10:34:35+00:00,55.543872,10.854043,22595.89358536774,RESOLUTE BAY,232005179,12.6
2025-11-22 10:34:35+00:00,55.543872,10.854043,22595.89358536774,RESOLUTE BAY,232005179,12.6
2025-11-22 10:34:40+00:00,55.391182,11.012017,4898.657054018812,DUSK,629009770,10.1
2025-11-22 10:34:41+00:00,55.396815,11.020042,5435.117170923162,FEDERAL SUTTON,538004383,11.9
2025-11-22 10:34:41+00:00,55.396815,11.020042,5435.117170923162,FEDERAL SUTTON,538004383,11.9
2025-11-22 10:34:41+00:00,55.396815,11.020042,5435.117170923162,FEDERAL SUTTON,538004383,11.9
2025-11-22 10:34:41+00:00,55.396815,11.020042,5435.117170923162,FEDERAL SUTTON,538004383,11.9
2025-11-22 10:34:46+00:00,55.544473,10.853618,22666.913851855046,RESOLUTE BAY,232005179,12.6
2025-11-22 10:34:46+00:00,55.544473,10.853618,22666.913851855046,RESOLUTE BAY,232005179,12.6
2025-11-22 10:34:50+00:00,55.397155,11.019598,5476.9845717557755,FEDERAL SUTTON,538004383,11.9
2025-11-22 10:34:50+00:00,55.397155,11.019598,5476.9845717557755,FEDERAL SUTTON,538004383,11.9
2025-11-22 10:34:50+00:00,55.397155,11.019598,5476.9845717557755,FEDERAL SUTTON,538004383,11.9
2025-11-22 10:34:50+00:00,55.397155,11.019598,5476.9845717557755,FEDERAL SUTTON,538004383,11.9
2025-11-22 10:34:50+00:00,55.391577,11.011562,4940.646389946834,DUSK,629009770,10.1
2025-11-22 10:34:50+00:00,55.391577,11.011562,4940.646389946834,DUSK,629009770,10.1
2025-11-22 10:34:50+00:00,55.397155,11.019598,5476.9845717557755,FEDERAL SUTTON,538004383,11.9
2025-11-22 10:34:54+00:00,55.397155,11.019598,5476.9845717557755,FEDERAL SUTTON,538004383,11.9
2025-11-22 10:34:54+00:00,55.397155,11.019598,5476.9845717557755,FEDERAL SUTTON,538004383,11.9
2025-11-22 10:34:54+00:00,55.397155,11.019598,5476.9845717557755,FEDERAL SUTTON,538004383,11.9
2025-11-22 10:34:55+00:00,55.545018,10.853243,22731.185793925368,RESOLUTE BAY,232005179,12.6
2025-11-22 10:34:55+00:00,55.545018,10.853243,22731.185793925368,RESOLUTE BAY,232005179,12.6
2025-11-22 10:34:59+00:00,55.397482,11.019187,5517.163023030767,FEDERAL SUTTON,538004383,11.9
2025-11-22 10:34:59+00:00,55.397482,11.019187,5517.163023030767,FEDERAL SUTTON,538004383,11.9
2025-11-22 10:34:59+00:00,55.397482,11.019187,5517.163023030767,FEDERAL SUTTON,538004383,11.9
2025-11-22 10:34:59+00:00,55.397482,11.019187,5517.163023030767,FEDERAL SUTTON,538004383,11.9
2025-11-22 10:34:59+00:00,55.397482,11.019187,5517.163023030767,FEDERAL SUTTON,538004383,11.9
2025-11-22 10:35:00+00:00,55.39197,11.011087,4982.28704070683,DUSK,629009770,10.1
2025-11-22 10:35:07+00:00,55.54562,10.852837,22802.077180352455,RESOLUTE BAY,232005179,12.6
2025-11-22 10:35:07+00:00,55.54562,10.852837,22802.077180352455,RESOLUTE BAY,232005179,12.6
2025-11-22 10:35:07+00:00,55.54562,10.852837,22802.077180352455,RESOLUTE BAY,232005179,12.6
2025-11-22 10:35:10+00:00,55.397953,11.018632,5574.758304816322,FEDERAL SUTTON,538004383,11.9
2025-11-22 10:35:10+00:00,55.397953,11.018632,5574.758304816322,FEDERAL SUTTON,538004383,11.9
2025-11-22 10:35:10+00:00,55.397953,11.018632,5574.758304816322,FEDERAL SUTTON,538004383,11.9
2025-11-22 10:35:10+00:00,55.392365,11.010617,5024.193658908013,DUSK,629009770,10.1
2025-11-22 10:35:10+00:00,55.397953,11.018632,5574.758304816322,FEDERAL SUTTON,538004383,11.9
2025-11-22 10:35:15+00:00,55.546063,10.852543,22854.185328022304,RESOLUTE BAY,232005179,12.6
2025-11-22 10:35:21+00:00,55.3984,11.018102,5629.565076391844,FEDERAL SUTTON,538004383,11.9
2025-11-22 10:35:21+00:00,55.3984,11.018102,5629.565076391844,FEDERAL SUTTON,538004383,11.9
2025-11-22 10:35:21+00:00,55.3984,11.018102,5629.565076391844,FEDERAL SUTTON,538004383,11.9
2025-11-22 10:35:21+00:00,55.3984,11.018102,5629.565076391844,FEDERAL SUTTON,538004383,11.9
2025-11-22 10:35:21+00:00,55.392788,11.010095,5068.914733684136,DUSK,629009770,10.1
2025-11-22 10:35:26+00:00,55.546662,10.852135,22924.785714184305,RESOLUTE BAY,232005179,12.6
2025-11-22 10:35:26+00:00,55.546662,10.852135,22924.785714184305,RESOLUTE BAY,232005179,12.6
2025-11-22 10:35:30+00:00,55.398848,11.017558,5684.745693110171,FEDERAL SUTTON,538004383,11.9
2025-11-22 10:35:30+00:00,55.398848,11.017558,5684.745693110171,FEDERAL SUTTON,538004383,11.9
2025-11-22 10:35:30+00:00,55.39313,11.009663,5104.9072448621555,DUSK,629009770,10.1
2025-11-22 10:35:35+00:00,55.547153,10.851792,22982.774301916164,RESOLUTE BAY,232005179,12.6
2025-11-22 10:35:35+00:00,55.547153,10.851792,22982.774301916164,RESOLUTE BAY,232005179,12.6
2025-11-22 10:35:40+00:00,55.393518,11.009193,5145.930835018149,DUSK,629009770,10.1
2025-11-22 10:35:41+00:00,55.399343,11.01695,5745.923739272621,FEDERAL SUTTON,538004383,11.9
2025-11-22 10:35:41+00:00,55.399343,11.01695,5745.923739272621,FEDERAL SUTTON,538004383,11.9
2025-11-22 10:35:41+00:00,55.399343,11.01695,5745.923739272621,FEDERAL SUTTON,538004383,11.9
2025-11-22 10:35:41+00:00,55.399343,11.01695,5745.923739272621,FEDERAL SUTTON,538004383,11.9
2025-11-22 10:35:46+00:00,55.547757,10.851378,23054.00874329826,RESOLUTE BAY,232005179,12.6
2025-11-22 10:35:50+00:00,55.39979,11.016388,5801.439062864311,FEDERAL SUTTON,538004383,11.9
2025-11-22 10:35:50+00:00,55.39979,11.016388,5801.439062864311,FEDERAL SUTTON,538004383,11.9
2025-11-22 10:35:50+00:00,55.393905,11.008738,5187.03348863214,DUSK,629009770,10.1
2025-11-22 10:35:50+00:00,55.39979,11.016388,5801.439062864311,FEDERAL SUTTON,538004383,11.9
2025-11-22 10:35:50+00:00,55.39979,11.016388,5801.439062864311,FEDERAL SUTTON,538004383,11.9
2025-11-22 10:35:55+00:00,55.54831,10.850998,23119.24602616006,RESOLUTE BAY,232005179,12.6
2025-11-22 10:35:55+00:00,55.54831,10.850998,23119.24602616006,RESOLUTE BAY,232005179,12.6
2025-11-22 10:35:59+00:00,55.400147,11.015937,5845.88442419264,FEDERAL SUTTON,538004383,11.9
2025-11-22 10:35:59+00:00,55.400147,11.015937,5845.88442419264,FEDERAL SUTTON,538004383,11.9
2025-11-22 10:35:59+00:00,55.400147,11.015937,5845.88442419264,FEDERAL SUTTON,538004383,11.9
2025-11-22 10:35:59+00:00,55.400147,11.015937,5845.88442419264,FEDERAL SUTTON,538004383,11.9
2025-11-22 10:36:00+00:00,55.394283,11.008277,5227.247410059508,DUSK,629009770,10.1
2025-11-22 10:36:07+00:00,55.548917,10.850577,23190.91103819515,RESOLUTE BAY,232005179,12.6
2025-11-22 10:36:07+00:00,55.548917,10.850577,23190.91103819515,RESOLUTE BAY,232005179,12.6
2025-11-22 10:36:10+00:00,55.394657,11.007805,5267.098930614224,DUSK,629009770,10.1
2025-11-22 10:36:10+00:00,55.400683,11.01526,5912.744003244133,FEDERAL SUTTON,538004383,11.9
2025-11-22 10:36:10+00:00,55.400683,11.01526,5912.744003244133,FEDERAL SUTTON,538004383,11.9
2025-11-22 10:36:10+00:00,55.400683,11.01526,5912.744003244133,FEDERAL SUTTON,538004383,11.9
2025-11-22 10:36:10+00:00,55.400683,11.01526,5912.744003244133,FEDERAL SUTTON,538004383,11.9
2025-11-22 10:36:15+00:00,55.549357,10.850277,23242.793908469215,RESOLUTE BAY,232005179,12.6
2025-11-22 10:36:15+00:00,55.549357,10.850277,23242.793908469215,RESOLUTE BAY,232005179,12.6
2025-11-22 10:36:21+00:00,55.39508,11.007298,5312.347022428717,DUSK,629009770,10.1
2025-11-22 10:36:21+00:00,55.40113,11.014697,5968.594766635949,FEDERAL SUTTON,538004383,11.9
2025-11-22 10:36:21+00:00,55.40113,11.014697,5968.594766635949,FEDERAL SUTTON,538004383,11.9
2025-11-22 10:36:21+00:00,55.40113,11.014697,5968.594766635949,FEDERAL SUTTON,538004383,11.9
2025-11-22 10:36:21+00:00,55.40113,11.014697,5968.594766635949,FEDERAL SUTTON,538004383,11.9
2025-11-22 10:36:26+00:00,55.549958,10.849858,23313.78930649042,RESOLUTE BAY,232005179,12.6
2025-11-22 10:36:26+00:00,55.549958,10.849858,23313.78930649042,RESOLUTE BAY,232005179,12.6
2025-11-22 10:36:30+00:00,55.395427,11.006878,5349.525109755571,DUSK,629009770,10.1
2025-11-22 10:36:30+00:00,55.401532,11.01419,6018.921159917255,FEDERAL SUTTON,538004383,11.9
2025-11-22 10:36:30+00:00,55.401532,11.01419,6018.921159917255,FEDERAL SUTTON,538004383,11.9
2025-11-22 10:36:40+00:00,55.39581,11.006405,5390.606176647492,DUSK,629009770,10.1
2025-11-22 10:36:41+00:00,55.40203,11.013588,6081.036136794928,FEDERAL SUTTON,538004383,11.9
2025-11-22 10:36:41+00:00,55.40203,11.013588,6081.036136794928,FEDERAL SUTTON,538004383,11.9
2025-11-22 10:36:41+00:00,55.40203,11.013588,6081.036136794928,FEDERAL SUTTON,538004383,11.9
2025-11-22 10:36:41+00:00,55.40203,11.013588,6081.036136794928,FEDERAL SUTTON,538004383,11.9
2025-11-22 10:36:50+00:00,55.402437,11.01309,6131.962551558714,FEDERAL SUTTON,538004383,11.9
2025-11-22 10:36:50+00:00,55.39619,11.005938,5431.4178173629125,DUSK,629009770,10.1
2025-11-22 10:36:50+00:00,55.402437,11.01309,6131.962551558714,FEDERAL SUTTON,538004383,11.9
2025-11-22 10:36:50+00:00,55.402437,11.01309,6131.962551558714,FEDERAL SUTTON,538004383,11.9
2025-11-22 10:36:50+00:00,55.402437,11.01309,6131.962551558714,FEDERAL SUTTON,538004383,11.9
2025-11-22 10:36:59+00:00,55.402837,11.01258,6182.36511942931,FEDERAL SUTTON,538004383,11.9
2025-11-22 10:36:59+00:00,55.402837,11.01258,6182.36511942931,FEDERAL SUTTON,538004383,11.9
2025-11-22 10:36:59+00:00,55.402837,11.01258,6182.36511942931,FEDERAL SUTTON,538004383,11.9
2025-11-22 10:36:59+00:00,55.402837,11.01258,6182.36511942931,FEDERAL SUTTON,538004383,11.9
2025-11-22 10:37:00+00:00,55.39658,11.005485,5473.381762283912,DUSK,629009770,10.1
2025-11-22 10:37:10+00:00,55.396958,11.005023,5514.039286803377,DUSK,629009770,10.1
2025-11-22 10:37:10+00:00,55.403325,11.011953,6244.028635341809,FEDERAL SUTTON,538004383,11.9
2025-11-22 10:37:10+00:00,55.403325,11.011953,6244.028635341809,FEDERAL SUTTON,538004383,11.9
2025-11-22 10:37:10+00:00,55.403325,11.011953,6244.028635341809,FEDERAL SUTTON,538004383,11.9
2025-11-22 10:37:10+00:00,55.403325,11.011953,6244.028635341809,FEDERAL SUTTON,538004383,11.9
2025-11-22 10:37:10+00:00,55.403325,11.011953,6244.028635341809,FEDERAL SUTTON,538004383,11.9
2025-11-22 10:37:20+00:00,55.397332,11.004548,5554.266312521243,DUSK,629009770,10.1
2025-11-22 10:37:21+00:00,55.403812,11.011323,6298.636930886104,FEDERAL SUTTON,538004383,11.9
2025-11-22 10:37:21+00:00,55.403812,11.011323,6298.636930886104,FEDERAL SUTTON,538004383,11.9
2025-11-22 10:37:21+00:00,55.403812,11.011323,6298.636930886104,FEDERAL SUTTON,538004383,11.9
2025-11-22 10:37:21+00:00,55.403812,11.011323,6298.636930886104,FEDERAL SUTTON,538004383,11.9
2025-11-22 10:37:21+00:00,55.403812,11.011323,6298.636930886104,FEDERAL SUTTON,538004383,11.9
2025-11-22 10:37:30+00:00,55.39771,11.004065,5594.724267878881,DUSK,629009770,10.1
2025-11-22 10:37:30+00:00,55.40421,11.01081,6340.51555976827,FEDERAL SUTTON,538004383,11.9
2025-11-22 10:37:30+00:00,55.40421,11.01081,6340.51555976827,FEDERAL SUTTON,538004383,11.9
2025-11-22 10:37:40+00:00,55.398097,11.003613,5636.260337749595,DUSK,629009770,10.1
2025-11-22 10:37:40+00:00,55.404662,11.010282,6388.433511247645,FEDERAL SUTTON,538004383,11.9
2025-11-22 10:37:40+00:00,55.404662,11.010282,6388.433511247645,FEDERAL SUTTON,538004383,11.9
2025-11-22 10:37:40+00:00,55.404662,11.010282,6388.433511247645,FEDERAL SUTTON,538004383,11.9
2025-11-22 10:37:50+00:00,55.405155,11.009667,6440.754261573721,FEDERAL SUTTON,538004383,11.9
2025-11-22 10:37:50+00:00,55.405155,11.009667,6440.754261573721,FEDERAL SUTTON,538004383,11.9
2025-11-22 10:37:50+00:00,55.405155,11.009667,6440.754261573721,FEDERAL SUTTON,538004383,11.9
2025-11-22 10:37:50+00:00,55.405155,11.009667,6440.754261573721,FEDERAL SUTTON,538004383,11.9
2025-11-22 10:37:59+00:00,55.40551,11.009212,6478.478184388467,FEDERAL SUTTON,538004383,11.9
2025-11-22 10:37:59+00:00,55.40551,11.009212,6478.478184388467,FEDERAL SUTTON,538004383,11.9
2025-11-22 10:37:59+00:00,55.40551,11.009212,6478.478184388467,FEDERAL SUTTON,538004383,11.9
2025-11-22 10:37:59+00:00,55.40551,11.009212,6478.478184388467,FEDERAL SUTTON,538004383,11.9
2025-11-22 10:38:00+00:00,55.39888,11.002685,5720.259000411997,DUSK,629009770,10.1
2025-11-22 10:38:10+00:00,55.406,11.008585,6530.721905409219,FEDERAL SUTTON,538004383,11.9
2025-11-22 10:38:10+00:00,55.399268,11.002217,5761.833137405094,DUSK,629009770,10.1
2025-11-22 10:38:10+00:00,55.406,11.008585,6530.721905409219,FEDERAL SUTTON,538004383,11.9
2025-11-22 10:38:20+00:00,55.399652,11.001747,5802.934765560834,DUSK,629009770,10.1
2025-11-22 10:38:21+00:00,55.406435,11.008022,6577.160546758457,FEDERAL SUTTON,538004383,12.0
2025-11-22 10:38:21+00:00,55.406435,11.008022,6577.160546758457,FEDERAL SUTTON,538004383,12.0
2025-11-22 10:38:21+00:00,55.406435,11.008022,6577.160546758457,FEDERAL SUTTON,538004383,12.0
2025-11-22 10:38:30+00:00,55.400025,11.001277,5842.870171316377,DUSK,629009770,10.1
2025-11-22 10:38:30+00:00,55.40688,11.007447,6624.792337845193,FEDERAL SUTTON,538004383,12.0
2025-11-22 10:38:30+00:00,55.40688,11.007447,6624.792337845193,FEDERAL SUTTON,538004383,12.0
2025-11-22 10:38:40+00:00,55.407325,11.006872,6672.497252814213,FEDERAL SUTTON,538004383,11.9
2025-11-22 10:38:40+00:00,55.407325,11.006872,6672.497252814213,FEDERAL SUTTON,538004383,11.9
2025-11-22 10:38:40+00:00,55.407325,11.006872,6672.497252814213,FEDERAL SUTTON,538004383,11.9
2025-11-22 10:38:40+00:00,55.407325,11.006872,6672.497252814213,FEDERAL SUTTON,538004383,11.9
2025-11-22 10:38:41+00:00,55.400453,11.000767,5888.892418177175,DUSK,629009770,10.2
2025-11-22 10:38:50+00:00,55.407767,11.006297,6719.876159632153,FEDERAL SUTTON,538004383,11.9
2025-11-22 10:38:50+00:00,55.407767,11.006297,6719.876159632153,FEDERAL SUTTON,538004383,11.9
2025-11-22 10:38:50+00:00,55.407767,11.006297,6719.876159632153,FEDERAL SUTTON,538004383,11.9
2025-11-22 10:38:50+00:00,55.407767,11.006297,6719.876159632153,FEDERAL SUTTON,538004383,11.9
2025-11-22 10:38:59+00:00,55.408212,11.005723,6767.680366779085,FEDERAL SUTTON,538004383,11.9
2025-11-22 10:38:59+00:00,55.408212,11.005723,6767.680366779085,FEDERAL SUTTON,538004383,11.9
2025-11-22 10:38:59+00:00,55.408212,11.005723,6767.680366779085,FEDERAL SUTTON,538004383,11.9
2025-11-22 10:38:59+00:00,55.408212,11.005723,6767.680366779085,FEDERAL SUTTON,538004383,11.9
2025-11-22 10:38:59+00:00,55.408212,11.005723,6767.680366779085,FEDERAL SUTTON,538004383,11.9
2025-11-22 10:39:00+00:00,55.401208,10.999897,5969.830171144685,DUSK,629009770,10.2
2025-11-22 10:39:10+00:00,55.408705,11.005102,6820.569168443664,FEDERAL SUTTON,538004383,12.0
2025-11-22 10:39:10+00:00,55.408705,11.005102,6820.569168443664,FEDERAL SUTTON,538004383,12.0
2025-11-22 10:39:10+00:00,55.401602,10.999447,6012.170267665352,DUSK,629009770,10.2
2025-11-22 10:39:10+00:00,55.408705,11.005102,6820.569168443664,FEDERAL SUTTON,538004383,12.0
2025-11-22 10:39:10+00:00,55.408705,11.005102,6820.569168443664,FEDERAL SUTTON,538004383,12.0
2025-11-22 10:39:20+00:00,55.402,10.998982,6055.069858518777,DUSK,629009770,10.2
2025-11-22 10:39:21+00:00,55.409157,11.004542,6868.9785829851535,FEDERAL SUTTON,538004383,12.0
2025-11-22 10:39:21+00:00,55.409157,11.004542,6868.9785829851535,FEDERAL SUTTON,538004383,12.0
2025-11-22 10:39:21+00:00,55.409157,11.004542,6868.9785829851535,FEDERAL SUTTON,538004383,12.0
2025-11-22 10:39:21+00:00,55.409157,11.004542,6868.9785829851535,FEDERAL SUTTON,538004383,12.0
2025-11-22 10:39:30+00:00,55.40956,11.004033,6912.137961258825,FEDERAL SUTTON,538004383,12.0
2025-11-22 10:39:30+00:00,55.40956,11.004033,6912.137961258825,FEDERAL SUTTON,538004383,12.0
2025-11-22 10:39:31+00:00,55.402428,10.99845,6101.307726730924,DUSK,629009770,10.2
2025-11-22 10:39:40+00:00,55.410008,11.003468,6960.0490595934325,FEDERAL SUTTON,538004383,12.0
2025-11-22 10:39:40+00:00,55.410008,11.003468,6960.0490595934325,FEDERAL SUTTON,538004383,12.0
2025-11-22 10:39:40+00:00,55.410008,11.003468,6960.0490595934325,FEDERAL SUTTON,538004383,12.0
2025-11-22 10:39:40+00:00,55.410008,11.003468,6960.0490595934325,FEDERAL SUTTON,538004383,12.0
2025-11-22 10:39:41+00:00,55.402795,10.998003,6141.1217984755285,DUSK,629009770,10.2
2025-11-22 10:39:43+00:00,55.402795,10.998003,6141.1217984755285,DUSK,629009770,10.2
2025-11-22 10:39:50+00:00,55.41046,11.002908,7008.403456387498,FEDERAL SUTTON,538004383,12.0
2025-11-22 10:39:50+00:00,55.41046,11.002908,7008.403456387498,FEDERAL SUTTON,538004383,12.0
2025-11-22 10:39:50+00:00,55.41046,11.002908,7008.403456387498,FEDERAL SUTTON,538004383,12.0
2025-11-22 10:39:50+00:00,55.41046,11.002908,7008.403456387498,FEDERAL SUTTON,538004383,12.0
2025-11-22 10:39:59+00:00,55.410868,11.002408,7052.109126560844,FEDERAL SUTTON,538004383,12.0
2025-11-22 10:39:59+00:00,55.410868,11.002408,7052.109126560844,FEDERAL SUTTON,538004383,12.0
2025-11-22 10:39:59+00:00,55.410868,11.002408,7052.109126560844,FEDERAL SUTTON,538004383,12.0
2025-11-22 10:39:59+00:00,55.410868,11.002408,7052.109126560844,FEDERAL SUTTON,538004383,12.0
2025-11-22 10:40:00+00:00,55.403513,10.997148,6219.31766268707,DUSK,629009770,10.2
2025-11-22 10:40:10+00:00,55.403908,10.996705,6262.585835330121,DUSK,629009770,10.2
2025-11-22 10:40:10+00:00,55.41137,11.001812,7106.067710363243,FEDERAL SUTTON,538004383,12.0
2025-11-22 10:40:10+00:00,55.41137,11.001812,7106.067710363243,FEDERAL SUTTON,538004383,12.0
2025-11-22 10:40:10+00:00,55.41137,11.001812,7106.067710363243,FEDERAL SUTTON,538004383,12.0
2025-11-22 10:40:10+00:00,55.41137,11.001812,7106.067710363243,FEDERAL SUTTON,538004383,12.0
2025-11-22 10:40:20+00:00,55.40428,10.996247,6303.411840348375,DUSK,629009770,10.2
2025-11-22 10:40:21+00:00,55.411825,11.001265,7154.822395760613,FEDERAL SUTTON,538004383,11.9
2025-11-22 10:40:21+00:00,55.411825,11.001265,7154.822395760613,FEDERAL SUTTON,538004383,11.9
2025-11-22 10:40:21+00:00,55.411825,11.001265,7154.822395760613,FEDERAL SUTTON,538004383,11.9
2025-11-22 10:40:21+00:00,55.411825,11.001265,7154.822395760613,FEDERAL SUTTON,538004383,11.9
2025-11-22 10:40:21+00:00,55.411825,11.001265,7154.822395760613,FEDERAL SUTTON,538004383,11.9
2025-11-22 10:40:31+00:00,55.404702,10.995745,6349.908997078649,DUSK,629009770,10.2
2025-11-22 10:40:31+00:00,55.412272,11.000702,7202.569589494926,FEDERAL SUTTON,538004383,11.9
2025-11-22 10:40:31+00:00,55.412272,11.000702,7202.569589494926,FEDERAL SUTTON,538004383,11.9
2025-11-22 10:40:31+00:00,55.412272,11.000702,7202.569589494926,FEDERAL SUTTON,538004383,11.9
2025-11-22 10:40:31+00:00,55.412272,11.000702,7202.569589494926,FEDERAL SUTTON,538004383,11.9
2025-11-22 10:40:40+00:00,55.412762,11.000073,7255.10829764011,FEDERAL SUTTON,538004383,11.9
2025-11-22 10:40:40+00:00,55.412762,11.000073,7255.10829764011,FEDERAL SUTTON,538004383,11.9
2025-11-22 10:40:40+00:00,55.412762,11.000073,7255.10829764011,FEDERAL SUTTON,538004383,11.9
2025-11-22 10:40:40+00:00,55.412762,11.000073,7255.10829764011,FEDERAL SUTTON,538004383,11.9
2025-11-22 10:40:41+00:00,55.40509,10.995273,6392.800839408569,DUSK,629009770,10.2
2025-11-22 10:40:50+00:00,55.413205,10.999497,7302.801499983424,FEDERAL SUTTON,538004383,11.9
2025-11-22 10:40:50+00:00,55.413205,10.999497,7302.801499983424,FEDERAL SUTTON,538004383,11.9
2025-11-22 10:40:50+00:00,55.413205,10.999497,7302.801499983424,FEDERAL SUTTON,538004383,11.9
2025-11-22 10:40:50+00:00,55.413205,10.999497,7302.801499983424,FEDERAL SUTTON,538004383,11.9
2025-11-22 10:40:54+00:00,55.413205,10.999497,7302.801499983424,FEDERAL SUTTON,538004383,11.9
2025-11-22 10:40:54+00:00,55.413205,10.999497,7302.801499983424,FEDERAL SUTTON,538004383,11.9
2025-11-22 10:40:54+00:00,55.413205,10.999497,7302.801499983424,FEDERAL SUTTON,538004383,11.9
2025-11-22 10:40:54+00:00,55.413205,10.999497,7302.801499983424,FEDERAL SUTTON,538004383,11.9
2025-11-22 10:40:59+00:00,55.41356,10.999038,7341.173221978556,FEDERAL SUTTON,538004383,12.0
2025-11-22 10:40:59+00:00,55.41356,10.999038,7341.173221978556,FEDERAL SUTTON,538004383,12.0
2025-11-22 10:40:59+00:00,55.41356,10.999038,7341.173221978556,FEDERAL SUTTON,538004383,12.0
2025-11-22 10:40:59+00:00,55.41356,10.999038,7341.173221978556,FEDERAL SUTTON,538004383,12.0
2025-11-22 10:41:00+00:00,55.405835,10.994423,6475.527292925038,DUSK,629009770,10.2
2025-11-22 10:41:10+00:00,55.414097,10.998357,7399.41529048837,FEDERAL SUTTON,538004383,12.0
2025-11-22 10:41:10+00:00,55.414097,10.998357,7399.41529048837,FEDERAL SUTTON,538004383,12.0
2025-11-22 10:41:10+00:00,55.414097,10.998357,7399.41529048837,FEDERAL SUTTON,538004383,12.0
2025-11-22 10:41:10+00:00,55.406223,10.99396,6518.727191328315,DUSK,629009770,10.3
2025-11-22 10:41:10+00:00,55.414097,10.998357,7399.41529048837,FEDERAL SUTTON,538004383,12.0
2025-11-22 10:41:20+00:00,55.40661,10.993482,6561.953562835847,DUSK,629009770,10.3
2025-11-22 10:41:21+00:00,55.414547,10.997793,7448.404099784794,FEDERAL SUTTON,538004383,12.0
2025-11-22 10:41:21+00:00,55.414547,10.997793,7448.404099784794,FEDERAL SUTTON,538004383,12.0
2025-11-22 10:41:21+00:00,55.414547,10.997793,7448.404099784794,FEDERAL SUTTON,538004383,12.0
2025-11-22 10:41:21+00:00,55.414547,10.997793,7448.404099784794,FEDERAL SUTTON,538004383,12.0
2025-11-22 10:41:31+00:00,55.414997,10.997228,7497.5701577134905,FEDERAL SUTTON,538004383,12.0
2025-11-22 10:41:31+00:00,55.414997,10.997228,7497.5701577134905,FEDERAL SUTTON,538004383,12.0
2025-11-22 10:41:31+00:00,55.414997,10.997228,7497.5701577134905,FEDERAL SUTTON,538004383,12.0
2025-11-22 10:41:31+00:00,55.407027,10.992937,6608.703691897025,DUSK,629009770,10.2
2025-11-22 10:41:31+00:00,55.414997,10.997228,7497.5701577134905,FEDERAL SUTTON,538004383,12.0
2025-11-22 10:41:40+00:00,55.415402,10.996718,7541.973750619842,FEDERAL SUTTON,538004383,12.0
2025-11-22 10:41:40+00:00,55.415402,10.996718,7541.973750619842,FEDERAL SUTTON,538004383,12.0
2025-11-22 10:41:40+00:00,55.415402,10.996718,7541.973750619842,FEDERAL SUTTON,538004383,12.0
2025-11-22 10:41:40+00:00,55.415402,10.996718,7541.973750619842,FEDERAL SUTTON,538004383,12.0
2025-11-22 10:41:41+00:00,55.407407,10.992458,6651.433195266107,DUSK,629009770,10.3
2025-11-22 10:41:50+00:00,55.415848,10.996147,7591.032942832661,FEDERAL SUTTON,538004383,12.0
2025-11-22 10:41:50+00:00,55.415848,10.996147,7591.032942832661,FEDERAL SUTTON,538004383,12.0
2025-11-22 10:41:50+00:00,55.415848,10.996147,7591.032942832661,FEDERAL SUTTON,538004383,12.0
2025-11-22 10:41:59+00:00,55.41625,10.99563,7635.404426015342,FEDERAL SUTTON,538004383,12.0
2025-11-22 10:41:59+00:00,55.41625,10.99563,7635.404426015342,FEDERAL SUTTON,538004383,12.0
2025-11-22 10:41:59+00:00,55.41625,10.99563,7635.404426015342,FEDERAL SUTTON,538004383,12.0
2025-11-22 10:41:59+00:00,55.41625,10.99563,7635.404426015342,FEDERAL SUTTON,538004383,12.0
2025-11-22 10:42:01+00:00,55.408197,10.991528,6740.581211443334,DUSK,629009770,10.3
2025-11-22 10:42:10+00:00,55.416692,10.995055,7684.355491863131,FEDERAL SUTTON,538004383,12.0
2025-11-22 10:42:10+00:00,55.416692,10.995055,7684.355491863131,FEDERAL SUTTON,538004383,12.0
2025-11-22 10:42:10+00:00,55.416692,10.995055,7684.355491863131,FEDERAL SUTTON,538004383,12.0
2025-11-22 10:42:10+00:00,55.416692,10.995055,7684.355491863131,FEDERAL SUTTON,538004383,12.0
2025-11-22 10:42:10+00:00,55.408575,10.991125,6783.33070543623,DUSK,629009770,10.3
2025-11-22 10:42:20+00:00,55.40898,10.99066,6829.294272491076,DUSK,629009770,10.3
2025-11-22 10:42:21+00:00,55.417225,10.994365,7743.580244994896,FEDERAL SUTTON,538004383,12.0
2025-11-22 10:42:21+00:00,55.417225,10.994365,7743.580244994896,FEDERAL SUTTON,538004383,12.0
2025-11-22 10:42:21+00:00,55.417225,10.994365,7743.580244994896,FEDERAL SUTTON,538004383,12.0
2025-11-22 10:42:21+00:00,55.417225,10.994365,7743.580244994896,FEDERAL SUTTON,538004383,12.0
2025-11-22 10:42:31+00:00,55.41767,10.993785,7793.161162025442,FEDERAL SUTTON,538004383,12.0
2025-11-22 10:42:31+00:00,55.409405,10.990127,6877.683355459634,DUSK,629009770,10.3
2025-11-22 10:42:31+00:00,55.41767,10.993785,7793.161162025442,FEDERAL SUTTON,538004383,12.0
2025-11-22 10:42:31+00:00,55.41767,10.993785,7793.161162025442,FEDERAL SUTTON,538004383,12.0
2025-11-22 10:42:31+00:00,55.41767,10.993785,7793.161162025442,FEDERAL SUTTON,538004383,12.0
2025-11-22 10:42:40+00:00,55.418068,10.993262,7837.653161778784,FEDERAL SUTTON,538004383,12.0
2025-11-22 10:42:40+00:00,55.418068,10.993262,7837.653161778784,FEDERAL SUTTON,538004383,12.0
2025-11-22 10:42:40+00:00,55.418068,10.993262,7837.653161778784,FEDERAL SUTTON,538004383,12.0
2025-11-22 10:42:40+00:00,55.418068,10.993262,7837.653161778784,FEDERAL SUTTON,538004383,12.0
2025-11-22 10:42:40+00:00,55.418068,10.993262,7837.653161778784,FEDERAL SUTTON,538004383,12.0
2025-11-22 10:42:41+00:00,55.409793,10.989642,6921.97967772349,DUSK,629009770,10.3
2025-11-22 10:42:49+00:00,55.410105,10.989257,6957.674532323898,DUSK,629009770,10.3
2025-11-22 10:42:50+00:00,55.418515,10.992683,7887.776400138343,FEDERAL SUTTON,538004383,12.0
2025-11-22 10:42:50+00:00,55.418515,10.992683,7887.776400138343,FEDERAL SUTTON,538004383,12.0
2025-11-22 10:42:50+00:00,55.418515,10.992683,7887.776400138343,FEDERAL SUTTON,538004383,12.0
2025-11-22 10:42:50+00:00,55.418515,10.992683,7887.776400138343,FEDERAL SUTTON,538004383,12.0
2025-11-22 10:42:59+00:00,55.418915,10.992165,7932.764232220955,FEDERAL SUTTON,538004383,12.0
2025-11-22 10:42:59+00:00,55.418915,10.992165,7932.764232220955,FEDERAL SUTTON,538004383,12.0
2025-11-22 10:42:59+00:00,55.418915,10.992165,7932.764232220955,FEDERAL SUTTON,538004383,12.0
2025-11-22 10:42:59+00:00,55.418915,10.992165,7932.764232220955,FEDERAL SUTTON,538004383,12.0
2025-11-22 10:42:59+00:00,55.418915,10.992165,7932.764232220955,FEDERAL SUTTON,538004383,12.0
2025-11-22 10:43:01+00:00,55.410572,10.988683,7011.234537137329,DUSK,629009770,10.3
2025-11-22 10:43:10+00:00,55.419405,10.991532,7988.049210579546,FEDERAL SUTTON,538004383,12.0
2025-11-22 10:43:10+00:00,55.419405,10.991532,7988.049210579546,FEDERAL SUTTON,538004383,12.0
2025-11-22 10:43:10+00:00,55.419405,10.991532,7988.049210579546,FEDERAL SUTTON,538004383,12.0
2025-11-22 10:43:10+00:00,55.419405,10.991532,7988.049210579546,FEDERAL SUTTON,538004383,12.0
2025-11-22 10:43:10+00:00,55.410922,10.988258,7051.460973489187,DUSK,629009770,10.4
2025-11-22 10:43:20+00:00,55.411303,10.987785,7095.386128818846,DUSK,629009770,10.4
2025-11-22 10:43:21+00:00,55.41985,10.990955,8038.42524640871,FEDERAL SUTTON,538004383,12.0
2025-11-22 10:43:21+00:00,55.41985,10.990955,8038.42524640871,FEDERAL SUTTON,538004383,12.0
2025-11-22 10:43:21+00:00,55.41985,10.990955,8038.42524640871,FEDERAL SUTTON,538004383,12.0
2025-11-22 10:43:21+00:00,55.41985,10.990955,8038.42524640871,FEDERAL SUTTON,538004383,12.0
2025-11-22 10:43:30+00:00,55.411687,10.987305,7139.76866515791,DUSK,629009770,10.4
2025-11-22 10:43:31+00:00,55.42034,10.99032,8094.074048728167,FEDERAL SUTTON,538004383,12.0
2025-11-22 10:43:31+00:00,55.42034,10.99032,8094.074048728167,FEDERAL SUTTON,538004383,12.0
2025-11-22 10:43:31+00:00,55.42034,10.99032,8094.074048728167,FEDERAL SUTTON,538004383,12.0
2025-11-22 10:43:31+00:00,55.42034,10.99032,8094.074048728167,FEDERAL SUTTON,538004383,12.0
2025-11-22 10:43:40+00:00,55.420695,10.98986,8134.487122880434,FEDERAL SUTTON,538004383,12.0
2025-11-22 10:43:40+00:00,55.412078,10.986828,7184.967933119351,DUSK,629009770,10.4
2025-11-22 10:43:40+00:00,55.420695,10.98986,8134.487122880434,FEDERAL SUTTON,538004383,12.0
2025-11-22 10:43:40+00:00,55.420695,10.98986,8134.487122880434,FEDERAL SUTTON,538004383,12.0
2025-11-22 10:43:40+00:00,55.420695,10.98986,8134.487122880434,FEDERAL SUTTON,538004383,12.0
2025-11-22 10:43:49+00:00,55.412428,10.986388,7225.566646034236,DUSK,629009770,10.4
2025-11-22 10:43:50+00:00,55.421183,10.989225,8190.141958130258,FEDERAL SUTTON,538004383,12.0
2025-11-22 10:43:50+00:00,55.421183,10.989225,8190.141958130258,FEDERAL SUTTON,538004383,12.0
2025-11-22 10:43:50+00:00,55.421183,10.989225,8190.141958130258,FEDERAL SUTTON,538004383,12.0
2025-11-22 10:43:50+00:00,55.421183,10.989225,8190.141958130258,FEDERAL SUTTON,538004383,12.0
2025-11-22 10:43:50+00:00,55.421183,10.989225,8190.141958130258,FEDERAL SUTTON,538004383,12.0
2025-11-22 10:43:59+00:00,55.421625,10.98864,8240.730157341966,FEDERAL SUTTON,538004383,12.0
2025-11-22 10:43:59+00:00,55.421625,10.98864,8240.730157341966,FEDERAL SUTTON,538004383,12.0
2025-11-22 10:43:59+00:00,55.421625,10.98864,8240.730157341966,FEDERAL SUTTON,538004383,12.0
2025-11-22 10:43:59+00:00,55.421625,10.98864,8240.730157341966,FEDERAL SUTTON,538004383,12.0
2025-11-22 10:44:01+00:00,55.4129,10.985812,7280.383438960738,DUSK,629009770,10.4
2025-11-22 10:44:10+00:00,55.422067,10.988055,8291.467523661835,FEDERAL SUTTON,538004383,12.0
2025-11-22 10:44:10+00:00,55.422067,10.988055,8291.467523661835,FEDERAL SUTTON,538004383,12.0
2025-11-22 10:44:10+00:00,55.422067,10.988055,8291.467523661835,FEDERAL SUTTON,538004383,12.0
2025-11-22 10:44:10+00:00,55.422067,10.988055,8291.467523661835,FEDERAL SUTTON,538004383,12.0
2025-11-22 10:44:20+00:00,55.413683,10.984928,7371.263422794217,DUSK,629009770,10.4
2025-11-22 10:44:20+00:00,55.42251,10.987473,8342.447974889572,FEDERAL SUTTON,538004383,12.0
2025-11-22 10:44:20+00:00,55.42251,10.987473,8342.447974889572,FEDERAL SUTTON,538004383,12.0
2025-11-22 10:44:20+00:00,55.42251,10.987473,8342.447974889572,FEDERAL SUTTON,538004383,12.0
2025-11-22 10:44:20+00:00,55.42251,10.987473,8342.447974889572,FEDERAL SUTTON,538004383,12.0
2025-11-22 10:44:30+00:00,55.414072,10.984443,7416.708759573008,DUSK,629009770,10.4
2025-11-22 10:44:31+00:00,55.423162,10.986617,8417.731505101352,FEDERAL SUTTON,538004383,12.0
2025-11-22 10:44:31+00:00,55.423162,10.986617,8417.731505101352,FEDERAL SUTTON,538004383,12.0
2025-11-22 10:44:31+00:00,55.423162,10.986617,8417.731505101352,FEDERAL SUTTON,538004383,12.0
2025-11-22 10:44:40+00:00,55.423618,10.986032,8470.49441810961,FEDERAL SUTTON,538004383,12.0
2025-11-22 10:44:40+00:00,55.423618,10.986032,8470.49441810961,FEDERAL SUTTON,538004383,12.0
2025-11-22 10:44:40+00:00,55.423618,10.986032,8470.49441810961,FEDERAL SUTTON,538004383,12.0
2025-11-22 10:44:40+00:00,55.423618,10.986032,8470.49441810961,FEDERAL SUTTON,538004383,12.0
2025-11-22 10:44:40+00:00,55.423618,10.986032,8470.49441810961,FEDERAL SUTTON,538004383,12.0
2025-11-22 10:44:49+00:00,55.414785,10.983532,7500.158133893155,DUSK,629009770,10.4
2025-11-22 10:44:50+00:00,55.42409,10.985435,8525.161792310619,FEDERAL SUTTON,538004383,12.0
2025-11-22 10:44:50+00:00,55.42409,10.985435,8525.161792310619,FEDERAL SUTTON,538004383,12.0
2025-11-22 10:44:50+00:00,55.42409,10.985435,8525.161792310619,FEDERAL SUTTON,538004383,12.0
2025-11-22 10:44:50+00:00,55.42409,10.985435,8525.161792310619,FEDERAL SUTTON,538004383,12.0
2025-11-22 10:44:59+00:00,55.4245,10.984912,8572.780110891297,FEDERAL SUTTON,538004383,12.0
2025-11-22 10:44:59+00:00,55.4245,10.984912,8572.780110891297,FEDERAL SUTTON,538004383,12.0
2025-11-22 10:44:59+00:00,55.4245,10.984912,8572.780110891297,FEDERAL SUTTON,538004383,12.0
2025-11-22 10:44:59+00:00,55.4245,10.984912,8572.780110891297,FEDERAL SUTTON,538004383,12.0
2025-11-22 10:44:59+00:00,55.4245,10.984912,8572.780110891297,FEDERAL SUTTON,538004383,12.0
2025-11-22 10:45:01+00:00,55.415242,10.982965,7553.516611666929,DUSK,629009770,10.4
2025-11-22 10:45:10+00:00,55.424992,10.984273,8630.110888347479,FEDERAL SUTTON,538004383,12.0
2025-11-22 10:45:10+00:00,55.424992,10.984273,8630.110888347479,FEDERAL SUTTON,538004383,12.0
2025-11-22 10:45:10+00:00,55.424992,10.984273,8630.110888347479,FEDERAL SUTTON,538004383,12.0
2025-11-22 10:45:10+00:00,55.424992,10.984273,8630.110888347479,FEDERAL SUTTON,538004383,12.0
2025-11-22 10:45:20+00:00,55.425388,10.98375,8676.40047731813,FEDERAL SUTTON,538004383,12.0
2025-11-22 10:45:20+00:00,55.416007,10.982075,7642.659230525459,DUSK,629009770,10.3
2025-11-22 10:45:20+00:00,55.425388,10.98375,8676.40047731813,FEDERAL SUTTON,538004383,12.0
2025-11-22 10:45:20+00:00,55.425388,10.98375,8676.40047731813,FEDERAL SUTTON,538004383,12.0
2025-11-22 10:45:20+00:00,55.425388,10.98375,8676.40047731813,FEDERAL SUTTON,538004383,12.0
2025-11-22 10:45:20+00:00,55.425388,10.98375,8676.40047731813,FEDERAL SUTTON,538004383,12.0
2025-11-22 10:45:30+00:00,55.4164,10.981588,7688.380771129381,DUSK,629009770,10.3
2025-11-22 10:45:31+00:00,55.42587,10.983103,8732.867488204678,FEDERAL SUTTON,538004383,12.0
2025-11-22 10:45:31+00:00,55.42587,10.983103,8732.867488204678,FEDERAL SUTTON,538004383,12.0
2025-11-22 10:45:31+00:00,55.42587,10.983103,8732.867488204678,FEDERAL SUTTON,538004383,12.0
2025-11-22 10:45:31+00:00,55.42587,10.983103,8732.867488204678,FEDERAL SUTTON,538004383,12.0
2025-11-22 10:45:40+00:00,55.426303,10.982512,8783.74880978639,FEDERAL SUTTON,538004383,12.0
2025-11-22 10:45:40+00:00,55.426303,10.982512,8783.74880978639,FEDERAL SUTTON,538004383,12.0
2025-11-22 10:45:40+00:00,55.426303,10.982512,8783.74880978639,FEDERAL SUTTON,538004383,12.0
2025-11-22 10:45:40+00:00,55.426303,10.982512,8783.74880978639,FEDERAL SUTTON,538004383,12.0
2025-11-22 10:45:49+00:00,55.426698,10.981987,8830.04851162226,FEDERAL SUTTON,538004383,12.0
2025-11-22 10:45:49+00:00,55.426698,10.981987,8830.04851162226,FEDERAL SUTTON,538004383,12.0
2025-11-22 10:45:49+00:00,55.426698,10.981987,8830.04851162226,FEDERAL SUTTON,538004383,12.0
2025-11-22 10:45:49+00:00,55.426698,10.981987,8830.04851162226,FEDERAL SUTTON,538004383,12.0
2025-11-22 10:45:49+00:00,55.417133,10.980645,7773.942083008643,DUSK,629009770,10.3
2025-11-22 10:45:59+00:00,55.42714,10.981408,8881.79937179871,FEDERAL SUTTON,538004383,12.0
2025-11-22 10:45:59+00:00,55.42714,10.981408,8881.79937179871,FEDERAL SUTTON,538004383,12.0
2025-11-22 10:45:59+00:00,55.42714,10.981408,8881.79937179871,FEDERAL SUTTON,538004383,12.0
2025-11-22 10:45:59+00:00,55.42714,10.981408,8881.79937179871,FEDERAL SUTTON,538004383,12.0
2025-11-22 10:46:01+00:00,55.417608,10.98006,7829.379484559238,DUSK,629009770,10.3
2025-11-22 10:46:10+00:00,55.427625,10.980773,8938.637968965171,FEDERAL SUTTON,538004383,12.0
2025-11-22 10:46:10+00:00,55.427625,10.980773,8938.637968965171,FEDERAL SUTTON,538004383,12.0
2025-11-22 10:46:10+00:00,55.427625,10.980773,8938.637968965171,FEDERAL SUTTON,538004383,12.0
2025-11-22 10:46:10+00:00,55.427625,10.980773,8938.637968965171,FEDERAL SUTTON,538004383,12.0
2025-11-22 10:46:20+00:00,55.428077,10.980192,8991.397914552885,FEDERAL SUTTON,538004383,12.0
2025-11-22 10:46:20+00:00,55.428077,10.980192,8991.397914552885,FEDERAL SUTTON,538004383,12.0
2025-11-22 10:46:20+00:00,55.428077,10.980192,8991.397914552885,FEDERAL SUTTON,538004383,12.0
2025-11-22 10:46:20+00:00,55.418348,10.97911,7916.115041143059,DUSK,629009770,10.3
2025-11-22 10:46:30+00:00,55.418727,10.978603,7960.5528772464395,DUSK,629009770,10.3
2025-11-22 10:46:31+00:00,55.428592,10.979565,9051.33082139113,FEDERAL SUTTON,538004383,12.0
2025-11-22 10:46:31+00:00,55.428592,10.979565,9051.33082139113,FEDERAL SUTTON,538004383,12.0
2025-11-22 10:46:31+00:00,55.428592,10.979565,9051.33082139113,FEDERAL SUTTON,538004383,12.0
2025-11-22 10:46:31+00:00,55.428592,10.979565,9051.33082139113,FEDERAL SUTTON,538004383,12.0
2025-11-22 10:46:39+00:00,55.428938,10.979123,9091.735777116928,FEDERAL SUTTON,538004383,12.0
2025-11-22 10:46:39+00:00,55.428938,10.979123,9091.735777116928,FEDERAL SUTTON,538004383,12.0
2025-11-22 10:46:39+00:00,55.428938,10.979123,9091.735777116928,FEDERAL SUTTON,538004383,12.0
2025-11-22 10:46:39+00:00,55.428938,10.979123,9091.735777116928,FEDERAL SUTTON,538004383,12.0
2025-11-22 10:46:49+00:00,55.419457,10.977678,8045.662110651295,DUSK,629009770,10.3
2025-11-22 10:46:49+00:00,55.429377,10.978558,9143.083606360455,FEDERAL SUTTON,538004383,12.0
2025-11-22 10:46:49+00:00,55.429377,10.978558,9143.083606360455,FEDERAL SUTTON,538004383,12.0
2025-11-22 10:46:49+00:00,55.429377,10.978558,9143.083606360455,FEDERAL SUTTON,538004383,12.0
2025-11-22 10:46:49+00:00,55.429377,10.978558,9143.083606360455,FEDERAL SUTTON,538004383,12.0
2025-11-22 10:46:54+00:00,55.429377,10.978558,9143.083606360455,FEDERAL SUTTON,538004383,12.0
2025-11-22 10:46:54+00:00,55.429377,10.978558,9143.083606360455,FEDERAL SUTTON,538004383,12.0
2025-11-22 10:46:54+00:00,55.429377,10.978558,9143.083606360455,FEDERAL SUTTON,538004383,12.0
2025-11-22 10:46:59+00:00,55.429742,10.978108,9185.739764881584,FEDERAL SUTTON,538004383,12.0
2025-11-22 10:46:59+00:00,55.429742,10.978108,9185.739764881584,FEDERAL SUTTON,538004383,12.0
2025-11-22 10:46:59+00:00,55.429742,10.978108,9185.739764881584,FEDERAL SUTTON,538004383,12.0
2025-11-22 10:46:59+00:00,55.429742,10.978108,9185.739764881584,FEDERAL SUTTON,538004383,12.0
2025-11-22 10:47:01+00:00,55.419947,10.977115,8102.41826346512,DUSK,629009770,10.3
2025-11-22 10:47:10+00:00,55.430333,10.97736,9254.99665052813,FEDERAL SUTTON,538004383,12.0
2025-11-22 10:47:10+00:00,55.430333,10.97736,9254.99665052813,FEDERAL SUTTON,538004383,12.0
2025-11-22 10:47:10+00:00,55.430333,10.97736,9254.99665052813,FEDERAL SUTTON,538004383,12.0
2025-11-22 10:47:10+00:00,55.430333,10.97736,9254.99665052813,FEDERAL SUTTON,538004383,12.0
2025-11-22 10:47:20+00:00,55.420723,10.97624,8192.375943562676,DUSK,629009770,10.3
2025-11-22 10:47:20+00:00,55.430847,10.97667,9315.099241016987,FEDERAL SUTTON,538004383,12.1
2025-11-22 10:47:20+00:00,55.430847,10.97667,9315.099241016987,FEDERAL SUTTON,538004383,12.1
2025-11-22 10:47:20+00:00,55.430847,10.97667,9315.099241016987,FEDERAL SUTTON,538004383,12.1
2025-11-22 10:47:20+00:00,55.430847,10.97667,9315.099241016987,FEDERAL SUTTON,538004383,12.1
2025-11-22 10:47:20+00:00,55.430847,10.97667,9315.099241016987,FEDERAL SUTTON,538004383,12.1
2025-11-22 10:47:29+00:00,55.43126,10.976115,9363.346694100543,FEDERAL SUTTON,538004383,12.1
2025-11-22 10:47:29+00:00,55.43126,10.976115,9363.346694100543,FEDERAL SUTTON,538004383,12.1
2025-11-22 10:47:29+00:00,55.43126,10.976115,9363.346694100543,FEDERAL SUTTON,538004383,12.1
2025-11-22 10:47:29+00:00,55.43126,10.976115,9363.346694100543,FEDERAL SUTTON,538004383,12.1
2025-11-22 10:47:31+00:00,55.421155,10.97573,8242.683946358464,DUSK,629009770,10.3
2025-11-22 10:47:39+00:00,55.431688,10.97556,9413.210184810936,FEDERAL SUTTON,538004383,12.1
2025-11-22 10:47:39+00:00,55.431688,10.97556,9413.210184810936,FEDERAL SUTTON,538004383,12.1
2025-11-22 10:47:39+00:00,55.431688,10.97556,9413.210184810936,FEDERAL SUTTON,538004383,12.1
2025-11-22 10:47:39+00:00,55.431688,10.97556,9413.210184810936,FEDERAL SUTTON,538004383,12.1
2025-11-22 10:47:40+00:00,55.421507,10.975317,8283.650910813061,DUSK,629009770,10.3
2025-11-22 10:47:49+00:00,55.432082,10.975048,9459.170372113373,FEDERAL SUTTON,538004383,12.1
2025-11-22 10:47:49+00:00,55.432082,10.975048,9459.170372113373,FEDERAL SUTTON,538004383,12.1
2025-11-22 10:47:49+00:00,55.432082,10.975048,9459.170372113373,FEDERAL SUTTON,538004383,12.1
2025-11-22 10:47:49+00:00,55.432082,10.975048,9459.170372113373,FEDERAL SUTTON,538004383,12.1
2025-11-22 10:47:49+00:00,55.421843,10.974892,8322.822842132258,DUSK,629009770,10.3
2025-11-22 10:48:00+00:00,55.432565,10.974413,9515.667302944057,FEDERAL SUTTON,538004383,12.1
2025-11-22 10:48:00+00:00,55.432565,10.974413,9515.667302944057,FEDERAL SUTTON,538004383,12.1
2025-11-22 10:48:00+00:00,55.432565,10.974413,9515.667302944057,FEDERAL SUTTON,538004383,12.1
2025-11-22 10:48:00+00:00,55.432565,10.974413,9515.667302944057,FEDERAL SUTTON,538004383,12.1
2025-11-22 10:48:00+00:00,55.432565,10.974413,9515.667302944057,FEDERAL SUTTON,538004383,12.1
2025-11-22 10:48:01+00:00,55.42231,10.974328,8377.2580176462,DUSK,629009770,10.3
2025-11-22 10:48:10+00:00,55.433007,10.973835,9567.377361229592,FEDERAL SUTTON,538004383,12.1
2025-11-22 10:48:10+00:00,55.433007,10.973835,9567.377361229592,FEDERAL SUTTON,538004383,12.1
2025-11-22 10:48:10+00:00,55.433007,10.973835,9567.377361229592,FEDERAL SUTTON,538004383,12.1
2025-11-22 10:48:10+00:00,55.433007,10.973835,9567.377361229592,FEDERAL SUTTON,538004383,12.1
2025-11-22 10:48:20+00:00,55.423078,10.973472,8466.583960028283,DUSK,629009770,10.3
2025-11-22 10:48:20+00:00,55.433402,10.973312,9613.55558252776,FEDERAL SUTTON,538004383,12.1
2025-11-22 10:48:20+00:00,55.433402,10.973312,9613.55558252776,FEDERAL SUTTON,538004383,12.1
2025-11-22 10:48:20+00:00,55.433402,10.973312,9613.55558252776,FEDERAL SUTTON,538004383,12.1
2025-11-22 10:48:20+00:00,55.433402,10.973312,9613.55558252776,FEDERAL SUTTON,538004383,12.1
2025-11-22 10:48:20+00:00,55.433402,10.973312,9613.55558252776,FEDERAL SUTTON,538004383,12.1
2025-11-22 10:48:29+00:00,55.433837,10.972738,9664.504468264,FEDERAL SUTTON,538004383,12.1
2025-11-22 10:48:29+00:00,55.433837,10.972738,9664.504468264,FEDERAL SUTTON,538004383,12.1
2025-11-22 10:48:29+00:00,55.433837,10.972738,9664.504468264,FEDERAL SUTTON,538004383,12.1
2025-11-22 10:48:29+00:00,55.433837,10.972738,9664.504468264,FEDERAL SUTTON,538004383,12.1
2025-11-22 10:48:29+00:00,55.433837,10.972738,9664.504468264,FEDERAL SUTTON,538004383,12.1
2025-11-22 10:48:31+00:00,55.423508,10.972965,8516.737608294536,DUSK,629009770,10.3
2025-11-22 10:48:39+00:00,55.434302,10.972162,9718.848659508067,FEDERAL SUTTON,538004383,12.1
2025-11-22 10:48:39+00:00,55.434302,10.972162,9718.848659508067,FEDERAL SUTTON,538004383,12.1
2025-11-22 10:48:39+00:00,55.434302,10.972162,9718.848659508067,FEDERAL SUTTON,538004383,12.1
2025-11-22 10:48:39+00:00,55.434302,10.972162,9718.848659508067,FEDERAL SUTTON,538004383,12.1
2025-11-22 10:48:39+00:00,55.434302,10.972162,9718.848659508067,FEDERAL SUTTON,538004383,12.1
2025-11-22 10:48:40+00:00,55.423853,10.97254,8556.843288599637,DUSK,629009770,10.3
2025-11-22 10:48:49+00:00,55.434767,10.971553,9773.38335032381,FEDERAL SUTTON,538004383,12.1
2025-11-22 10:48:49+00:00,55.434767,10.971553,9773.38335032381,FEDERAL SUTTON,538004383,12.1
2025-11-22 10:48:49+00:00,55.434767,10.971553,9773.38335032381,FEDERAL SUTTON,538004383,12.1
2025-11-22 10:48:49+00:00,55.434767,10.971553,9773.38335032381,FEDERAL SUTTON,538004383,12.1
2025-11-22 10:48:49+00:00,55.424205,10.972123,8597.7473006714,DUSK,629009770,10.3
2025-11-22 10:49:00+00:00,55.43531,10.970842,9836.730471787678,FEDERAL SUTTON,538004383,12.1
2025-11-22 10:49:00+00:00,55.43531,10.970842,9836.730471787678,FEDERAL SUTTON,538004383,12.1
2025-11-22 10:49:00+00:00,55.43531,10.970842,9836.730471787678,FEDERAL SUTTON,538004383,12.1
2025-11-22 10:49:00+00:00,55.43531,10.970842,9836.730471787678,FEDERAL SUTTON,538004383,12.1
2025-11-22 10:49:00+00:00,55.43531,10.970842,9836.730471787678,FEDERAL SUTTON,538004383,12.1
2025-11-22 10:49:01+00:00,55.42468,10.971573,8652.932653460211,DUSK,629009770,10.3
2025-11-22 10:49:09+00:00,55.435658,10.970365,9877.477470745167,FEDERAL SUTTON,538004383,12.0
2025-11-22 10:49:09+00:00,55.435658,10.970365,9877.477470745167,FEDERAL SUTTON,538004383,12.0
2025-11-22 10:49:09+00:00,55.435658,10.970365,9877.477470745167,FEDERAL SUTTON,538004383,12.0
2025-11-22 10:49:09+00:00,55.435658,10.970365,9877.477470745167,FEDERAL SUTTON,538004383,12.0
2025-11-22 10:49:20+00:00,55.435925,10.969958,9908.962526132329,FEDERAL SUTTON,538004383,12.0
2025-11-22 10:49:20+00:00,55.425445,10.970718,8741.722327407551,DUSK,629009770,10.3
2025-11-22 10:49:20+00:00,55.435925,10.969958,9908.962526132329,FEDERAL SUTTON,538004383,12.0
2025-11-22 10:49:20+00:00,55.435925,10.969958,9908.962526132329,FEDERAL SUTTON,538004383,12.0
2025-11-22 10:49:20+00:00,55.435925,10.969958,9908.962526132329,FEDERAL SUTTON,538004383,12.0
2025-11-22 10:49:20+00:00,55.435925,10.969958,9908.962526132329,FEDERAL SUTTON,538004383,12.0
2025-11-22 10:49:29+00:00,55.436317,10.969427,9954.633864968862,FEDERAL SUTTON,538004383,12.0
2025-11-22 10:49:29+00:00,55.436317,10.969427,9954.633864968862,FEDERAL SUTTON,538004383,12.0
2025-11-22 10:49:29+00:00,55.436317,10.969427,9954.633864968862,FEDERAL SUTTON,538004383,12.0
2025-11-22 10:49:31+00:00,55.425882,10.970215,8791.821112229447,DUSK,629009770,10.3
2025-11-22 10:49:39+00:00,55.4367,10.968918,9998.618246715132,FEDERAL SUTTON,538004383,12.0
2025-11-22 10:49:39+00:00,55.4367,10.968918,9998.618246715132,FEDERAL SUTTON,538004383,12.0
2025-11-22 10:49:39+00:00,55.4367,10.968918,9998.618246715132,FEDERAL SUTTON,538004383,12.0
2025-11-22 10:49:39+00:00,55.4367,10.968918,9998.618246715132,FEDERAL SUTTON,538004383,12.0
2025-11-22 10:49:40+00:00,55.426252,10.969807,8834.076388798194,DUSK,629009770,10.3
2025-11-22 10:49:50+00:00,55.437182,10.968283,10054.057702044774,FEDERAL SUTTON,538004383,12.0
2025-11-22 10:49:50+00:00,55.437182,10.968283,10054.057702044774,FEDERAL SUTTON,538004383,12.0
2025-11-22 10:49:50+00:00,55.437182,10.968283,10054.057702044774,FEDERAL SUTTON,538004383,12.0
2025-11-22 10:49:50+00:00,55.437182,10.968283,10054.057702044774,FEDERAL SUTTON,538004383,12.0
2025-11-22 10:49:51+00:00,55.426685,10.96929,8883.716216709765,DUSK,629009770,10.3
2025-11-22 10:50:00+00:00,55.437627,10.967705,10105.302810899633,FEDERAL SUTTON,538004383,12.0
2025-11-22 10:50:00+00:00,55.437627,10.967705,10105.302810899633,FEDERAL SUTTON,538004383,12.0
2025-11-22 10:50:00+00:00,55.437627,10.967705,10105.302810899633,FEDERAL SUTTON,538004383,12.0
2025-11-22 10:50:00+00:00,55.437627,10.967705,10105.302810899633,FEDERAL SUTTON,538004383,12.0
2025-11-22 10:50:01+00:00,55.427133,10.968858,8934.817367593883,DUSK,629009770,10.3
2025-11-22 10:50:09+00:00,55.438028,10.96718,10151.21508207786,FEDERAL SUTTON,538004383,12.0
2025-11-22 10:50:09+00:00,55.438028,10.96718,10151.21508207786,FEDERAL SUTTON,538004383,12.0
2025-11-22 10:50:09+00:00,55.438028,10.96718,10151.21508207786,FEDERAL SUTTON,538004383,12.0
2025-11-22 10:50:09+00:00,55.438028,10.96718,10151.21508207786,FEDERAL SUTTON,538004383,12.0
2025-11-22 10:50:20+00:00,55.438472,10.966595,10201.48798809058,FEDERAL SUTTON,538004383,12.0
2025-11-22 10:50:20+00:00,55.438472,10.966595,10201.48798809058,FEDERAL SUTTON,538004383,12.0
2025-11-22 10:50:20+00:00,55.438472,10.966595,10201.48798809058,FEDERAL SUTTON,538004383,12.0
2025-11-22 10:50:20+00:00,55.438472,10.966595,10201.48798809058,FEDERAL SUTTON,538004383,12.0
2025-11-22 10:50:20+00:00,55.438472,10.966595,10201.48798809058,FEDERAL SUTTON,538004383,12.0
2025-11-22 10:50:20+00:00,55.427947,10.968027,9027.997507871174,DUSK,629009770,10.3
2025-11-22 10:50:29+00:00,55.43891,10.966,10251.236977734752,FEDERAL SUTTON,538004383,12.0
2025-11-22 10:50:29+00:00,55.43891,10.966,10251.236977734752,FEDERAL SUTTON,538004383,12.0
2025-11-22 10:50:29+00:00,55.43891,10.966,10251.236977734752,FEDERAL SUTTON,538004383,12.0
2025-11-22 10:50:31+00:00,55.428315,10.967478,9069.69691744457,DUSK,629009770,10.3
2025-11-22 10:50:39+00:00,55.439388,10.965342,10305.693590440664,FEDERAL SUTTON,538004383,12.0
2025-11-22 10:50:39+00:00,55.439388,10.965342,10305.693590440664,FEDERAL SUTTON,538004383,12.0
2025-11-22 10:50:39+00:00,55.439388,10.965342,10305.693590440664,FEDERAL SUTTON,538004383,12.0
2025-11-22 10:50:40+00:00,55.428648,10.967052,9107.386432718367,DUSK,629009770,10.3
2025-11-22 10:50:50+00:00,55.439875,10.964702,10361.265278099809,FEDERAL SUTTON,538004383,12.0
2025-11-22 10:50:50+00:00,55.439875,10.964702,10361.265278099809,FEDERAL SUTTON,538004383,12.0
2025-11-22 10:50:50+00:00,55.439875,10.964702,10361.265278099809,FEDERAL SUTTON,538004383,12.0
2025-11-22 10:50:51+00:00,55.42907,10.966535,9155.215470203228,DUSK,629009770,10.3
2025-11-22 10:51:00+00:00,55.440335,10.964125,10413.819147328868,FEDERAL SUTTON,538004383,12.0
2025-11-22 10:51:00+00:00,55.440335,10.964125,10413.819147328868,FEDERAL SUTTON,538004383,12.0
2025-11-22 10:51:00+00:00,55.440335,10.964125,10413.819147328868,FEDERAL SUTTON,538004383,12.0
2025-11-22 10:51:00+00:00,55.429423,10.966122,9195.268990540973,DUSK,629009770,10.3
2025-11-22 10:51:09+00:00,55.440967,10.963373,10486.09685474505,FEDERAL SUTTON,538004383,12.1
2025-11-22 10:51:09+00:00,55.440967,10.963373,10486.09685474505,FEDERAL SUTTON,538004383,12.1
2025-11-22 10:51:09+00:00,55.440967,10.963373,10486.09685474505,FEDERAL SUTTON,538004383,12.1
2025-11-22 10:51:09+00:00,55.440967,10.963373,10486.09685474505,FEDERAL SUTTON,538004383,12.1
2025-11-22 10:51:20+00:00,55.441468,10.962722,10543.691378650308,FEDERAL SUTTON,538004383,12.1
2025-11-22 10:51:20+00:00,55.441468,10.962722,10543.691378650308,FEDERAL SUTTON,538004383,12.1
2025-11-22 10:51:20+00:00,55.441468,10.962722,10543.691378650308,FEDERAL SUTTON,538004383,12.1
2025-11-22 10:51:20+00:00,55.441468,10.962722,10543.691378650308,FEDERAL SUTTON,538004383,12.1
2025-11-22 10:51:20+00:00,55.430185,10.96517,9282.100829469753,DUSK,629009770,10.3
2025-11-22 10:51:31+00:00,55.441972,10.962042,10601.854228499546,FEDERAL SUTTON,538004383,12.1
2025-11-22 10:51:31+00:00,55.441972,10.962042,10601.854228499546,FEDERAL SUTTON,538004383,12.1
2025-11-22 10:51:31+00:00,55.441972,10.962042,10601.854228499546,FEDERAL SUTTON,538004383,12.1
2025-11-22 10:51:31+00:00,55.43062,10.96466,9331.742910175166,DUSK,629009770,10.3
2025-11-22 10:51:39+00:00,55.442332,10.961573,10643.435486099957,FEDERAL SUTTON,538004383,12.1
2025-11-22 10:51:39+00:00,55.442332,10.961573,10643.435486099957,FEDERAL SUTTON,538004383,12.1
2025-11-22 10:51:39+00:00,55.442332,10.961573,10643.435486099957,FEDERAL SUTTON,538004383,12.1
2025-11-22 10:51:39+00:00,55.442332,10.961573,10643.435486099957,FEDERAL SUTTON,538004383,12.1
2025-11-22 10:51:40+00:00,55.430978,10.964245,9372.658989411952,DUSK,629009770,10.3
2025-11-22 10:51:50+00:00,55.442823,10.960932,10700.267075671121,FEDERAL SUTTON,538004383,12.1
2025-11-22 10:51:50+00:00,55.442823,10.960932,10700.267075671121,FEDERAL SUTTON,538004383,12.1
2025-11-22 10:51:50+00:00,55.442823,10.960932,10700.267075671121,FEDERAL SUTTON,538004383,12.1
2025-11-22 10:51:50+00:00,55.442823,10.960932,10700.267075671121,FEDERAL SUTTON,538004383,12.1
2025-11-22 10:51:51+00:00,55.431417,10.963738,9422.914853324031,DUSK,629009770,10.3
2025-11-22 10:52:00+00:00,55.443267,10.960345,10751.510964097546,FEDERAL SUTTON,538004383,12.1
2025-11-22 10:52:00+00:00,55.443267,10.960345,10751.510964097546,FEDERAL SUTTON,538004383,12.1
2025-11-22 10:52:00+00:00,55.443267,10.960345,10751.510964097546,FEDERAL SUTTON,538004383,12.1
2025-11-22 10:52:00+00:00,55.443267,10.960345,10751.510964097546,FEDERAL SUTTON,538004383,12.1
2025-11-22 10:52:00+00:00,55.431777,10.963327,9464.182847028222,DUSK,629009770,10.3
2025-11-22 10:52:09+00:00,55.443665,10.959813,10797.358892046675,FEDERAL SUTTON,538004383,12.1
2025-11-22 10:52:09+00:00,55.443665,10.959813,10797.358892046675,FEDERAL SUTTON,538004383,12.1
2025-11-22 10:52:09+00:00,55.443665,10.959813,10797.358892046675,FEDERAL SUTTON,538004383,12.1
2025-11-22 10:52:09+00:00,55.43218,10.962872,9510.436007372851,DUSK,629009770,10.3
2025-11-22 10:52:09+00:00,55.443665,10.959813,10797.358892046675,FEDERAL SUTTON,538004383,12.1
2025-11-22 10:52:09+00:00,55.443665,10.959813,10797.358892046675,FEDERAL SUTTON,538004383,12.1
2025-11-22 10:52:20+00:00,55.444103,10.959215,10847.96203142754,FEDERAL SUTTON,538004383,12.1
2025-11-22 10:52:20+00:00,55.444103,10.959215,10847.96203142754,FEDERAL SUTTON,538004383,12.1
2025-11-22 10:52:20+00:00,55.432585,10.962415,9556.992125389836,DUSK,629009770,10.3
2025-11-22 10:52:30+00:00,55.432965,10.961935,9600.925966425595,DUSK,629009770,10.3
2025-11-22 10:52:31+00:00,55.444632,10.958497,10909.216704070388,FEDERAL SUTTON,538004383,12.1
2025-11-22 10:52:31+00:00,55.444632,10.958497,10909.216704070388,FEDERAL SUTTON,538004383,12.1
2025-11-22 10:52:39+00:00,55.445033,10.957968,10955.69833538709,FEDERAL SUTTON,538004383,12.1
2025-11-22 10:52:39+00:00,55.445033,10.957968,10955.69833538709,FEDERAL SUTTON,538004383,12.1
2025-11-22 10:52:39+00:00,55.445033,10.957968,10955.69833538709,FEDERAL SUTTON,538004383,12.1
2025-11-22 10:52:39+00:00,55.445033,10.957968,10955.69833538709,FEDERAL SUTTON,538004383,12.1
2025-11-22 10:52:40+00:00,55.433398,10.961467,9650.705134034819,DUSK,629009770,10.3
2025-11-22 10:52:50+00:00,55.445525,10.957337,11012.773317205369,FEDERAL SUTTON,538004383,12.1
2025-11-22 10:52:50+00:00,55.445525,10.957337,11012.773317205369,FEDERAL SUTTON,538004383,12.1
2025-11-22 10:52:50+00:00,55.445525,10.957337,11012.773317205369,FEDERAL SUTTON,538004383,12.1
2025-11-22 10:52:51+00:00,55.433855,10.960985,9702.904235186274,DUSK,629009770,10.3
2025-11-22 10:52:54+00:00,55.445525,10.957337,11012.773317205369,FEDERAL SUTTON,538004383,12.1
2025-11-22 10:52:54+00:00,55.445525,10.957337,11012.773317205369,FEDERAL SUTTON,538004383,12.1
2025-11-22 10:53:00+00:00,55.445928,10.956828,11059.582050058954,FEDERAL SUTTON,538004383,12.1
2025-11-22 10:53:00+00:00,55.445928,10.956828,11059.582050058954,FEDERAL SUTTON,538004383,12.1
2025-11-22 10:53:00+00:00,55.445928,10.956828,11059.582050058954,FEDERAL SUTTON,538004383,12.1
2025-11-22 10:53:00+00:00,55.445928,10.956828,11059.582050058954,FEDERAL SUTTON,538004383,12.1
2025-11-22 10:53:00+00:00,55.434203,10.960602,9742.757246482066,DUSK,629009770,10.3
2025-11-22 10:53:09+00:00,55.446375,10.956258,11111.615244306122,FEDERAL SUTTON,538004383,12.1
2025-11-22 10:53:09+00:00,55.446375,10.956258,11111.615244306122,FEDERAL SUTTON,538004383,12.1
2025-11-22 10:53:09+00:00,55.446375,10.956258,11111.615244306122,FEDERAL SUTTON,538004383,12.1
2025-11-22 10:53:09+00:00,55.446375,10.956258,11111.615244306122,FEDERAL SUTTON,538004383,12.1
2025-11-22 10:53:09+00:00,55.43463,10.960192,9791.53255016638,DUSK,629009770,10.3
2025-11-22 10:53:09+00:00,55.446375,10.956258,11111.615244306122,FEDERAL SUTTON,538004383,12.1
2025-11-22 10:53:20+00:00,55.446812,10.955665,11162.735601168522,FEDERAL SUTTON,538004383,12.0
2025-11-22 10:53:20+00:00,55.446812,10.955665,11162.735601168522,FEDERAL SUTTON,538004383,12.0
2025-11-22 10:53:20+00:00,55.435043,10.959765,9838.8655942108,DUSK,629009770,10.3
2025-11-22 10:53:30+00:00,55.435407,10.959307,9880.923668494193,DUSK,629009770,10.3
2025-11-22 10:53:31+00:00,55.447278,10.954992,11217.49868210281,FEDERAL SUTTON,538004383,12.0
2025-11-22 10:53:31+00:00,55.447278,10.954992,11217.49868210281,FEDERAL SUTTON,538004383,12.0
2025-11-22 10:53:31+00:00,55.447278,10.954992,11217.49868210281,FEDERAL SUTTON,538004383,12.0
2025-11-22 10:53:31+00:00,55.447278,10.954992,11217.49868210281,FEDERAL SUTTON,538004383,12.0
2025-11-22 10:53:40+00:00,55.435818,10.958877,9928.16888664682,DUSK,629009770,10.3
2025-11-22 10:53:40+00:00,55.447667,10.95445,11263.21407597978,FEDERAL SUTTON,538004383,12.0
2025-11-22 10:53:40+00:00,55.447667,10.95445,11263.21407597978,FEDERAL SUTTON,538004383,12.0
2025-11-22 10:53:40+00:00,55.447667,10.95445,11263.21407597978,FEDERAL SUTTON,538004383,12.0
2025-11-22 10:53:40+00:00,55.447667,10.95445,11263.21407597978,FEDERAL SUTTON,538004383,12.0
2025-11-22 10:53:50+00:00,55.448108,10.953873,11314.958781892943,FEDERAL SUTTON,538004383,12.0
2025-11-22 10:53:50+00:00,55.448108,10.953873,11314.958781892943,FEDERAL SUTTON,538004383,12.0
2025-11-22 10:53:50+00:00,55.448108,10.953873,11314.958781892943,FEDERAL SUTTON,538004383,12.0
2025-11-22 10:53:51+00:00,55.436255,10.958377,9978.634366183709,DUSK,629009770,10.3
2025-11-22 10:54:00+00:00,55.44855,10.953298,11366.898273858,FEDERAL SUTTON,538004383,12.0
2025-11-22 10:54:00+00:00,55.44855,10.953298,11366.898273858,FEDERAL SUTTON,538004383,12.0
2025-11-22 10:54:00+00:00,55.44855,10.953298,11366.898273858,FEDERAL SUTTON,538004383,12.0
2025-11-22 10:54:00+00:00,55.44855,10.953298,11366.898273858,FEDERAL SUTTON,538004383,12.0
2025-11-22 10:54:00+00:00,55.4366,10.957947,10018.676211460806,DUSK,629009770,10.2
2025-11-22 10:54:09+00:00,55.449002,10.952717,11420.07090358988,FEDERAL SUTTON,538004383,12.0
2025-11-22 10:54:09+00:00,55.449002,10.952717,11420.07090358988,FEDERAL SUTTON,538004383,12.0
2025-11-22 10:54:09+00:00,55.436978,10.957462,10062.676797368193,DUSK,629009770,10.2
2025-11-22 10:54:09+00:00,55.449002,10.952717,11420.07090358988,FEDERAL SUTTON,538004383,12.0
2025-11-22 10:54:20+00:00,55.449448,10.952133,11472.681056248719,FEDERAL SUTTON,538004383,12.0
2025-11-22 10:54:20+00:00,55.449448,10.952133,11472.681056248719,FEDERAL SUTTON,538004383,12.0
2025-11-22 10:54:20+00:00,55.437373,10.95699,10108.585367260781,DUSK,629009770,10.3
2025-11-22 10:54:30+00:00,55.437758,10.956517,10153.437761969983,DUSK,629009770,10.2
2025-11-22 10:54:31+00:00,55.449845,10.951603,11519.619932651896,FEDERAL SUTTON,538004383,12.0
2025-11-22 10:54:31+00:00,55.449845,10.951603,11519.619932651896,FEDERAL SUTTON,538004383,12.0
2025-11-22 10:54:31+00:00,55.449845,10.951603,11519.619932651896,FEDERAL SUTTON,538004383,12.0
2025-11-22 10:54:40+00:00,55.450258,10.95102,11568.688306731687,FEDERAL SUTTON,538004383,12.0
2025-11-22 10:54:40+00:00,55.450258,10.95102,11568.688306731687,FEDERAL SUTTON,538004383,12.0
2025-11-22 10:54:40+00:00,55.438145,10.956052,10198.519015201178,DUSK,629009770,10.2
2025-11-22 10:54:40+00:00,55.450258,10.95102,11568.688306731687,FEDERAL SUTTON,538004383,12.0
2025-11-22 10:54:40+00:00,55.450258,10.95102,11568.688306731687,FEDERAL SUTTON,538004383,12.0
2025-11-22 10:54:50+00:00,55.450695,10.950462,11620.300450430539,FEDERAL SUTTON,538004383,12.0
2025-11-22 10:54:50+00:00,55.450695,10.950462,11620.300450430539,FEDERAL SUTTON,538004383,12.0
2025-11-22 10:54:50+00:00,55.450695,10.950462,11620.300450430539,FEDERAL SUTTON,538004383,12.0
2025-11-22 10:54:51+00:00,55.438583,10.955568,10249.420275545897,DUSK,629009770,10.2
2025-11-22 10:55:00+00:00,55.438968,10.955202,10293.928652078264,DUSK,629009770,10.3
2025-11-22 10:55:01+00:00,55.451213,10.949795,11681.472117134657,FEDERAL SUTTON,538004383,12.0
2025-11-22 10:55:01+00:00,55.451213,10.949795,11681.472117134657,FEDERAL SUTTON,538004383,12.0
2025-11-22 10:55:01+00:00,55.451213,10.949795,11681.472117134657,FEDERAL SUTTON,538004383,12.0
2025-11-22 10:55:09+00:00,55.43937,10.954768,10340.704063614452,DUSK,629009770,10.3
2025-11-22 10:55:09+00:00,55.451582,10.949328,11725.001456474567,FEDERAL SUTTON,538004383,12.0
2025-11-22 10:55:09+00:00,55.451582,10.949328,11725.001456474567,FEDERAL SUTTON,538004383,12.0
2025-11-22 10:55:09+00:00,55.451582,10.949328,11725.001456474567,FEDERAL SUTTON,538004383,12.0
2025-11-22 10:55:20+00:00,55.452015,10.94879,11776.04482144786,FEDERAL SUTTON,538004383,12.0
2025-11-22 10:55:20+00:00,55.452015,10.94879,11776.04482144786,FEDERAL SUTTON,538004383,12.0
2025-11-22 10:55:20+00:00,55.439753,10.954312,10385.540602376985,DUSK,629009770,10.3
2025-11-22 10:55:30+00:00,55.440188,10.953875,10436.103979263295,DUSK,629009770,10.2
2025-11-22 10:55:31+00:00,55.452347,10.948378,11815.196552364712,FEDERAL SUTTON,538004383,12.0
2025-11-22 10:55:31+00:00,55.452347,10.948378,11815.196552364712,FEDERAL SUTTON,538004383,12.0
2025-11-22 10:55:31+00:00,55.452347,10.948378,11815.196552364712,FEDERAL SUTTON,538004383,12.0
2025-11-22 10:55:40+00:00,55.440558,10.953403,10479.699710666828,DUSK,629009770,10.2
2025-11-22 10:55:40+00:00,55.452743,10.947892,11860.755438679536,FEDERAL SUTTON,538004383,12.0
2025-11-22 10:55:40+00:00,55.452743,10.947892,11860.755438679536,FEDERAL SUTTON,538004383,12.0
2025-11-22 10:55:40+00:00,55.452743,10.947892,11860.755438679536,FEDERAL SUTTON,538004383,12.0
2025-11-22 10:55:40+00:00,55.452743,10.947892,11860.755438679536,FEDERAL SUTTON,538004383,12.0
2025-11-22 10:55:50+00:00,55.453173,10.94736,11910.005415348565,FEDERAL SUTTON,538004383,12.0
2025-11-22 10:55:50+00:00,55.453173,10.94736,11910.005415348565,FEDERAL SUTTON,538004383,12.0
2025-11-22 10:55:50+00:00,55.453173,10.94736,11910.005415348565,FEDERAL SUTTON,538004383,12.0
2025-11-22 10:55:51+00:00,55.440972,10.952892,10528.424739621045,DUSK,629009770,10.2
2025-11-22 10:56:00+00:00,55.441317,10.952475,10569.025013386474,DUSK,629009770,10.2
2025-11-22 10:56:01+00:00,55.453662,10.946752,11966.11841334172,FEDERAL SUTTON,538004383,12.0
2025-11-22 10:56:01+00:00,55.453662,10.946752,11966.11841334172,FEDERAL SUTTON,538004383,12.0
2025-11-22 10:56:09+00:00,55.454065,10.946247,12012.456268116139,FEDERAL SUTTON,538004383,12.0
2025-11-22 10:56:09+00:00,55.454065,10.946247,12012.456268116139,FEDERAL SUTTON,538004383,12.0
2025-11-22 10:56:09+00:00,55.454065,10.946247,12012.456268116139,FEDERAL SUTTON,538004383,12.0
2025-11-22 10:56:20+00:00,55.454558,10.945622,12069.26438304728,FEDERAL SUTTON,538004383,12.0
2025-11-22 10:56:20+00:00,55.454558,10.945622,12069.26438304728,FEDERAL SUTTON,538004383,12.0
2025-11-22 10:56:20+00:00,55.454558,10.945622,12069.26438304728,FEDERAL SUTTON,538004383,12.0
2025-11-22 10:56:20+00:00,55.454558,10.945622,12069.26438304728,FEDERAL SUTTON,538004383,12.0
2025-11-22 10:56:21+00:00,55.442143,10.951502,10666.1086684023,DUSK,629009770,10.2
2025-11-22 10:56:30+00:00,55.442477,10.951058,10705.616254107834,DUSK,629009770,10.2
2025-11-22 10:56:31+00:00,55.455005,10.945052,12120.846414500675,FEDERAL SUTTON,538004383,12.0
2025-11-22 10:56:31+00:00,55.455005,10.945052,12120.846414500675,FEDERAL SUTTON,538004383,12.0
2025-11-22 10:56:31+00:00,55.455005,10.945052,12120.846414500675,FEDERAL SUTTON,538004383,12.0
2025-11-22 10:56:31+00:00,55.455005,10.945052,12120.846414500675,FEDERAL SUTTON,538004383,12.0
2025-11-22 10:56:40+00:00,55.45552,10.944408,12180.320090084728,FEDERAL SUTTON,538004383,12.0
2025-11-22 10:56:40+00:00,55.45552,10.944408,12180.320090084728,FEDERAL SUTTON,538004383,12.0
2025-11-22 10:56:40+00:00,55.45552,10.944408,12180.320090084728,FEDERAL SUTTON,538004383,12.0
2025-11-22 10:56:40+00:00,55.442828,10.950553,10747.368244805419,DUSK,629009770,10.2
2025-11-22 10:56:50+00:00,55.456055,10.94374,12242.066024027847,FEDERAL SUTTON,538004383,12.0
2025-11-22 10:56:50+00:00,55.456055,10.94374,12242.066024027847,FEDERAL SUTTON,538004383,12.0
2025-11-22 10:56:50+00:00,55.456055,10.94374,12242.066024027847,FEDERAL SUTTON,538004383,12.0
2025-11-22 10:56:51+00:00,55.44329,10.950012,10801.650397079515,DUSK,629009770,10.2
2025-11-22 10:57:00+00:00,55.44364,10.94958,10842.92716035538,DUSK,629009770,10.2
2025-11-22 10:57:01+00:00,55.456578,10.943075,12302.422102709144,FEDERAL SUTTON,538004383,12.0
2025-11-22 10:57:01+00:00,55.456578,10.943075,12302.422102709144,FEDERAL SUTTON,538004383,12.0
2025-11-22 10:57:01+00:00,55.456578,10.943075,12302.422102709144,FEDERAL SUTTON,538004383,12.0
2025-11-22 10:57:10+00:00,55.456987,10.94255,12349.676962276559,FEDERAL SUTTON,538004383,12.0
2025-11-22 10:57:10+00:00,55.456987,10.94255,12349.676962276559,FEDERAL SUTTON,538004383,12.0
2025-11-22 10:57:10+00:00,55.456987,10.94255,12349.676962276559,FEDERAL SUTTON,538004383,12.0
2025-11-22 10:57:20+00:00,55.45743,10.941973,12400.902307590446,FEDERAL SUTTON,538004383,12.0
2025-11-22 10:57:20+00:00,55.45743,10.941973,12400.902307590446,FEDERAL SUTTON,538004383,12.0
2025-11-22 10:57:20+00:00,55.45743,10.941973,12400.902307590446,FEDERAL SUTTON,538004383,12.0
2025-11-22 10:57:21+00:00,55.444458,10.948627,10937.235604677766,DUSK,629009770,10.2
2025-11-22 10:57:30+00:00,55.444847,10.948265,10981.458873021684,DUSK,629009770,10.2
2025-11-22 10:57:31+00:00,55.457918,10.941338,12457.339797837829,FEDERAL SUTTON,538004383,12.0
2025-11-22 10:57:31+00:00,55.457918,10.941338,12457.339797837829,FEDERAL SUTTON,538004383,12.0
2025-11-22 10:57:31+00:00,55.457918,10.941338,12457.339797837829,FEDERAL SUTTON,538004383,12.0
2025-11-22 10:57:40+00:00,55.445252,10.947862,11027.600399458033,DUSK,629009770,10.2
2025-11-22 10:57:40+00:00,55.458365,10.940762,12508.944508825227,FEDERAL SUTTON,538004383,12.0
2025-11-22 10:57:40+00:00,55.458365,10.940762,12508.944508825227,FEDERAL SUTTON,538004383,12.0
2025-11-22 10:57:40+00:00,55.458365,10.940762,12508.944508825227,FEDERAL SUTTON,538004383,12.0
2025-11-22 10:57:43+00:00,55.445252,10.947862,11027.600399458033,DUSK,629009770,10.2
2025-11-22 10:57:50+00:00,55.458768,10.940243,12555.40840626748,FEDERAL SUTTON,538004383,12.0
2025-11-22 10:57:50+00:00,55.458768,10.940243,12555.40840626748,FEDERAL SUTTON,538004383,12.0
2025-11-22 10:57:50+00:00,55.458768,10.940243,12555.40840626748,FEDERAL SUTTON,538004383,12.0
2025-11-22 10:57:51+00:00,55.445682,10.947377,11076.812726184233,DUSK,629009770,10.2
2025-11-22 10:58:00+00:00,55.446043,10.946955,11118.230442604428,DUSK,629009770,10.1
2025-11-22 10:58:01+00:00,55.459265,10.93962,12612.724261452038,FEDERAL SUTTON,538004383,12.0
2025-11-22 10:58:01+00:00,55.459265,10.93962,12612.724261452038,FEDERAL SUTTON,538004383,12.0
2025-11-22 10:58:01+00:00,55.459265,10.93962,12612.724261452038,FEDERAL SUTTON,538004383,12.0
2025-11-22 10:58:01+00:00,55.459265,10.93962,12612.724261452038,FEDERAL SUTTON,538004383,12.0
2025-11-22 10:58:10+00:00,55.459673,10.939118,12659.80221905306,FEDERAL SUTTON,538004383,12.0
2025-11-22 10:58:10+00:00,55.459673,10.939118,12659.80221905306,FEDERAL SUTTON,538004383,12.0
2025-11-22 10:58:10+00:00,55.459673,10.939118,12659.80221905306,FEDERAL SUTTON,538004383,12.0
2025-11-22 10:58:11+00:00,55.446467,10.946463,11166.933746134222,DUSK,629009770,10.2
2025-11-22 10:58:20+00:00,55.460128,10.938562,12712.368719051548,FEDERAL SUTTON,538004383,12.0
2025-11-22 10:58:20+00:00,55.460128,10.938562,12712.368719051548,FEDERAL SUTTON,538004383,12.0
2025-11-22 10:58:20+00:00,55.460128,10.938562,12712.368719051548,FEDERAL SUTTON,538004383,12.0
2025-11-22 10:58:21+00:00,55.446855,10.946033,11211.48467896989,DUSK,629009770,10.2
2025-11-22 10:58:29+00:00,55.44721,10.945653,11252.2221207554,DUSK,629009770,10.2
2025-11-22 10:58:30+00:00,55.46058,10.938,12764.701485891263,FEDERAL SUTTON,538004383,12.0
2025-11-22 10:58:30+00:00,55.46058,10.938,12764.701485891263,FEDERAL SUTTON,538004383,12.0
2025-11-22 10:58:30+00:00,55.46058,10.938,12764.701485891263,FEDERAL SUTTON,538004383,12.0
2025-11-22 10:58:40+00:00,55.461032,10.937435,12817.128926823822,FEDERAL SUTTON,538004383,12.0
2025-11-22 10:58:40+00:00,55.461032,10.937435,12817.128926823822,FEDERAL SUTTON,538004383,12.0
2025-11-22 10:58:50+00:00,55.461432,10.936917,12863.668057777679,FEDERAL SUTTON,538004383,11.9
2025-11-22 10:58:50+00:00,55.461432,10.936917,12863.668057777679,FEDERAL SUTTON,538004383,11.9
2025-11-22 10:58:50+00:00,55.461432,10.936917,12863.668057777679,FEDERAL SUTTON,538004383,11.9
2025-11-22 10:58:51+00:00,55.448013,10.94474,11344.671015701224,DUSK,629009770,10.2
2025-11-22 10:58:54+00:00,55.461432,10.936917,12863.668057777679,FEDERAL SUTTON,538004383,11.9
2025-11-22 10:58:54+00:00,55.461432,10.936917,12863.668057777679,FEDERAL SUTTON,538004383,11.9
2025-11-22 10:59:00+00:00,55.448412,10.944377,11390.20981279079,DUSK,629009770,10.2
2025-11-22 10:59:01+00:00,55.461962,10.936222,12925.452767208253,FEDERAL SUTTON,538004383,11.9
2025-11-22 10:59:01+00:00,55.461962,10.936222,12925.452767208253,FEDERAL SUTTON,538004383,11.9
2025-11-22 10:59:01+00:00,55.461962,10.936222,12925.452767208253,FEDERAL SUTTON,538004383,11.9
2025-11-22 10:59:01+00:00,55.461962,10.936222,12925.452767208253,FEDERAL SUTTON,538004383,11.9
2025-11-22 10:59:01+00:00,55.461962,10.936222,12925.452767208253,FEDERAL SUTTON,538004383,11.9
2025-11-22 10:59:10+00:00,55.462403,10.935643,12976.931862419528,FEDERAL SUTTON,538004383,11.9
2025-11-22 10:59:10+00:00,55.462403,10.935643,12976.931862419528,FEDERAL SUTTON,538004383,11.9
2025-11-22 10:59:10+00:00,55.462403,10.935643,12976.931862419528,FEDERAL SUTTON,538004383,11.9
2025-11-22 10:59:10+00:00,55.462403,10.935643,12976.931862419528,FEDERAL SUTTON,538004383,11.9
2025-11-22 10:59:11+00:00,55.448865,10.943913,11442.115054823826,DUSK,629009770,10.2
2025-11-22 10:59:20+00:00,55.462848,10.93507,13028.912646456583,FEDERAL SUTTON,538004383,12.0
2025-11-22 10:59:20+00:00,55.462848,10.93507,13028.912646456583,FEDERAL SUTTON,538004383,12.0
2025-11-22 10:59:20+00:00,55.462848,10.93507,13028.912646456583,FEDERAL SUTTON,538004383,12.0
2025-11-22 10:59:20+00:00,55.462848,10.93507,13028.912646456583,FEDERAL SUTTON,538004383,12.0
2025-11-22 10:59:29+00:00,55.449617,10.943093,11528.504679368192,DUSK,629009770,10.2
2025-11-22 10:59:30+00:00,55.46326,10.934592,13076.865397671305,FEDERAL SUTTON,538004383,11.9
2025-11-22 10:59:30+00:00,55.46326,10.934592,13076.865397671305,FEDERAL SUTTON,538004383,11.9
2025-11-22 10:59:40+00:00,55.463775,10.934048,13135.963844618354,FEDERAL SUTTON,538004383,11.9
2025-11-22 10:59:40+00:00,55.450013,10.942655,11574.028881893933,DUSK,629009770,10.2
2025-11-22 10:59:40+00:00,55.463775,10.934048,13135.963844618354,FEDERAL SUTTON,538004383,11.9
2025-11-22 10:59:50+00:00,55.464187,10.933578,13183.291553472744,FEDERAL SUTTON,538004383,11.9
2025-11-22 10:59:50+00:00,55.464187,10.933578,13183.291553472744,FEDERAL SUTTON,538004383,11.9
2025-11-22 10:59:50+00:00,55.464187,10.933578,13183.291553472744,FEDERAL SUTTON,538004383,11.9
2025-11-22 10:59:51+00:00,55.450415,10.942155,11620.439932166864,DUSK,629009770,10.2
2025-11-22 10:59:59+00:00,55.46459,10.933085,13229.72407827647,FEDERAL SUTTON,538004383,11.8
2025-11-22 10:59:59+00:00,55.46459,10.933085,13229.72407827647,FEDERAL SUTTON,538004383,11.8
2025-11-22 10:59:59+00:00,55.46459,10.933085,13229.72407827647,FEDERAL SUTTON,538004383,11.8
2025-11-22 10:59:59+00:00,55.46459,10.933085,13229.72407827647,FEDERAL SUTTON,538004383,11.8
2025-11-22 11:00:00+00:00,55.450788,10.941743,11663.336322406494,DUSK,629009770,10.2
